Item Fat Content,Item Identifier,Item Type,Outlet Establishment Year,Outlet Identifier,Outlet Location Type,Outlet Size,Outlet Type,Item Visibility,Item Weight,Sales,Rating,Outlet Age,Visibility Efficiency
Low Fat,FDG24,Baking Goods,2012,OUT049,Tier 1,Medium,Supermarket Type1,0.014653896,15.1,145.479,5,11,99.27667018
Regular,FDU12,Baking Goods,2022,OUT018,Tier 3,Medium,Supermarket Type2,0.075868843,11.8,115.349,5,1,15.20373785
Regular,FDZ47,Baking Goods,2016,OUT046,Tier 1,Small,Supermarket Type1,0.079419755,13.85,165.021,5,7,20.77833154
Regular,FDT24,Baking Goods,2014,OUT013,Tier 3,High,Supermarket Type1,0.18614827,12.15,126.505,5,9,6.795926709
Low Fat,FDP24,Baking Goods,2015,OUT045,Tier 2,Small,Supermarket Type1,0.083004078,19.6,55.1614,5,8,6.645625291
Regular,FDI12,Baking Goods,2020,OUT017,Tier 2,Small,Supermarket Type1,0.10039894,8.89,102.402,5,3,10.19951007
Regular,FDP12,Baking Goods,2011,OUT010,Tier 3,Small,Grocery Store,0.045266806,11.8,81.4618,5,12,17.99592399
Low Fat,FDT60,Baking Goods,2015,OUT045,Tier 2,Small,Supermarket Type1,0.075701524,19.7,96.0726,5,8,12.69097304
Low Fat,FDN24,Baking Goods,2014,OUT013,Tier 3,High,Supermarket Type1,0.11349714,20.75,124.173,5,9,10.94062811
Low Fat,FDX60,Baking Goods,2018,OUT027,Tier 3,Medium,Supermarket Type3,0.081050006,12.6,181.929,5,5,22.44651284
Regular,FDP48,Baking Goods,2018,OUT027,Tier 3,Medium,Supermarket Type3,0.044272226,12.6,109.891,5,5,24.82165681
Regular,FDI12,Baking Goods,2017,OUT035,Tier 2,Small,Supermarket Type1,0.100966837,18.85,192.185,5,6,19.03446772
Regular,FDY12,Baking Goods,2022,OUT018,Tier 3,Medium,Supermarket Type2,0.141406394,17.1,112.389,5,1,7.947943287
Regular,FDX48,Baking Goods,2014,OUT013,Tier 3,High,Supermarket Type1,0.038102203,16.35,195.211,5,9,51.23352054
Regular,FDV60,Baking Goods,2018,OUT027,Tier 3,Medium,Supermarket Type3,0.118025091,12.6,173.174,5,5,14.67264279
Low Fat,FDA23,Baking Goods,2017,OUT035,Tier 2,Small,Supermarket Type1,0.047178116,20.25,222.177,5,6,47.0932328
Low Fat,FDR60,Baking Goods,2022,OUT018,Tier 3,Medium,Supermarket Type2,0.130390458,17.85,93.7436,5,1,7.189452467
Low Fat,FDN60,Baking Goods,2012,OUT049,Tier 1,Medium,Supermarket Type1,0.095140088,19.2,197.611,5,11,20.77052945
Low Fat,FDU48,Baking Goods,2018,OUT027,Tier 3,Medium,Supermarket Type3,0.055347985,12.6,98.77,5,5,17.84527476
Low Fat,FDG60,Baking Goods,2022,OUT018,Tier 3,Medium,Supermarket Type2,0.060688248,12.1,178.566,5,1,29.42348904
Regular,FDR36,Baking Goods,2018,OUT027,Tier 3,Medium,Supermarket Type3,0.121563385,12.6,60.2194,5,5,4.953744913
Regular,FDL24,Baking Goods,2018,OUT027,Tier 3,Medium,Supermarket Type3,0.024891881,12.6,50.9666,5,5,20.47519028
Regular,FDM36,Baking Goods,2022,OUT018,Tier 3,Medium,Supermarket Type2,0.058719726,6.85,261.659,5,1,44.56066433
Low Fat,FDR48,Baking Goods,2022,OUT018,Tier 3,Medium,Supermarket Type2,0.220111117,17.25,173.176,5,1,7.867662586
Regular,FDC60,Baking Goods,2020,OUT017,Tier 2,Medium,Supermarket Type1,0.191603334,16,76.1986,5,3,3.97689322
Regular,FDJ36,Baking Goods,2020,OUT017,Tier 2,Medium,Supermarket Type1,0.214681063,13.35,150.239,5,3,6.998241852
Low Fat,FDW23,Baking Goods,2017,OUT035,Tier 2,Small,Supermarket Type1,0.081944045,6.695,221.946,5,6,27.08506762
Low Fat,FDN60,Baking Goods,2018,OUT027,Tier 3,Medium,Supermarket Type3,0.095545715,12.6,47.4034,5,5,4.961331861
Regular,FDE36,Baking Goods,2016,OUT046,Tier 1,Small,Supermarket Type1,0.062343432,16.6,57.2614,5,7,9.184832814
Regular,FDG12,Baking Goods,2012,OUT049,Tier 1,Medium,Supermarket Type1,0.006295472,6.92,93.1804,5,11,148.0117774
Regular,FDU24,Baking Goods,2016,OUT046,Tier 1,Small,Supermarket Type1,0.139484292,5.82,167.779,5,7,12.0285229
Regular,FDQ36,Baking Goods,2014,OUT013,Tier 3,High,Supermarket Type1,0.062343432,14.8,196.379,5,9,31.49954914
Regular,FDY11,Baking Goods,2014,OUT013,Tier 3,High,Supermarket Type1,0.029680868,10.1,59.9878,5,9,20.21093184
Regular,FDR36,Baking Goods,2014,OUT013,Tier 3,High,Supermarket Type1,0.121485195,7.67,35.4216,5,9,2.91571331
Low Fat,FDD36,Baking Goods,2020,OUT017,Tier 2,Medium,Supermarket Type1,0.021170542,15.6,174.305,5,3,82.33374469
Low Fat,FDQ12,Baking Goods,2014,OUT013,Tier 3,High,Supermarket Type1,0.061999648,9.31,61.651,5,9,9.943766132
Low Fat,FDQ24,Baking Goods,2015,OUT045,Tier 2,Medium,Supermarket Type1,0.073816097,11.8,46.8402,5,8,6.345526505
Regular,FDJ36,Baking Goods,2015,OUT045,Tier 2,Medium,Supermarket Type1,0.128520186,13.15,88.6856,5,8,6.900519114
Low Fat,FDK24,Baking Goods,2012,OUT049,Tier 1,Medium,Supermarket Type1,0.101275792,16.25,126.205,5,11,12.46151696
Low Fat,FDW24,Baking Goods,2016,OUT046,Tier 1,Small,Supermarket Type1,0.062762374,13.85,119.612,5,7,19.05791518
Low Fat,FDH48,Baking Goods,2014,OUT013,Tier 3,High,Supermarket Type1,0.101231721,6.75,95.6752,5,9,9.451108709
Low Fat,FDS12,Baking Goods,2018,OUT027,Tier 3,Medium,Supermarket Type3,0.175103435,12.6,62.9536,5,5,3.595223589
Regular,FDZ47,Baking Goods,2015,OUT045,Tier 2,Medium,Supermarket Type1,0.078912473,10.5,159.095,5,8,20.16094465
Low Fat,FDD48,Baking Goods,2012,OUT049,Tier 1,Medium,Supermarket Type1,0.030219852,9.3,104.296,5,11,34.51241257
Regular,FDR36,Baking Goods,2011,OUT010,Tier 3,Medium,Grocery Store,0.121832956,20.75,150.568,5,12,12.35856085
Low Fat,FDO24,Baking Goods,2014,OUT013,Tier 3,High,Supermarket Type1,0.176069023,19.2,239.22,5,9,13.58671707
Low Fat,FDQ24,Baking Goods,2017,OUT035,Tier 2,Small,Supermarket Type1,0.073605395,18.1,127.334,5,6,17.29954713
Regular,FDY12,Baking Goods,2012,OUT049,Tier 1,Medium,Supermarket Type1,0.062343432,17.5,256.33,5,11,41.11579869
Low Fat,FDK24,Baking Goods,2012,OUT049,Tier 1,Medium,Supermarket Type1,0.10080442,10.5,235.525,5,11,23.36455088
Low Fat,FDN48,Baking Goods,2012,OUT049,Tier 1,Medium,Supermarket Type1,0.113720344,7.975,82.425,5,11,7.248043499
Regular,FDJ60,Baking Goods,2012,OUT049,Tier 1,Medium,Supermarket Type1,0.062655235,10,264.623,5,11,42.23477895
Regular,FDP48,Baking Goods,2012,OUT049,Tier 1,Medium,Supermarket Type1,0.044091657,10.1,114.915,5,11,26.06275378
Regular,FDA35,Baking Goods,2012,OUT049,Tier 1,Medium,Supermarket Type1,0.053921264,8.93,152.234,5,11,28.23264677
Regular,FDU24,Baking Goods,2012,OUT049,Tier 1,Medium,Supermarket Type1,0.140163038,7.3,147.208,5,11,10.50262623
Low Fat,FDP60,Baking Goods,2012,OUT049,Tier 1,Medium,Supermarket Type1,0.056235142,7.93,122.141,5,11,21.71969264
Regular,FDG12,Baking Goods,2012,OUT049,Tier 1,Medium,Supermarket Type1,0.00636189,15.35,62.7168,5,11,98.58202515
Low Fat,FDG60,Baking Goods,2012,OUT049,Tier 1,Medium,Supermarket Type1,0.060649213,19.35,120.91,5,11,19.93595531
Regular,FDX36,Baking Goods,2012,OUT049,Tier 1,Medium,Supermarket Type1,0.128176489,9.5,111.123,5,11,8.66953065
Regular,FDB36,Baking Goods,2012,OUT049,Tier 1,Medium,Supermarket Type1,0.062343432,10.5,39.2164,5,11,6.29038196
Low Fat,FDR60,Baking Goods,2012,OUT049,Tier 1,Medium,Supermarket Type1,0.131152799,15.6,111.952,5,11,8.535997772
Low Fat,FDZ60,Baking Goods,2012,OUT049,Tier 1,Medium,Supermarket Type1,0.119547387,5.88,153.9,5,11,12.87355616
Low Fat,FDQ12,Baking Goods,2012,OUT049,Tier 1,Medium,Supermarket Type1,0.035410748,8.88,153.368,5,11,43.31114384
Low Fat,FDR48,Baking Goods,2012,OUT049,Tier 1,Medium,Supermarket Type1,0.131770922,10.6,84.7224,5,11,6.429521682
Low Fat,FDL36,Baking Goods,2012,OUT049,Tier 1,Medium,Supermarket Type1,0.076229769,6.13,110.091,5,11,14.44199575
Low Fat,FDR48,Baking Goods,2012,OUT049,Tier 1,Medium,Supermarket Type1,0.132248069,6.38,144.947,5,11,10.96023565
Low Fat,FDO12,Baking Goods,2012,OUT049,Tier 1,Medium,Supermarket Type1,0.055241242,9.195,107.762,5,11,19.50752664
Regular,FDM12,Baking Goods,2012,OUT049,Tier 1,Medium,Supermarket Type1,0.070312473,11.3,180.766,5,11,25.70895209
Regular,FDI48,Baking Goods,2012,OUT049,Tier 1,Medium,Supermarket Type1,0.062343432,12.6,186.956,5,11,29.98808279
Regular,FDT12,Baking Goods,2012,OUT049,Tier 1,Medium,Supermarket Type1,0.083056555,17.25,253.472,5,11,30.51800066
Regular,FDW12,Baking Goods,2012,OUT049,Tier 1,Medium,Supermarket Type1,0.059540542,19.1,41.9796,5,11,7.050590839
Low Fat,FDH48,Baking Goods,2012,OUT049,Tier 1,Medium,Supermarket Type1,0.062343432,9.8,126.302,5,11,20.25907076
Low Fat,FDN12,Baking Goods,2012,OUT049,Tier 1,Medium,Supermarket Type1,0.062343432,7.905,249.641,5,11,40.04287092
Regular,FDF24,Baking Goods,2012,OUT049,Tier 1,Medium,Supermarket Type1,0.02524761,10.8,239.222,5,11,94.75035459
Low Fat,FDW24,Baking Goods,2012,OUT049,Tier 1,Medium,Supermarket Type1,0.037315469,12.1,147.573,5,11,39.54740593
Low Fat,FDI24,Baking Goods,2012,OUT049,Tier 1,Medium,Supermarket Type1,0.078362484,15.5,261.757,5,11,33.40335664
Low Fat,FDG24,Baking Goods,2012,OUT049,Tier 1,Medium,Supermarket Type1,0.014618973,20.7,99.8042,5,11,68.27032241
Low Fat,FDX23,Baking Goods,2012,OUT049,Tier 1,Medium,Supermarket Type1,0.029691762,8,247.409,5,11,83.32580599
Low Fat,FDA36,Baking Goods,2012,OUT049,Tier 1,Medium,Supermarket Type1,0.005677876,19.5,85.554,5,11,150.6795851
Regular,FDJ12,Baking Goods,2012,OUT049,Tier 1,Medium,Supermarket Type1,0.039101813,14,145.479,5,11,37.20518023
Regular,FDX11,Baking Goods,2012,OUT049,Tier 1,Medium,Supermarket Type1,0.106918052,20.25,194.279,5,11,18.17083237
Regular,FDJ60,Baking Goods,2012,OUT049,Tier 1,Medium,Supermarket Type1,0.062625641,11.3,257.296,5,11,41.0847691
Regular,FDB37,Baking Goods,2012,OUT049,Tier 1,Medium,Supermarket Type1,0.022976493,11.6,172.411,5,11,75.03799644
Low Fat,FDX24,Baking Goods,2012,OUT049,Tier 1,Medium,Supermarket Type1,0.024387984,16,87.0856,5,11,35.7084046
Low Fat,FDP60,Baking Goods,2012,OUT049,Tier 1,Medium,Supermarket Type1,0.062343432,10.195,197.111,5,11,31.61696328
Low Fat,FDZ48,Baking Goods,2012,OUT049,Tier 1,Medium,Supermarket Type1,0.075959623,13.65,37.9532,5,11,4.996496626
Low Fat,FDA23,Baking Goods,2012,OUT049,Tier 1,Medium,Supermarket Type1,0.047453947,9.6,259.23,5,11,54.62770041
Low Fat,FDT36,Baking Goods,2012,OUT049,Tier 1,Medium,Supermarket Type1,0.111500259,10.695,73.5038,5,11,6.592253745
Low Fat,FDQ12,Baking Goods,2012,OUT049,Tier 1,Medium,Supermarket Type1,0.035482562,12.3,59.1562,5,11,16.67190774
Low Fat,FDK48,Baking Goods,2012,OUT049,Tier 1,Medium,Supermarket Type1,0.037845086,11.395,50.3034,5,11,13.29192382
Low Fat,FDH48,Baking Goods,2012,OUT049,Tier 1,Medium,Supermarket Type1,0.06082246,12.35,78.2328,5,11,12.86248534
Regular,FDT12,Baking Goods,2012,OUT049,Tier 1,Medium,Supermarket Type1,0.049722335,20.7,94.9436,5,11,19.09475892
Regular,FDA47,Baking Goods,2018,OUT019,Tier 1,Small,Grocery Store,0.11733375,12.6,108.228,5,5,9.223944517
Regular,FDL12,Baking Goods,2018,OUT019,Tier 1,Small,Grocery Store,0.121609722,12.6,120.544,5,5,9.912365395
Regular,FDZ59,Baking Goods,2018,OUT019,Tier 1,Small,Grocery Store,0.174110803,12.6,263.188,5,5,15.1161212
Low Fat,FDK36,Baking Goods,2018,OUT019,Tier 1,Small,Grocery Store,0.00720931,12.6,109.723,5,5,152.1962573
Low Fat,FDS48,Baking Goods,2018,OUT019,Tier 1,Small,Grocery Store,0.027756137,12.6,150.373,5,5,54.17648717
Regular,FDJ12,Baking Goods,2018,OUT019,Tier 1,Small,Grocery Store,0.039008625,12.6,167.547,5,5,42.95127039
Regular,FDV48,Baking Goods,2018,OUT019,Tier 1,Small,Grocery Store,0.051827123,12.6,148.273,5,5,28.60915124
Regular,FDK60,Baking Goods,2018,OUT019,Tier 1,Small,Grocery Store,0.094246644,12.6,123.473,5,5,13.10105005
Regular,FDL12,Baking Goods,2018,OUT019,Tier 1,Small,Grocery Store,0.121531501,12.6,145.976,5,5,12.01137144
Regular,FDV60,Baking Goods,2018,OUT019,Tier 1,Small,Grocery Store,0.11679292,12.6,210.524,5,5,18.0254077
Regular,FDR24,Baking Goods,2018,OUT019,Tier 1,Small,Grocery Store,0.062979148,12.6,189.753,5,5,30.12949619
Low Fat,FDQ24,Baking Goods,2018,OUT019,Tier 1,Small,Grocery Store,0.12898088,12.6,244.346,5,5,18.94435826
Low Fat,FDU36,Baking Goods,2018,OUT019,Tier 1,Small,Grocery Store,0.046342889,12.6,194.711,5,5,42.01529171
Regular,FDU24,Baking Goods,2018,OUT019,Tier 1,Small,Grocery Store,0.062343432,12.6,167.784,5,5,26.91285908
Regular,FDV48,Baking Goods,2018,OUT019,Tier 1,Small,Grocery Store,0.051697108,12.6,140.318,5,5,27.14233067
Regular,FDI12,Baking Goods,2018,OUT019,Tier 1,Small,Grocery Store,0.100555034,12.6,34.2216,5,5,3.403270691
Regular,FDI48,Baking Goods,2018,OUT019,Tier 1,Small,Grocery Store,0.055805027,12.6,232.73,5,5,41.7041282
Low Fat,FDO36,Baking Goods,2018,OUT019,Tier 1,Small,Grocery Store,0.136417078,12.6,107.162,5,5,7.855468067
Low Fat,FDU36,Baking Goods,2018,OUT019,Tier 1,Small,Grocery Store,0.081014461,12.6,179.198,5,5,22.11926091
Low Fat,FDZ60,Baking Goods,2018,OUT019,Tier 1,Small,Grocery Store,0.208987123,12.6,101.399,5,5,4.851925733
Regular,FDU24,Baking Goods,2018,OUT019,Tier 1,Small,Grocery Store,0.245407386,12.6,173.874,5,5,7.085116827
Low Fat,FDW24,Baking Goods,2018,OUT019,Tier 1,Small,Grocery Store,0.03749705,12.6,103.767,5,5,27.67337697
Low Fat,FDT36,Baking Goods,2018,OUT019,Tier 1,Small,Grocery Store,0.111274591,12.6,83.7566,5,5,7.527019353
Low Fat,FDS60,Baking Goods,2016,OUT046,Tier 1,Small,Supermarket Type1,0.032448523,20.6,119.476,5,7,36.8201659
Regular,FDP48,Baking Goods,2016,OUT046,Tier 1,Small,Supermarket Type1,0.044023213,6.425,115.881,5,7,26.32270389
Regular,FDW12,Baking Goods,2016,OUT046,Tier 1,Small,Supermarket Type1,0.035572183,7,107.728,5,7,30.28433762
Regular,FDM36,Baking Goods,2016,OUT046,Tier 1,Small,Supermarket Type1,0.058730831,16.5,208.864,5,7,35.56292265
Regular,FDU12,Baking Goods,2016,OUT046,Tier 1,Small,Supermarket Type1,0.07575107,8.93,154.534,5,7,20.40023989
Low Fat,FDA48,Baking Goods,2016,OUT046,Tier 1,Small,Supermarket Type1,0.115107028,12.6,36.1874,5,7,3.143804564
Low Fat,FDE24,Baking Goods,2016,OUT046,Tier 1,Small,Supermarket Type1,0.093652168,17.5,264.491,5,7,28.24184487
Low Fat,FDW48,Baking Goods,2016,OUT046,Tier 1,Small,Supermarket Type1,0.008558144,13.1,175.505,5,7,205.0736702
Low Fat,FDK36,Baking Goods,2016,OUT046,Tier 1,Small,Supermarket Type1,0.007256127,16.1,252.336,5,7,347.7557656
Low Fat,FDV36,Baking Goods,2016,OUT046,Tier 1,Small,Supermarket Type1,0.026450779,15,140.284,5,7,53.03586711
Regular,FDE36,Baking Goods,2016,OUT046,Tier 1,Small,Supermarket Type1,0.042008667,17.6,234.659,5,7,55.85966344
Regular,FDM24,Baking Goods,2016,OUT046,Tier 1,Small,Supermarket Type1,0.079776075,16.35,198.211,5,7,24.84592028
Regular,FDY11,Baking Goods,2016,OUT046,Tier 1,Small,Supermarket Type1,0.029727657,17.6,182.698,5,7,61.45724838
Regular,FDY24,Baking Goods,2016,OUT046,Tier 1,Small,Supermarket Type1,0.062343432,19.25,32.4558,5,7,5.205969412
Low Fat,FDN12,Baking Goods,2016,OUT046,Tier 1,Small,Supermarket Type1,0.13575135,20.35,76.1328,5,7,5.60825362
Low Fat,FDO60,Baking Goods,2016,OUT046,Tier 1,Small,Supermarket Type1,0.057527544,6.17,65.9826,5,7,11.46974048
Regular,FDB49,Baking Goods,2016,OUT046,Tier 1,Small,Supermarket Type1,0.05046718,16.35,165.784,5,7,32.84986401
Regular,FDY12,Baking Goods,2016,OUT046,Tier 1,Small,Supermarket Type1,0.235354055,17.7,182.627,5,7,7.75967085
Low Fat,FDR48,Baking Goods,2016,OUT046,Tier 1,Small,Supermarket Type1,0.131394793,17.85,122.807,5,7,9.346412989
Regular,FDT12,Baking Goods,2016,OUT046,Tier 1,Small,Supermarket Type1,0.049580407,18.6,161.024,5,7,32.47734534
Regular,FDZ59,Baking Goods,2016,OUT046,Tier 1,Small,Supermarket Type1,0.103935018,19.6,166.153,5,7,15.98623863
Regular,FDY11,Baking Goods,2016,OUT046,Tier 1,Small,Supermarket Type1,0.029535852,13.85,143.315,5,7,48.52238561
Regular,FDI48,Baking Goods,2016,OUT046,Tier 1,Small,Supermarket Type1,0.055672032,15.85,58.7904,5,7,10.56013188
Low Fat,FDH48,Baking Goods,2016,OUT046,Tier 1,Small,Supermarket Type1,0.062343432,9.395,89.6856,5,7,14.38573353
Low Fat,FDL36,Baking Goods,2016,OUT046,Tier 1,Small,Supermarket Type1,0.076385385,9.8,36.9874,5,7,4.842209017
Low Fat,FDZ48,Baking Goods,2016,OUT046,Tier 1,Small,Supermarket Type1,0.07626905,21.1,130.499,5,7,17.11034817
Low Fat,FDO60,Baking Goods,2016,OUT046,Tier 1,Small,Supermarket Type1,0.062343432,8.1,88.6198,5,7,14.21477727
Regular,FDX48,Baking Goods,2016,OUT046,Tier 1,Small,Supermarket Type1,0.038042233,11.35,182.561,5,7,47.98903366
Low Fat,FDX60,Baking Goods,2016,OUT046,Tier 1,Small,Supermarket Type1,0.080203852,9.195,53.1666,5,7,6.628933483
Low Fat,FDE24,Baking Goods,2016,OUT046,Tier 1,Small,Supermarket Type1,0.093010026,11.5,100.836,5,7,10.84141187
Low Fat,FDJ48,Baking Goods,2016,OUT046,Tier 1,Small,Supermarket Type1,0.056161529,19.6,49.9376,5,7,8.891780706
Low Fat,FDO60,Baking Goods,2016,OUT046,Tier 1,Small,Supermarket Type1,0.034203092,9.195,106.36,5,7,31.09660378
Low Fat,FDR48,Baking Goods,2016,OUT046,Tier 1,Small,Supermarket Type1,0.130867413,7.42,184.658,5,7,14.11031179
Low Fat,FDW24,Baking Goods,2016,OUT046,Tier 1,Small,Supermarket Type1,0.065652494,17.35,150.405,5,7,22.90925917
Low Fat,FDK24,Baking Goods,2016,OUT046,Tier 1,Small,Supermarket Type1,0.062343432,5.34,99.5358,5,7,15.96572354
Regular,FDL48,Baking Goods,2016,OUT046,Tier 1,Small,Supermarket Type1,0.082197959,6.385,37.1874,5,7,4.524126931
Low Fat,FDA23,Baking Goods,2015,OUT045,Tier 2,Medium,Supermarket Type1,0.047187038,17.25,171.576,5,8,36.36083282
Regular,FDL24,Baking Goods,2020,OUT017,Tier 2,Medium,Supermarket Type1,0.024776026,12.15,39.1506,5,3,15.80180776
Low Fat,FDZ12,Baking Goods,2020,OUT017,Tier 2,Medium,Supermarket Type1,0.103138922,15.35,91.912,5,3,8.911475728
Low Fat,FDA23,Baking Goods,2015,OUT045,Tier 2,Medium,Supermarket Type1,0.047260402,12,124.639,5,8,26.37281841
Low Fat,FDO12,Baking Goods,2015,OUT045,Tier 2,Medium,Supermarket Type1,0.055015935,14.1,56.1956,5,8,10.21442242
Low Fat,FDH24,Baking Goods,2015,OUT045,Tier 2,Medium,Supermarket Type1,0.021464454,8.06,232.033,5,8,108.1010493
Regular,FDB49,Baking Goods,2015,OUT045,Tier 2,Medium,Supermarket Type1,0.030198228,14.1,140.25,5,8,46.44312242
Low Fat,FDO24,Baking Goods,2015,OUT045,Tier 2,Medium,Supermarket Type1,0.062343432,19.2,89.7488,5,8,14.39587092
Low Fat,FDK24,Baking Goods,2015,OUT045,Tier 2,Medium,Supermarket Type1,0.177354373,13.8,247.48,5,8,13.95398353
Low Fat,FDN60,Baking Goods,2015,OUT045,Tier 2,Medium,Supermarket Type1,0.166609517,9.065,96.0094,5,8,5.762539963
Low Fat,FDW36,Baking Goods,2015,OUT045,Tier 2,Medium,Supermarket Type1,0.099681705,14.3,83.6224,5,8,8.388941582
Low Fat,FDZ12,Baking Goods,2015,OUT045,Tier 2,Medium,Supermarket Type1,0.102978817,5.98,146.142,5,8,14.19146231
Regular,FDS36,Baking Goods,2015,OUT045,Tier 2,Medium,Supermarket Type1,0.04688734,10.5,36.8164,5,8,7.852098242
Regular,FDJ60,Baking Goods,2015,OUT045,Tier 2,Medium,Supermarket Type1,0.062528426,13.1,175.805,5,8,28.11601239
Regular,FDB37,Baking Goods,2015,OUT045,Tier 2,Medium,Supermarket Type1,0.022940826,14.7,48.6034,5,8,21.1864211
Low Fat,FDK48,Baking Goods,2015,OUT045,Tier 2,Medium,Supermarket Type1,0.037708542,17.5,184.827,5,8,49.0146238
Low Fat,FDZ48,Baking Goods,2015,OUT045,Tier 2,Medium,Supermarket Type1,0.076113671,19.1,233.896,5,8,30.72982776
Low Fat,FDP24,Baking Goods,2015,OUT045,Tier 2,Medium,Supermarket Type1,0.083172413,19.85,125.602,5,8,15.10140147
Low Fat,FDJ48,Baking Goods,2015,OUT045,Tier 2,Small,Supermarket Type1,0.056754036,9.8,116.449,5,8,20.51818835
Low Fat,FDH24,Baking Goods,2015,OUT045,Tier 2,Small,Supermarket Type1,0.021552357,10.8,190.021,5,8,88.16715499
Regular,FDL24,Baking Goods,2015,OUT045,Tier 2,Small,Supermarket Type1,0.02494708,11.8,79.1618,5,8,31.73189006
Regular,FDT24,Baking Goods,2015,OUT045,Tier 2,Small,Supermarket Type1,0.186236236,5.88,148.439,5,8,7.970468218
Low Fat,FDW23,Baking Goods,2015,OUT045,Tier 2,Small,Supermarket Type1,0.081996785,6.775,84.625,5,8,10.32052659
Regular,FDP12,Baking Goods,2015,OUT045,Tier 2,Small,Supermarket Type1,0.045258247,8.42,216.419,5,8,47.81868816
Regular,FDF24,Baking Goods,2015,OUT045,Tier 2,Small,Supermarket Type1,0.02536567,10,251.675,5,8,99.21874723
Regular,FDB37,Baking Goods,2015,OUT045,Tier 2,Small,Supermarket Type1,0.022936488,19.1,173.942,5,8,75.83637042
Low Fat,FDP24,Baking Goods,2015,OUT045,Tier 2,Small,Supermarket Type1,0.13893181,19.75,104.233,5,8,7.502457501
Regular,FDI60,Baking Goods,2015,OUT045,Tier 2,Small,Supermarket Type1,0.064141866,12.85,172.442,5,8,26.88446887
Regular,FDX48,Baking Goods,2015,OUT045,Tier 2,Small,Supermarket Type1,0.063416566,16,142.65,5,8,22.49412243
Low Fat,FDN12,Baking Goods,2015,OUT045,Tier 2,Small,Supermarket Type1,0.081036436,5,189.853,5,8,23.42810338
Regular,FDV48,Baking Goods,2015,OUT045,Tier 2,Small,Supermarket Type1,0.051573903,5.73,188.19,5,8,36.48938495
Regular,FDT24,Baking Goods,2015,OUT045,Tier 2,Small,Supermarket Type1,0.185704641,7.81,246.049,5,8,13.24948039
Regular,FDR12,Baking Goods,2020,OUT017,Tier 2,Small,Supermarket Type1,0.03150851,14.35,79.196,5,3,25.13479692
Regular,FDS24,Baking Goods,2020,OUT017,Tier 2,Small,Supermarket Type1,0.062172698,6.465,266.888,5,3,42.92688086
Low Fat,FDZ12,Baking Goods,2020,OUT017,Tier 2,Small,Supermarket Type1,0.103398309,15.85,94.4094,5,3,9.130652224
Low Fat,FDN48,Baking Goods,2020,OUT017,Tier 2,Small,Supermarket Type1,0.065215312,19.85,264.588,5,3,40.57145353
Low Fat,FDO12,Baking Goods,2020,OUT017,Tier 2,Small,Supermarket Type1,0.055154296,7.5,239.691,5,3,43.45826479
Regular,FDO48,Baking Goods,2020,OUT017,Tier 2,Small,Supermarket Type1,0.026950104,12.3,191.216,5,3,70.95185978
Low Fat,FDN24,Baking Goods,2020,OUT017,Tier 2,Small,Supermarket Type1,0.112718928,18.6,243.68,5,3,21.61837451
Low Fat,FDA23,Baking Goods,2020,OUT017,Tier 2,Small,Supermarket Type1,0.046958533,7.72,79.1986,5,3,16.86564612
Low Fat,FDA36,Baking Goods,2020,OUT017,Tier 2,Small,Supermarket Type1,0.005638944,8.185,49.9692,5,3,88.61446398
Low Fat,FDK48,Baking Goods,2020,OUT017,Tier 2,Small,Supermarket Type1,0.037449987,16.35,50.8324,5,3,13.57340925
Low Fat,FDZ60,Baking Goods,2020,OUT017,Tier 2,Small,Supermarket Type1,0.118783796,9.5,223.509,5,3,18.8164554
Regular,FDA35,Baking Goods,2020,OUT017,Tier 2,Small,Supermarket Type1,0.05357685,12.1,178.366,5,3,33.29161755
Regular,FDM24,Baking Goods,2020,OUT017,Tier 2,Small,Supermarket Type1,0.078943221,16.6,173.342,5,3,21.95780686
Regular,FDU12,Baking Goods,2020,OUT017,Tier 2,Small,Supermarket Type1,0.075384242,5.175,33.5874,5,3,4.455493497
Regular,FDW12,Baking Goods,2020,OUT017,Tier 2,Small,Supermarket Type1,0.035399923,5.4,163.053,5,3,46.06026968
Regular,FDC60,Baking Goods,2020,OUT017,Tier 2,Small,Supermarket Type1,0.115119905,11.395,149.271,5,3,12.96656734
Regular,FDR24,Baking Goods,2020,OUT017,Tier 2,Small,Supermarket Type1,0.062799379,18.75,108.128,5,3,17.21800466
Low Fat,FDX60,Baking Goods,2020,OUT017,Tier 2,Small,Supermarket Type1,0.08075758,6.36,163.053,5,3,20.19042671
Regular,FDM60,Baking Goods,2020,OUT017,Tier 2,High,Supermarket Type1,0.048143292,14.6,179.698,5,3,37.32565692
Regular,FDP48,Baking Goods,2020,OUT017,Tier 2,High,Supermarket Type1,0.043810028,20.25,246.446,5,3,56.25333086
Regular,FDM36,Baking Goods,2020,OUT017,Tier 2,High,Supermarket Type1,0.058446424,20.7,73.9354,5,3,12.65011526
Low Fat,FDZ48,Baking Goods,2020,OUT017,Tier 2,High,Supermarket Type1,0.07607772,19.35,173.874,5,3,22.85478587
Low Fat,FDL36,Baking Goods,2020,OUT017,Tier 2,High,Supermarket Type1,0.076193763,21.25,183.161,5,3,24.03884423
Regular,FDG12,Baking Goods,2020,OUT017,Tier 2,High,Supermarket Type1,0.006335942,13.1,190.253,5,3,300.2757917
Regular,FDJ36,Baking Goods,2020,OUT017,Tier 2,High,Supermarket Type1,0.128459481,17.75,108.891,5,3,8.476680674
Regular,FDB49,Baking Goods,2020,OUT017,Tier 2,High,Supermarket Type1,0.052791124,15.2,227.235,5,3,43.0441678
Regular,FDR12,Baking Goods,2020,OUT017,Tier 2,High,Supermarket Type1,0.055213281,18.2,139.818,5,3,25.32325511
Low Fat,FDY48,Baking Goods,2020,OUT017,Tier 2,High,Supermarket Type1,0.023734872,18.6,188.99,5,3,79.62545574
Low Fat,FDN24,Baking Goods,2015,OUT045,Tier 2,High,Supermarket Type1,0.11326743,5.46,187.624,5,8,16.56469119
Low Fat,FDO60,Baking Goods,2015,OUT045,Tier 2,High,Supermarket Type1,0.034369528,8.42,227.635,5,8,66.23163402
Low Fat,FDG60,Baking Goods,2015,OUT045,Tier 2,High,Supermarket Type1,0.060699725,14,52.364,5,8,8.626727716
Regular,FDQ48,Baking Goods,2015,OUT045,Tier 2,High,Supermarket Type1,0.034411238,17.2,165.718,5,8,48.15810463
Low Fat,FDA11,Baking Goods,2015,OUT045,Tier 2,High,Supermarket Type1,0.043326511,11.35,88.9856,5,8,20.53837199
Low Fat,FDV24,Baking Goods,2015,OUT045,Tier 2,High,Supermarket Type1,0.103481775,14,146.379,5,8,14.14538937
Low Fat,FDX24,Baking Goods,2015,OUT045,Tier 2,High,Supermarket Type1,0.013957308,20,128.068,5,8,91.75694912
Low Fat,FDN60,Baking Goods,2015,OUT045,Tier 2,High,Supermarket Type1,0.095696334,20.1,152.237,5,8,15.9083419
Low Fat,FDP24,Baking Goods,2015,OUT045,Tier 2,High,Supermarket Type1,0.083473583,7.35,241.351,5,8,28.91345876
Regular,FDS36,Baking Goods,2015,OUT045,Tier 2,High,Supermarket Type1,0.047152554,10.1,222.909,5,8,47.27400344
Regular,FDV48,Baking Goods,2015,OUT045,Tier 2,High,Supermarket Type1,0.051908824,5.15,122.139,5,8,23.52952554
Regular,FDL48,Baking Goods,2015,OUT045,Tier 2,High,Supermarket Type1,0.082731751,6.61,186.49,5,8,22.54152701
Low Fat,FDW24,Baking Goods,2015,OUT045,Tier 2,High,Supermarket Type1,0.03748996,10.3,84.854,5,8,22.63379315
Low Fat,FDO60,Baking Goods,2015,OUT045,Tier 2,High,Supermarket Type1,0.034363029,10.5,167.184,5,8,48.65228848
Low Fat,FDS60,Baking Goods,2015,OUT045,Tier 2,High,Supermarket Type1,0.032442388,13.5,262.191,5,8,80.81741702
Regular,FDR24,Baking Goods,2020,OUT017,Tier 2,High,Supermarket Type1,0.062839798,7.52,181.395,5,3,28.86626084
Regular,FDZ23,Baking Goods,2020,OUT017,Tier 2,High,Supermarket Type1,0.067490036,9.395,86.8856,5,3,12.87384111
Regular,FDY60,Baking Goods,2020,OUT017,Tier 2,High,Supermarket Type1,0.044139551,9.8,50.0008,5,3,11.32789049
Regular,FDX12,Baking Goods,2020,OUT017,Tier 2,High,Supermarket Type1,0.043626605,17.75,154.066,5,3,35.31468928
Regular,FDV60,Baking Goods,2020,OUT017,Tier 2,High,Supermarket Type1,0.196438668,20.2,195.811,5,3,9.968047635
Low Fat,FDU36,Baking Goods,2020,OUT017,Tier 2,High,Supermarket Type1,0.046232445,7.155,35.2874,5,3,7.632605197
Regular,FDY24,Baking Goods,2020,OUT017,Tier 2,High,Supermarket Type1,0.133382115,7.84,50.835,5,3,3.811230614
Regular,FDW12,Baking Goods,2020,OUT017,Tier 2,High,Supermarket Type1,0.035542581,9.195,50.8666,5,3,14.31145363
Regular,FDS36,Baking Goods,2020,OUT017,Tier 2,High,Supermarket Type1,0.046848322,10.195,141.584,5,3,30.22178681
Low Fat,FDT36,Baking Goods,2020,OUT017,Tier 2,High,Supermarket Type1,0.111727876,16.1,35.1558,5,3,3.146555834
Low Fat,FDR48,Baking Goods,2020,OUT017,Tier 2,Medium,Supermarket Type1,0.062343432,8.77,170.542,5,3,27.3552473
Low Fat,FDE24,Baking Goods,2020,OUT017,Tier 2,Medium,Supermarket Type1,0.09384335,17.25,61.5194,5,3,6.555541762
Low Fat,FDZ60,Baking Goods,2020,OUT017,Tier 2,Medium,Supermarket Type1,0.119848041,12.35,197.243,5,3,16.45775754
Low Fat,FDS60,Baking Goods,2020,OUT017,Tier 2,Medium,Supermarket Type1,0.032580705,13.65,36.6532,5,3,11.24997142
Regular,FDY24,Baking Goods,2020,OUT017,Tier 2,Medium,Supermarket Type1,0.134037,18.6,47.1376,5,3,3.516760298
Regular,FDE36,Baking Goods,2020,OUT017,Tier 2,Medium,Supermarket Type1,0.041942549,19.35,167.082,5,3,39.83591937
Regular,FDQ36,Baking Goods,2020,OUT017,Tier 2,Medium,Supermarket Type1,0.162205516,7.645,44.0112,5,3,2.713298603
Regular,FDS24,Baking Goods,2020,OUT017,Tier 2,Medium,Supermarket Type1,0.062477955,13.15,89.4856,5,3,14.32274792
Regular,FDL12,Baking Goods,2020,OUT017,Tier 2,Medium,Supermarket Type1,0.121043709,19.2,226.606,5,3,18.72100598
Low Fat,FDO24,Baking Goods,2020,OUT017,Tier 2,Medium,Supermarket Type1,0.176573035,16.75,34.0532,5,3,1.928561742
Regular,FDF24,Baking Goods,2020,OUT017,Tier 2,Medium,Supermarket Type1,0.042464962,11.35,197.074,5,3,46.40861329
Low Fat,FDN48,Baking Goods,2020,OUT017,Tier 2,Medium,Supermarket Type1,0.064636203,12.15,190.687,5,3,29.50157824
Regular,FDQ48,Baking Goods,2020,OUT017,Tier 2,Medium,Supermarket Type1,0.034404732,6.385,34.3874,5,3,9.994962321
Low Fat,FDO36,Baking Goods,2017,OUT035,Tier 2,Small,Supermarket Type1,0.07753654,7.27,114.452,5,6,14.76104041
Regular,FDL48,Baking Goods,2017,OUT035,Tier 2,Small,Supermarket Type1,0.137697119,9.8,99.4016,5,6,7.21885837
Low Fat,FDC37,Baking Goods,2017,OUT035,Tier 2,Small,Supermarket Type1,0.032924463,14.3,77.2328,5,6,23.45757317
Low Fat,FDL36,Baking Goods,2017,OUT035,Tier 2,Small,Supermarket Type1,0.133198355,15.1,159.96,5,6,12.00915732
Regular,FDL12,Baking Goods,2017,OUT035,Tier 2,Small,Supermarket Type1,0.212963193,18.85,131.528,5,6,6.17609072
Regular,FDM36,Baking Goods,2017,OUT035,Tier 2,Small,Supermarket Type1,0.102830104,20.35,234.262,5,6,22.78146096
Regular,FDX48,Baking Goods,2017,OUT035,Tier 2,Small,Supermarket Type1,0.066336811,4.785,121.01,5,6,18.2417572
Low Fat,FDC48,Baking Goods,2017,OUT035,Tier 2,Small,Supermarket Type1,0.015859294,7,108.228,5,6,68.24263426
Regular,FDI60,Baking Goods,2017,OUT035,Tier 2,Small,Supermarket Type1,0.03832122,7.655,114.149,5,6,29.78741282
Regular,FDY60,Baking Goods,2017,OUT035,Tier 2,Small,Supermarket Type1,0.062343432,7.96,163.289,5,6,26.1918529
Regular,FDK60,Baking Goods,2017,OUT035,Tier 2,Small,Supermarket Type1,0.062343432,18.85,257.833,5,6,41.35688263
Low Fat,FDY36,Baking Goods,2017,OUT035,Tier 2,Small,Supermarket Type1,0.009429612,20.7,184.427,5,6,195.5828087
Low Fat,FDH48,Baking Goods,2017,OUT035,Tier 2,Small,Supermarket Type1,0.060603014,14.3,86.0224,5,6,14.19440954
Low Fat,FDY36,Baking Goods,2017,OUT035,Tier 2,Small,Supermarket Type1,0.009463757,20.5,72.9696,5,6,77.10426208
Low Fat,FDZ48,Baking Goods,2017,OUT035,Tier 2,Small,Supermarket Type1,0.076389281,8.185,115.881,5,6,15.1697985
Regular,FDW60,Baking Goods,2017,OUT035,Tier 2,Small,Supermarket Type1,0.017096552,12.6,109.923,5,6,64.2954205
Regular,FDB36,Baking Goods,2017,OUT035,Tier 2,Small,Supermarket Type1,0.048625599,10.5,157.095,5,6,32.30705703
Regular,FDI60,Baking Goods,2017,OUT035,Tier 2,Small,Supermarket Type1,0.038398937,5.32,100.667,5,6,26.2160903
Regular,FDP12,Baking Goods,2017,OUT035,Tier 2,Small,Supermarket Type1,0.045358609,12.35,36.3216,5,6,8.007652968
Regular,FDT12,Baking Goods,2017,OUT035,Tier 2,Small,Supermarket Type1,0.049902382,14.5,159.46,5,6,31.95438647
Regular,FDP12,Baking Goods,2017,OUT035,Tier 2,Small,Supermarket Type1,0.045522854,18.85,130.263,5,6,28.61485793
Regular,FDQ48,Baking Goods,2017,OUT035,Tier 2,Small,Supermarket Type1,0.034605882,9.6,42.6086,5,6,12.31253115
Regular,FDR24,Baking Goods,2017,OUT035,Tier 2,Small,Supermarket Type1,0.063207198,15.1,140.25,5,6,22.18892855
Low Fat,FDG24,Baking Goods,2017,OUT035,Tier 2,Small,Supermarket Type1,0.014628382,15.2,108.191,5,6,73.95964913
Low Fat,FDQ12,Baking Goods,2017,OUT035,Tier 2,Small,Supermarket Type1,0.035404052,18.75,213.322,5,6,60.25355516
Regular,FDB36,Baking Goods,2017,OUT035,Tier 2,Small,Supermarket Type1,0.048518008,19.1,172.342,5,6,35.52124399
Regular,FDM24,Baking Goods,2017,OUT035,Tier 2,Small,Supermarket Type1,0.079312367,16.35,106.128,5,6,13.38101535
Regular,FDQ36,Baking Goods,2017,OUT035,Tier 2,Small,Supermarket Type1,0.161516894,8.395,97.9042,5,6,6.061545488
Regular,FDB12,Baking Goods,2017,OUT035,Tier 2,Small,Supermarket Type1,0.105287746,9.195,181.263,5,6,17.21596357
Regular,FDV60,Baking Goods,2017,OUT035,Tier 2,Small,Supermarket Type1,0.117339056,20.35,119.547,5,6,10.18816787
Low Fat,FDZ12,Baking Goods,2017,OUT035,Tier 2,Small,Supermarket Type1,0.172365428,21,194.448,5,6,11.28114856
Low Fat,FDO24,Baking Goods,2017,OUT035,Tier 2,Small,Supermarket Type1,0.294948897,9.395,226.172,5,6,7.66817582
Low Fat,FDT36,Baking Goods,2017,OUT035,Tier 2,Small,Supermarket Type1,0.186250852,15.7,182.463,5,6,9.796626326
Low Fat,FDT48,Baking Goods,2017,OUT035,Tier 2,Small,Supermarket Type1,0.045916788,6.715,43.7454,5,6,9.527103682
Low Fat,FDB60,Baking Goods,2017,OUT035,Tier 2,Small,Supermarket Type1,0.028498354,10.3,170.942,5,6,59.98311341
Low Fat,FDR60,Baking Goods,2017,OUT035,Tier 2,Small,Supermarket Type1,0.13030659,11.65,171.142,5,6,13.13379469
Regular,FDW60,Baking Goods,2017,OUT035,Tier 2,Small,Supermarket Type1,0.017047751,8.71,183.392,5,6,107.5754802
Regular,FDB12,Baking Goods,2017,OUT035,Tier 2,Small,Supermarket Type1,0.105220024,15.7,113.72,5,6,10.80782875
Regular,FDX11,Baking Goods,2017,OUT035,Tier 2,Small,Supermarket Type1,0.106663245,19.75,181.566,5,6,17.02235855
Low Fat,FDB60,Baking Goods,2017,OUT035,Tier 2,Small,Supermarket Type1,0.028638276,15.7,60.2536,5,6,21.03953464
Low Fat,FDW48,Baking Goods,2017,OUT035,Tier 2,Small,Supermarket Type1,0.008575615,20.2,127.468,5,6,148.6400684
Low Fat,FDK36,Baking Goods,2017,OUT035,Tier 2,Small,Supermarket Type1,0.007180374,5.63,106.131,5,6,147.8070641
Low Fat,FDO24,Baking Goods,2017,OUT035,Tier 2,Small,Supermarket Type1,0.175362333,9.5,195.445,5,6,11.14520984
Low Fat,FDT36,Baking Goods,2017,OUT035,Tier 2,Small,Supermarket Type1,0.110735739,15.7,207.898,5,6,18.77424596
Low Fat,FDV36,Baking Goods,2017,OUT035,Tier 2,Small,Supermarket Type1,0.026174636,5.34,102.436,5,6,39.13559677
Regular,FDQ48,Baking Goods,2017,OUT035,Tier 2,Small,Supermarket Type1,0.034244601,15.6,173.276,5,6,50.5995091
Regular,FDY60,Baking Goods,2011,OUT010,Tier 3,Medium,Grocery Store,0.02624324,11.65,153.002,5,12,58.30149021
Low Fat,FDC37,Baking Goods,2011,OUT010,Tier 3,Medium,Grocery Store,0.057556998,5.48,83.325,5,12,14.47695378
Low Fat,FDK36,Baking Goods,2011,OUT010,Tier 3,Medium,Grocery Store,0.00721395,10.895,107.228,5,12,148.6397882
Regular,FDV60,Baking Goods,2011,OUT010,Tier 3,Medium,Grocery Store,0.117543713,9.8,177.937,5,12,15.13794277
Low Fat,FDY48,Baking Goods,2011,OUT010,Tier 3,Medium,Grocery Store,0.041556697,16.35,198.243,5,12,47.70422442
Low Fat,FDN60,Baking Goods,2011,OUT010,Tier 3,Medium,Grocery Store,0.095158081,8.01,36.6532,5,12,3.851822106
Regular,FDX36,Baking Goods,2011,OUT010,Tier 3,Medium,Grocery Store,0.128283243,10.3,156.463,5,12,12.19668262
Low Fat,FDH12,Baking Goods,2011,OUT010,Tier 3,Medium,Grocery Store,0.085434195,14.8,193.579,5,12,22.65825762
Regular,FDM60,Baking Goods,2011,OUT010,Tier 3,Medium,Grocery Store,0.062343432,8.39,162.887,5,12,26.12737136
Regular,FDM36,Baking Goods,2011,OUT010,Tier 3,Medium,Grocery Store,0.059063036,17,125.136,5,12,21.18685535
Low Fat,FDN24,Baking Goods,2011,OUT010,Tier 3,High,Grocery Store,0.113908117,14.8,190.885,5,12,16.75780489
Low Fat,FDJ48,Baking Goods,2011,OUT010,Tier 3,High,Grocery Store,0.056424146,15.6,125.77,5,12,22.29010254
Low Fat,FDN48,Baking Goods,2011,OUT010,Tier 3,High,Grocery Store,0.064938448,17.6,163.455,5,12,25.17075862
Low Fat,FDW48,Baking Goods,2011,OUT010,Tier 3,High,Grocery Store,0.008539208,17.6,163.687,5,12,191.6887374
Low Fat,FDX60,Baking Goods,2011,OUT010,Tier 3,High,Grocery Store,0.080527065,12.65,159.958,5,12,19.86388055
Regular,FDU24,Baking Goods,2011,OUT010,Tier 3,High,Grocery Store,0.062343432,13.85,142.515,5,12,22.85966547
Regular,FDU12,Baking Goods,2011,OUT010,Tier 3,High,Grocery Store,0.075688032,18.7,52.9324,5,12,6.993496673
Regular,FDQ48,Baking Goods,2011,OUT010,Tier 3,High,Grocery Store,0.034382602,5.425,87.0514,5,12,25.31844449
Low Fat,FDT48,Baking Goods,2011,OUT010,Tier 3,High,Grocery Store,0.046142232,14.5,102.733,5,12,22.26441929
Low Fat,FDF12,Baking Goods,2011,OUT010,Tier 3,High,Grocery Store,0.08276363,12.8,138.784,5,12,16.76871834
Regular,FDY12,Baking Goods,2011,OUT010,Tier 3,High,Grocery Store,0.14118383,18.5,145.81,5,12,10.32766996
Regular,FDU12,Baking Goods,2011,OUT010,Tier 3,High,Grocery Store,0.076059648,15.5,48.4692,5,12,6.37252489
Low Fat,FDS48,Baking Goods,2011,OUT010,Tier 3,High,Grocery Store,0.027644732,16.85,194.148,5,12,70.22965533
Regular,FDB36,Baking Goods,2011,OUT010,Tier 3,High,Grocery Store,0.048292189,18,88.2514,5,12,18.27446671
Low Fat,FDS48,Baking Goods,2014,OUT013,Tier 3,High,Supermarket Type1,0.027779254,5.765,36.7164,5,9,13.21720159
Low Fat,FDW23,Baking Goods,2014,OUT013,Tier 3,High,Supermarket Type1,0.143592939,13.15,86.3566,5,9,6.013986523
Low Fat,FDE24,Baking Goods,2014,OUT013,Tier 3,High,Supermarket Type1,0.09344495,8.93,153.434,5,9,16.41972092
Low Fat,FDV24,Baking Goods,2014,OUT013,Tier 3,High,Supermarket Type1,0.062343432,10.895,264.557,5,9,42.43542447
Low Fat,FDG60,Baking Goods,2014,OUT013,Tier 3,High,Supermarket Type1,0.060794097,15.25,213.719,5,9,35.15456443
Regular,FDB12,Baking Goods,2014,OUT013,Tier 3,High,Supermarket Type1,0.105471384,18,118.312,5,9,11.21745022
Regular,FDF24,Baking Goods,2014,OUT013,Tier 3,High,Supermarket Type1,0.025409912,10.695,61.2536,5,9,24.10618345
Low Fat,FDT60,Baking Goods,2014,OUT013,Tier 3,High,Supermarket Type1,0.132275338,16.7,109.891,5,9,8.307746679
Low Fat,FDW48,Baking Goods,2014,OUT013,Tier 3,High,Supermarket Type1,0.062343432,20.85,104.931,5,9,16.83112345
Regular,FDG12,Baking Goods,2014,OUT013,Tier 3,High,Supermarket Type1,0.062343432,18.35,188.187,5,9,30.18553743
Regular,FDV60,Baking Goods,2014,OUT013,Tier 3,High,Supermarket Type1,0.205484395,8.39,163.487,5,9,7.956175942
Low Fat,FDA11,Baking Goods,2014,OUT013,Tier 3,High,Supermarket Type1,0.043238822,8.51,142.247,5,9,32.89798228
Low Fat,FDO12,Baking Goods,2014,OUT013,Tier 3,High,Supermarket Type1,0.054930533,12.3,188.753,5,9,34.36212789
Regular,FDX12,Baking Goods,2014,OUT013,Tier 3,High,Supermarket Type1,0.026064486,15.7,59.2562,5,9,22.73445945
Low Fat,FDG24,Baking Goods,2014,OUT013,Tier 3,High,Supermarket Type1,0.014713909,16.35,97.441,5,9,66.22373429
Low Fat,FDT60,Baking Goods,2014,OUT013,Tier 3,High,Supermarket Type1,0.075975642,6.865,214.522,5,9,28.23562847
Low Fat,FDU48,Baking Goods,2014,OUT013,Tier 3,High,Supermarket Type1,0.055671582,12.85,170.642,5,9,30.65154498
Regular,FDS36,Baking Goods,2014,OUT013,Tier 3,High,Supermarket Type1,0.046982429,11.8,198.208,5,9,42.18768681
Regular,FDI12,Baking Goods,2014,OUT013,Tier 3,High,Supermarket Type1,0.100602552,15.5,44.477,5,9,4.42106081
Regular,FDX36,Baking Goods,2014,OUT013,Tier 3,High,Supermarket Type1,0.128543405,13.8,89.9172,5,9,6.995084656
Regular,FDH60,Baking Goods,2014,OUT013,Tier 3,High,Supermarket Type1,0.062343432,17.35,86.1856,5,9,13.82432716
Regular,FDY60,Baking Goods,2014,OUT013,Tier 3,High,Supermarket Type1,0.026520167,19.6,46.0376,5,9,17.35946836
Low Fat,FDU36,Baking Goods,2014,OUT013,Tier 3,High,Supermarket Type1,0.046262201,20.75,180.332,5,9,38.98041946
Low Fat,FDB60,Baking Goods,2014,OUT013,Tier 3,High,Supermarket Type1,0.028516696,10.3,115.018,5,9,40.33356459
Regular,FDS36,Baking Goods,2014,OUT013,Tier 3,High,Supermarket Type1,0.046878474,12.85,252.338,5,9,53.82811736
Regular,FDM12,Baking Goods,2014,OUT013,Tier 3,High,Supermarket Type1,0.069903773,14.6,109.825,5,9,15.71088302
Regular,FDZ36,Baking Goods,2014,OUT013,Tier 3,High,Supermarket Type1,0.065729039,14.85,159.558,5,9,24.2751153
Regular,FDL24,Baking Goods,2014,OUT013,Tier 3,High,Supermarket Type1,0.024875871,20.1,225.904,5,9,90.81249859
Regular,FDV60,Baking Goods,2014,OUT013,Tier 3,High,Supermarket Type1,0.062343432,9.6,187.187,5,9,30.02513561
Low Fat,FDH24,Baking Goods,2014,OUT013,Tier 3,High,Supermarket Type1,0.021518435,16.7,60.9562,5,9,28.3274318
Regular,FDZ36,Baking Goods,2014,OUT013,Tier 3,High,Supermarket Type1,0.066051758,19.2,226.906,5,9,34.35275712
Regular,FDB49,Baking Goods,2022,OUT018,Tier 3,Medium,Supermarket Type2,0.030274175,15.1,157.36,5,1,51.97829503
Low Fat,FDX24,Baking Goods,2022,OUT018,Tier 3,Medium,Supermarket Type2,0.013861607,12.15,163.618,5,1,118.0368193
Regular,FDJ36,Baking Goods,2022,OUT018,Tier 3,Medium,Supermarket Type2,0.127638966,6.425,132.863,5,1,10.40928207
Regular,FDL12,Baking Goods,2022,OUT018,Tier 3,Medium,Supermarket Type2,0.121632721,13,77.9986,5,1,6.412632995
Low Fat,FDY59,Baking Goods,2022,OUT018,Tier 3,Medium,Supermarket Type2,0.031452265,15.6,242.985,5,1,77.25516747
Low Fat,FDW36,Baking Goods,2022,OUT018,Tier 3,Medium,Supermarket Type2,0.057021156,19.1,40.3138,5,1,7.069972415
Regular,FDK60,Baking Goods,2022,OUT018,Tier 3,Medium,Supermarket Type2,0.094010215,10,140.618,5,1,14.95773624
Low Fat,FDN24,Baking Goods,2022,OUT018,Tier 3,Medium,Supermarket Type2,0.198316649,18.6,244.08,5,1,12.30758997
Low Fat,FDX60,Baking Goods,2022,OUT018,Tier 3,Medium,Supermarket Type2,0.080594133,18.2,147.373,5,1,18.28582237
Regular,FDI36,Baking Goods,2022,OUT018,Tier 3,Medium,Supermarket Type2,0.062343432,20.5,121.276,5,1,19.4528912
Low Fat,FDT48,Baking Goods,2022,OUT018,Tier 3,Medium,Supermarket Type2,0.046214971,18.25,174.208,5,1,37.69514429
Low Fat,FDO12,Baking Goods,2022,OUT018,Tier 3,Medium,Supermarket Type2,0.054920146,7.27,100.438,5,1,18.28800674
Low Fat,FDB60,Baking Goods,2022,OUT018,Tier 3,Medium,Supermarket Type2,0.04774013,8.76,127.334,5,1,26.67231949
Low Fat,FDO36,Baking Goods,2022,OUT018,Tier 3,Medium,Supermarket Type2,0.077849003,10.6,87.0224,5,1,11.17835767
Regular,FDI36,Baking Goods,2022,OUT018,Tier 3,Medium,Supermarket Type2,0.062597392,5.825,160.789,5,1,25.68621389
Regular,FDT24,Baking Goods,2022,OUT018,Tier 3,Medium,Supermarket Type2,0.062343432,8.275,103.331,5,1,16.57448053
Regular,FDG12,Baking Goods,2022,OUT018,Tier 3,Medium,Supermarket Type2,0.062343432,12.3,247.146,5,1,39.64266837
Low Fat,FDK48,Baking Goods,2022,OUT018,Tier 3,Medium,Supermarket Type2,0.062343432,16.35,128.402,5,1,20.59591458
Regular,FDM60,Baking Goods,2022,OUT018,Tier 3,Medium,Supermarket Type2,0.048339408,20.25,148.042,5,1,30.62553021
Low Fat,FDD36,Baking Goods,2022,OUT018,Tier 3,Medium,Supermarket Type2,0.021306635,12.65,108.294,5,1,50.82642097
Regular,FDZ36,Baking Goods,2022,OUT018,Tier 3,Medium,Supermarket Type2,0.066155883,18.5,88.9172,5,1,13.44055826
Regular,FDW12,Baking Goods,2022,OUT018,Tier 3,Medium,Supermarket Type2,0.035773394,18.85,58.5562,5,1,16.36864537
Regular,FDP36,Baking Goods,2022,OUT018,Tier 3,Medium,Supermarket Type2,0.091096531,9.06,211.856,5,1,23.25620939
Low Fat,FDS12,Baking Goods,2022,OUT018,Tier 3,Medium,Supermarket Type2,0.174827835,6.865,212.022,5,1,12.12747387
Regular,FDL48,Baking Goods,2022,OUT018,Tier 3,Medium,Supermarket Type2,0.08186804,9.5,253.372,5,1,30.94882936
Low Fat,FDH12,Baking Goods,2022,OUT018,Tier 3,Medium,Supermarket Type2,0.085085743,10,113.354,5,1,13.32232593
Low Fat,FDO24,Baking Goods,2022,OUT018,Tier 3,Medium,Supermarket Type2,0.176215665,14.1,200.408,5,1,11.3728822
Regular,FDT24,Baking Goods,2022,OUT018,Tier 3,Medium,Supermarket Type2,0.062343432,15.85,55.8956,5,1,8.965756008
Regular,FDI48,Baking Goods,2022,OUT018,Tier 3,Medium,Supermarket Type2,0.056033565,16,139.95,5,1,24.97610138
Low Fat,FDY59,Baking Goods,2022,OUT018,Tier 3,Medium,Supermarket Type2,0.031397503,21.25,177.337,5,1,56.48124311
Low Fat,FDY48,Baking Goods,2022,OUT018,Tier 3,Medium,Supermarket Type2,0.023730384,7.97,172.042,5,1,72.49861612
Low Fat,FDS12,Baking Goods,2022,OUT018,Tier 3,Medium,Supermarket Type2,0.291438755,12.65,159.658,5,1,5.478269354
Regular,FDM36,Baking Goods,2022,OUT018,Tier 3,Medium,Supermarket Type2,0.058681957,12.8,142.284,5,1,24.24663513
Regular,FDB37,Baking Goods,2022,OUT018,Tier 3,Medium,Supermarket Type2,0.022921735,9.695,175.137,5,1,76.40651984
Regular,FDI60,Baking Goods,2022,OUT018,Tier 3,Medium,Supermarket Type2,0.038477325,13,59.322,5,1,15.41739193
Regular,FDF24,Baking Goods,2022,OUT018,Tier 3,Medium,Supermarket Type2,0.025473816,14.5,41.0454,5,1,16.11278028
Regular,FDW60,Baking Goods,2022,OUT018,Tier 3,Medium,Supermarket Type2,0.016979326,15,182.527,5,1,107.4995556
Regular,FDM24,Baking Goods,2022,OUT018,Tier 3,Medium,Supermarket Type2,0.062343432,18.25,110.157,5,1,17.66938336
Regular,FDZ23,Baking Goods,2022,OUT018,Tier 3,Medium,Supermarket Type2,0.112985849,6.115,91.0488,5,1,8.058425086
Low Fat,FDJ48,Baking Goods,2022,OUT018,Tier 3,Medium,Supermarket Type2,0.056434817,9.8,116.749,5,1,20.6874065
Regular,FDA35,Baking Goods,2022,OUT018,Tier 3,Medium,Supermarket Type2,0.053837561,20.35,234.496,5,1,43.5562079
Low Fat,FDX23,Baking Goods,2022,OUT018,Tier 3,Medium,Supermarket Type2,0.029667053,6.785,44.0112,5,1,14.83504277
Low Fat,FDF12,Baking Goods,2022,OUT018,Tier 3,Medium,Supermarket Type2,0.08235926,14.85,155.763,5,1,18.91262743
Low Fat,FDP60,Baking Goods,2022,OUT018,Tier 3,Medium,Supermarket Type2,0.055648052,16.7,146.61,5,1,26.3459357
Regular,FDP36,Baking Goods,2018,OUT027,Tier 3,Medium,Supermarket Type3,0.062343432,12.6,139.25,5,5,22.33595353
Low Fat,FDT48,Baking Goods,2018,OUT027,Tier 3,Medium,Supermarket Type3,0.045955031,12.6,56.2246,5,5,12.23469961
Low Fat,FDG24,Baking Goods,2018,OUT027,Tier 3,Medium,Supermarket Type3,0.014631149,12.6,96.7384,5,5,66.11811554
Regular,FDL48,Baking Goods,2018,OUT027,Tier 3,Medium,Supermarket Type3,0.082266419,12.6,59.5904,5,5,7.243587447
Low Fat,FDX23,Baking Goods,2018,OUT027,Tier 3,Medium,Supermarket Type3,0.029686148,12.6,148.939,5,5,50.17121117
Regular,FDL48,Baking Goods,2018,OUT027,Tier 3,Medium,Supermarket Type3,0.082250863,12.6,125.568,5,5,15.26646596
Low Fat,FDD36,Baking Goods,2018,OUT027,Tier 3,Medium,Supermarket Type3,0.035607579,12.6,231.964,5,5,65.14455813
Low Fat,FDA36,Baking Goods,2018,OUT027,Tier 3,Medium,Supermarket Type3,0.005661669,12.6,124.973,5,5,220.7352638
Low Fat,FDP60,Baking Goods,2018,OUT027,Tier 3,Medium,Supermarket Type3,0.055908268,12.6,180.766,5,5,32.33260598
Regular,FDB36,Baking Goods,2018,OUT027,Tier 3,Medium,Supermarket Type3,0.048486801,12.6,110.454,5,5,22.78022013
Low Fat,FDW48,Baking Goods,2018,OUT027,Tier 3,Medium,Supermarket Type3,0.008499464,12.6,53.4956,5,5,62.93996892
Regular,FDZ23,Baking Goods,2018,OUT027,Tier 3,Medium,Supermarket Type3,0.067175915,12.6,178.237,5,5,26.53287268
Low Fat,FDY59,Baking Goods,2018,OUT027,Tier 3,Medium,Supermarket Type3,0.031403441,12.6,94.0462,5,5,29.94773726
Regular,FDM24,Baking Goods,2018,OUT027,Tier 3,Medium,Supermarket Type3,0.079327367,12.6,245.646,5,5,30.96611035
Regular,FDI60,Baking Goods,2018,OUT027,Tier 3,Medium,Supermarket Type3,0.0383808,12.6,39.2796,5,5,10.23417959
Regular,FDH60,Baking Goods,2018,OUT027,Tier 3,Medium,Supermarket Type3,0.062343432,12.6,145.642,5,5,23.36124197
Low Fat,FDS12,Baking Goods,2018,OUT027,Tier 3,Medium,Supermarket Type3,0.304859104,12.6,166.547,5,5,5.46308107
Regular,FDY11,Baking Goods,2018,OUT027,Tier 3,Medium,Supermarket Type3,0.029560451,12.6,55.2588,5,5,18.69349016
Regular,FDZ23,Baking Goods,2018,OUT027,Tier 3,Medium,Supermarket Type3,0.067639698,12.6,154.8,5,5,22.88596853
Low Fat,FDS48,Baking Goods,2018,OUT027,Tier 3,Medium,Supermarket Type3,0.027774002,12.6,194.445,5,5,70.00971628
Low Fat,FDX24,Baking Goods,2018,OUT027,Tier 3,Medium,Supermarket Type3,0.013926425,12.6,211.69,5,5,152.0059886
Low Fat,FDJ48,Baking Goods,2018,OUT027,Tier 3,Medium,Supermarket Type3,0.056387854,12.6,44.377,5,5,7.869957243
Regular,FDQ48,Baking Goods,2018,OUT027,Tier 3,Medium,Supermarket Type3,0.034551415,12.6,165.587,5,5,47.92481003
Low Fat,FDY59,Baking Goods,2018,OUT027,Tier 3,Medium,Supermarket Type3,0.031251369,12.6,122.41,5,5,39.16948406
Regular,FDX12,Baking Goods,2018,OUT027,Tier 3,Medium,Supermarket Type3,0.026117345,12.6,94.312,5,5,36.11086808
Low Fat,FDR48,Baking Goods,2018,OUT027,Tier 3,Medium,Supermarket Type3,0.062343432,12.6,169.347,5,5,27.16356713
Regular,FDZ59,Baking Goods,2018,OUT027,Tier 3,Medium,Supermarket Type3,0.104445322,12.6,91.312,5,5,8.742564842
Regular,FDS24,Baking Goods,2018,OUT027,Tier 3,Medium,Supermarket Type3,0.062224479,12.6,185.227,5,5,29.76754534
Low Fat,FDH24,Baking Goods,2018,OUT027,Tier 3,Medium,Supermarket Type3,0.021427082,12.6,97.5726,5,5,45.53704513
Low Fat,FDR60,Baking Goods,2018,OUT027,Tier 3,Medium,Supermarket Type3,0.130415118,12.6,229.798,5,5,17.62050317
Regular,FDU24,Baking Goods,2018,OUT027,Tier 3,Medium,Supermarket Type3,0.140955857,12.6,172.108,5,5,12.21006375
Regular,FDL24,Baking Goods,2018,OUT027,Tier 3,Medium,Supermarket Type3,0.024935297,12.6,109.957,5,5,44.09692814
Low Fat,FDN60,Baking Goods,2018,OUT027,Tier 3,Medium,Supermarket Type3,0.095351065,12.6,148.471,5,5,15.57098497
Low Fat,FDO36,Baking Goods,2018,OUT027,Tier 3,Medium,Supermarket Type3,0.077899109,12.6,167.084,5,5,21.44876907
Regular,FDB36,Baking Goods,2012,OUT049,Tier 1,Medium,Supermarket Type1,0.062343432,9,54.3614,4.9,11,8.719667535
Regular,FDJ12,Baking Goods,2016,OUT046,Tier 1,Small,Supermarket Type1,0.039261947,21.2,173.574,4.9,7,44.20921866
Regular,FDV60,Baking Goods,2018,OUT019,Tier 1,Small,Grocery Store,0.117839328,12.6,102.502,4.9,5,8.698454221
Regular,FDV12,Baking Goods,2016,OUT046,Tier 1,Small,Supermarket Type1,0.060863167,19.7,177.537,4.9,7,29.16985901
Low Fat,FDO36,Baking Goods,2016,OUT046,Tier 1,Small,Supermarket Type1,0.078034976,7.855,38.3848,4.9,7,4.91892251
Regular,FDX36,Baking Goods,2016,OUT046,Tier 1,Small,Supermarket Type1,0.224607399,11.35,171.179,4.9,7,7.621253831
Regular,FDJ60,Baking Goods,2016,OUT046,Tier 1,Small,Supermarket Type1,0.062882112,12.85,252.338,4.9,7,40.12874122
Regular,FDR36,Baking Goods,2015,OUT045,Tier 2,Medium,Supermarket Type1,0.203510667,16.1,256.136,4.9,8,12.5858759
Regular,FDV48,Baking Goods,2017,OUT035,Tier 2,Small,Supermarket Type1,0.086396038,6.65,147.773,4.9,6,17.10414082
Low Fat,FDU36,Baking Goods,2011,OUT010,Tier 3,Medium,Grocery Store,0.04627095,5.175,33.6874,4.9,12,7.280464309
Regular,FDZ23,Baking Goods,2014,OUT013,Tier 3,High,Supermarket Type1,0.067607749,11.8,176.834,4.9,9,26.15587749
Regular,FDH60,Baking Goods,2022,OUT018,Tier 3,Medium,Supermarket Type2,0.141360118,8.51,192.148,4.9,1,13.59280133
Low Fat,FDA11,Baking Goods,2022,OUT018,Tier 3,Medium,Supermarket Type2,0.043483398,6.71,65.0142,4.9,1,14.95149942
Regular,FDB49,Baking Goods,2018,OUT027,Tier 3,Medium,Supermarket Type3,0.030212499,12.6,194.745,4.9,5,64.45842166
Regular,FDQ36,Baking Goods,2018,OUT027,Tier 3,Medium,Supermarket Type3,0.162461219,12.6,175.403,4.9,5,10.7966074
Low Fat,FDS12,Baking Goods,2012,OUT049,Tier 1,Medium,Supermarket Type1,0.174085625,8.31,179.103,4.8,11,10.28821306
Low Fat,FDY48,Baking Goods,2011,OUT010,Tier 3,Small,Grocery Store,0.02371512,18.5,132.128,4.8,12,55.71466642
Regular,FDV12,Baking Goods,2011,OUT010,Tier 3,Small,Grocery Store,0.061122656,13.65,260.094,4.8,12,42.55279744
Low Fat,FDT48,Baking Goods,2022,OUT018,Tier 3,Medium,Supermarket Type2,0.062343432,12.65,192.185,4.8,1,30.82682391
Regular,FDR12,Baking Goods,2016,OUT046,Tier 1,Small,Supermarket Type1,0.031382044,16.35,225.906,4.8,7,71.98575083
Regular,FDA47,Baking Goods,2014,OUT013,Tier 3,High,Supermarket Type1,0.116576702,6.715,40.2454,4.8,9,3.452267847
Regular,FDT12,Baking Goods,2020,OUT017,Tier 2,Medium,Supermarket Type1,0.049381406,16.5,143.813,4.8,3,29.12290509
Regular,FDE36,Baking Goods,2018,OUT027,Tier 3,Medium,Supermarket Type3,0.041764487,12.6,117.612,4.8,5,28.1607673
Regular,FDY24,Baking Goods,2012,OUT049,Tier 1,Medium,Supermarket Type1,0.133700752,11.5,128.465,4.8,11,9.608397715
Regular,FDX36,Baking Goods,2012,OUT049,Tier 1,Medium,Supermarket Type1,0.12848269,12.85,196.577,4.8,11,15.29988203
Low Fat,FDN60,Baking Goods,2012,OUT049,Tier 1,Medium,Supermarket Type1,0.094697274,6.235,263.291,4.8,11,27.80344026
Low Fat,FDG24,Baking Goods,2012,OUT049,Tier 1,Medium,Supermarket Type1,0.014660821,4.59,111.686,4.8,11,76.17990834
Low Fat,FDP24,Baking Goods,2012,OUT049,Tier 1,Medium,Supermarket Type1,0.083133128,7.63,92.5436,4.8,11,11.13197617
Low Fat,FDY59,Baking Goods,2012,OUT049,Tier 1,Medium,Supermarket Type1,0.062343432,11.35,167.879,4.8,11,26.92809725
Low Fat,FDG24,Baking Goods,2012,OUT049,Tier 1,Medium,Supermarket Type1,0.014560297,11.8,126.07,4.8,11,86.58477227
Regular,FDA47,Baking Goods,2018,OUT019,Tier 1,Small,Grocery Store,0.062343432,12.6,213.553,4.8,5,34.25429001
Low Fat,FDN12,Baking Goods,2018,OUT019,Tier 1,Small,Grocery Store,0.08071118,12.6,230.001,4.8,5,28.49679561
Low Fat,FDZ12,Baking Goods,2018,OUT019,Tier 1,Small,Grocery Store,0.062343432,12.6,51.235,4.8,5,8.218187282
Low Fat,FDP24,Baking Goods,2018,OUT019,Tier 1,Small,Grocery Store,0.082935004,12.6,211.061,4.8,5,25.44896483
Low Fat,FDK48,Baking Goods,2018,OUT019,Tier 1,Small,Grocery Store,0.037690731,12.6,126.27,4.8,5,33.50160547
Low Fat,FDR48,Baking Goods,2018,OUT019,Tier 1,Small,Grocery Store,0.131708682,12.6,155.831,4.8,5,11.83149035
Low Fat,FDT48,Baking Goods,2018,OUT019,Tier 1,Small,Grocery Store,0.046026479,12.6,168.713,4.8,5,36.65563903
Low Fat,FDW23,Baking Goods,2016,OUT046,Tier 1,Small,Supermarket Type1,0.0821398,14.35,112.523,4.8,7,13.69896201
Low Fat,FDW24,Baking Goods,2016,OUT046,Tier 1,Small,Supermarket Type1,0.037555348,12.65,112.52,4.8,7,29.96111233
Low Fat,FDB60,Baking Goods,2016,OUT046,Tier 1,Small,Supermarket Type1,0.028566433,21.1,65.0168,4.8,7,22.75985945
Low Fat,FDY36,Baking Goods,2016,OUT046,Tier 1,Small,Supermarket Type1,0.009425158,9.5,185.361,4.8,7,196.6661991
Low Fat,FDH48,Baking Goods,2016,OUT046,Tier 1,Small,Supermarket Type1,0.062343432,11.6,226.24,4.8,7,36.28930791
Low Fat,FDP60,Baking Goods,2015,OUT045,Tier 2,Medium,Supermarket Type1,0.056005781,15.7,253.472,4.8,8,45.25818504
Low Fat,FDW48,Baking Goods,2015,OUT045,Tier 2,Medium,Supermarket Type1,0.008554102,20.7,182.627,4.8,8,213.4964021
Regular,FDE36,Baking Goods,2015,OUT045,Tier 2,Small,Supermarket Type1,0.041837331,17.75,242.12,4.8,8,57.87176051
Regular,FDZ59,Baking Goods,2020,OUT017,Tier 2,Small,Supermarket Type1,0.104183308,8.935,52.9298,4.8,3,5.080449164
Regular,FDY11,Baking Goods,2020,OUT017,Tier 2,High,Supermarket Type1,0.02960641,9.395,85.6908,4.8,3,28.9433268
Regular,FDQ36,Baking Goods,2020,OUT017,Tier 2,High,Supermarket Type1,0.161798604,17.35,80.6618,4.8,3,4.985321134
Regular,FDS36,Baking Goods,2020,OUT017,Tier 2,High,Supermarket Type1,0.046960237,19.2,241.82,4.8,3,51.49462938
Regular,FDP12,Baking Goods,2020,OUT017,Tier 2,High,Supermarket Type1,0.045337184,7.07,115.883,4.8,3,25.56025535
Regular,FDM60,Baking Goods,2015,OUT045,Tier 2,High,Supermarket Type1,0.048218142,14.5,101.433,4.8,8,21.03627303
Regular,FDM36,Baking Goods,2015,OUT045,Tier 2,High,Supermarket Type1,0.058822142,7.84,51.335,4.8,8,8.727155839
Regular,FDL48,Baking Goods,2015,OUT045,Tier 2,High,Supermarket Type1,0.082394321,7.785,103.896,4.8,8,12.60960692
Regular,FDW12,Baking Goods,2020,OUT017,Tier 2,High,Supermarket Type1,0.035627489,15.5,48.1692,4.8,3,13.52023433
Regular,FDS24,Baking Goods,2017,OUT035,Tier 2,Small,Supermarket Type1,0.062321222,7.475,156.466,4.8,6,25.10637548
Low Fat,FDA36,Baking Goods,2017,OUT035,Tier 2,Small,Supermarket Type1,0.009921107,9.195,46.4744,4.8,6,46.8439661
Low Fat,FDC48,Baking Goods,2017,OUT035,Tier 2,Small,Supermarket Type1,0.027767577,19.6,42.277,4.8,6,15.22531116
Low Fat,FDH12,Baking Goods,2017,OUT035,Tier 2,Small,Supermarket Type1,0.148742896,10.5,171.611,4.8,6,11.53742495
Low Fat,FDH48,Baking Goods,2017,OUT035,Tier 2,Small,Supermarket Type1,0.105893301,20.5,40.0822,4.8,6,3.785149733
Low Fat,FDI24,Baking Goods,2011,OUT010,Tier 3,Medium,Grocery Store,0.137870237,13.15,181.695,4.8,12,13.17869643
Low Fat,FDS48,Baking Goods,2011,OUT010,Tier 3,Medium,Grocery Store,0.048637888,6.8,50.4034,4.8,12,10.36299109
Low Fat,FDY36,Baking Goods,2011,OUT010,Tier 3,Medium,Grocery Store,0.016476619,13.5,86.254,4.8,12,52.34933211
Regular,FDC60,Baking Goods,2011,OUT010,Tier 3,Medium,Grocery Store,0.2004264,12.85,195.677,4.8,12,9.763035209
Regular,FDQ36,Baking Goods,2011,OUT010,Tier 3,High,Grocery Store,0.062343432,9.695,158.792,4.8,12,25.47052591
Regular,FDQ60,Baking Goods,2014,OUT013,Tier 3,High,Supermarket Type1,0.191500528,18.5,89.4172,4.8,9,4.669292609
Regular,FDU12,Baking Goods,2014,OUT013,Tier 3,High,Supermarket Type1,0.132630345,10.5,161.158,4.8,9,12.15091463
Regular,FDZ59,Baking Goods,2014,OUT013,Tier 3,High,Supermarket Type1,0.182128363,5.92,50.3692,4.8,9,2.765587917
Low Fat,FDZ48,Baking Goods,2014,OUT013,Tier 3,High,Supermarket Type1,0.132995494,17.7,184.492,4.8,9,13.87204893
Low Fat,FDW23,Baking Goods,2022,OUT018,Tier 3,Medium,Supermarket Type2,0.082012293,13.1,165.116,4.8,1,20.13307932
Low Fat,FDK36,Baking Goods,2022,OUT018,Tier 3,Medium,Supermarket Type2,0.007215314,20.25,218.348,4.8,1,302.6174606
Low Fat,FDF12,Baking Goods,2022,OUT018,Tier 3,Medium,Supermarket Type2,0.082427854,11.1,174.005,4.8,1,21.10997576
Low Fat,FDX24,Baking Goods,2022,OUT018,Tier 3,Medium,Supermarket Type2,0.013929059,13.85,141.015,4.8,1,101.2379946
Low Fat,FDK24,Baking Goods,2022,OUT018,Tier 3,Medium,Supermarket Type2,0.101294945,20,46.3744,4.8,1,4.578155405
Low Fat,FDT60,Baking Goods,2022,OUT018,Tier 3,Medium,Supermarket Type2,0.07554831,6.67,90.5514,4.8,1,11.98589353
Low Fat,FDA48,Baking Goods,2018,OUT027,Tier 3,Medium,Supermarket Type3,0.11487406,12.6,152.868,4.8,5,13.30744295
Low Fat,FDY36,Baking Goods,2018,OUT027,Tier 3,Medium,Supermarket Type3,0.009410528,12.6,228.135,4.8,5,242.4252922
Low Fat,FDN12,Baking Goods,2018,OUT027,Tier 3,Medium,Supermarket Type3,0.081103929,12.6,63.8168,4.8,5,7.868521388
Low Fat,FDH24,Baking Goods,2020,OUT017,Tier 2,Small,Supermarket Type1,0.021431134,9.1,127.536,4.7,3,59.50968344
Regular,FDC60,Baking Goods,2017,OUT035,Tier 2,Small,Supermarket Type1,0.114472403,19.7,174.837,4.7,6,15.27328818
Regular,FDZ36,Baking Goods,2015,OUT045,Tier 2,Small,Supermarket Type1,0.065783783,16.6,117.847,4.7,8,17.91429356
Regular,FDT12,Baking Goods,2018,OUT027,Tier 3,Medium,Supermarket Type3,0.049621701,12.6,99.9042,4.7,5,20.13316714
Regular,FDB49,Baking Goods,2014,OUT013,Tier 3,High,Supermarket Type1,0.030151351,8.3,38.9506,4.7,9,12.91835978
Regular,FDY12,Baking Goods,2020,OUT017,Tier 2,Medium,Supermarket Type1,0.14061104,12.5,118.344,4.7,3,8.41640884
Regular,FDA47,Baking Goods,2012,OUT049,Tier 1,Medium,Supermarket Type1,0.116673795,20.35,182.429,4.7,11,15.63581608
Regular,FDB12,Baking Goods,2012,OUT049,Tier 1,Medium,Supermarket Type1,0.105307659,6.03,175.103,4.7,11,16.62775544
Regular,FDO48,Baking Goods,2012,OUT049,Tier 1,Medium,Supermarket Type1,0.026840766,7.145,159.858,4.7,11,59.55791277
Regular,FDX11,Baking Goods,2012,OUT049,Tier 1,Medium,Supermarket Type1,0.106752081,16.5,36.3506,4.7,11,3.405142051
Regular,FDZ47,Baking Goods,2012,OUT049,Tier 1,Medium,Supermarket Type1,0.07929647,17.6,43.9402,4.7,11,5.541255493
Regular,FDH60,Baking Goods,2012,OUT049,Tier 1,Medium,Supermarket Type1,0.08073703,13.85,231.43,4.7,11,28.66466602
Low Fat,FDO60,Baking Goods,2012,OUT049,Tier 1,Medium,Supermarket Type1,0.034563936,16.75,99.8674,4.7,11,28.89352648
Low Fat,FDW23,Baking Goods,2012,OUT049,Tier 1,Medium,Supermarket Type1,0.082178616,18.85,120.344,4.7,11,14.64419892
Low Fat,FDW24,Baking Goods,2012,OUT049,Tier 1,Medium,Supermarket Type1,0.037573095,9.5,228.467,4.7,11,60.80601026
Low Fat,FDY59,Baking Goods,2012,OUT049,Tier 1,Medium,Supermarket Type1,0.031467128,9.6,190.287,4.7,11,60.47167698
Low Fat,FDF12,Baking Goods,2012,OUT049,Tier 1,Medium,Supermarket Type1,0.08259502,15.7,253.172,4.7,11,30.65221124
Low Fat,FDK24,Baking Goods,2018,OUT019,Tier 1,Small,Grocery Store,0.101500374,12.6,89.5856,4.7,5,8.826134966
Low Fat,FDH12,Baking Goods,2018,OUT019,Tier 1,Small,Grocery Store,0.085125951,12.6,172.042,4.7,5,20.21028816
Low Fat,FDI24,Baking Goods,2018,OUT019,Tier 1,Small,Grocery Store,0.078903499,12.6,62.1194,4.7,5,7.872832103
Low Fat,FDJ48,Baking Goods,2018,OUT019,Tier 1,Small,Grocery Store,0.062343432,12.6,118.91,4.7,5,19.0733805
Low Fat,FDN48,Baking Goods,2016,OUT046,Tier 1,Small,Supermarket Type1,0.065082452,6.38,177.434,4.7,7,27.26295561
Low Fat,FDY48,Baking Goods,2016,OUT046,Tier 1,Small,Supermarket Type1,0.023783007,6.365,62.8536,4.7,7,26.42794496
Low Fat,FDN12,Baking Goods,2016,OUT046,Tier 1,Small,Supermarket Type1,0.08126841,8.01,37.5532,4.7,7,4.620885286
Low Fat,FDP60,Baking Goods,2016,OUT046,Tier 1,Small,Supermarket Type1,0.056032247,14.7,143.813,4.7,7,25.6661133
Low Fat,FDV36,Baking Goods,2016,OUT046,Tier 1,Small,Supermarket Type1,0.026355345,10.895,255.367,4.7,7,96.89381793
Low Fat,FDX23,Baking Goods,2016,OUT046,Tier 1,Small,Supermarket Type1,0.029859711,18,126.899,4.7,7,42.49840194
Low Fat,FDF12,Baking Goods,2016,OUT046,Tier 1,Small,Supermarket Type1,0.0828941,6.32,40.2822,4.7,7,4.859477333
Low Fat,FDC48,Baking Goods,2016,OUT046,Tier 1,Small,Supermarket Type1,0.015949001,6.885,108.723,4.7,7,68.16915994
Low Fat,FDB60,Baking Goods,2016,OUT046,Tier 1,Small,Supermarket Type1,0.028683422,11.5,88.254,4.7,7,30.76829536
Low Fat,FDE24,Baking Goods,2016,OUT046,Tier 1,Small,Supermarket Type1,0.093991286,5.88,101.399,4.7,7,10.78812774
Low Fat,FDL36,Baking Goods,2016,OUT046,Tier 1,Small,Supermarket Type1,0.076505799,5.63,105.131,4.7,7,13.74157271
Low Fat,FDN12,Baking Goods,2016,OUT046,Tier 1,Small,Supermarket Type1,0.081562686,16.7,143.91,4.7,7,17.64409769
Low Fat,FDQ24,Baking Goods,2015,OUT045,Tier 2,Medium,Supermarket Type1,0.074083388,10.395,114.718,4.7,8,15.48498295
Low Fat,FDW48,Baking Goods,2015,OUT045,Tier 2,Medium,Supermarket Type1,0.008589133,8.5,50.3324,4.7,8,58.60009386
Regular,FDE36,Baking Goods,2015,OUT045,Tier 2,Medium,Supermarket Type1,0.041857101,10.6,233.964,4.7,8,55.89589207
Regular,FDQ36,Baking Goods,2015,OUT045,Tier 2,Medium,Supermarket Type1,0.161875063,12.8,96.541,4.7,8,5.963920459
Regular,FDW12,Baking Goods,2015,OUT045,Tier 2,Small,Supermarket Type1,0.035644325,10.895,255.667,4.7,8,71.72726654
Regular,FDJ12,Baking Goods,2015,OUT045,Tier 2,Small,Supermarket Type1,0.039120291,20.2,61.351,4.7,8,15.6826543
Regular,FDY60,Baking Goods,2020,OUT017,Tier 2,High,Supermarket Type1,0.026424424,21.2,174.837,4.7,3,66.16492378
Regular,FDR12,Baking Goods,2015,OUT045,Tier 2,High,Supermarket Type1,0.031598706,6.715,43.5454,4.7,8,13.78075419
Regular,FDO48,Baking Goods,2015,OUT045,Tier 2,High,Supermarket Type1,0.0268952,14.85,157.963,4.7,8,58.73278503
Regular,FDU12,Baking Goods,2020,OUT017,Tier 2,Medium,Supermarket Type1,0.075904695,8.27,183.292,4.7,3,24.14764989
Regular,FDX11,Baking Goods,2017,OUT035,Tier 2,Small,Supermarket Type1,0.106968577,14.1,140.05,4.7,6,13.09263
Regular,FDU60,Baking Goods,2017,OUT035,Tier 2,Small,Supermarket Type1,0.060022526,14.15,254.801,4.7,6,42.45089585
Regular,FDV60,Baking Goods,2017,OUT035,Tier 2,Small,Supermarket Type1,0.117599259,16.7,180.929,4.7,6,15.38521599
Regular,FDS24,Baking Goods,2017,OUT035,Tier 2,Small,Supermarket Type1,0.062350672,17.25,91.612,4.7,6,14.69302528
Regular,FDB36,Baking Goods,2017,OUT035,Tier 2,Small,Supermarket Type1,0.048801674,9.395,236.993,4.7,6,48.56247349
Regular,FDX36,Baking Goods,2017,OUT035,Tier 2,Small,Supermarket Type1,0.129008866,17.6,44.0402,4.7,6,3.413734371
Regular,FDP36,Baking Goods,2017,OUT035,Tier 2,Small,Supermarket Type1,0.091688111,14.35,231.298,4.7,6,25.22660762
Regular,FDR12,Baking Goods,2017,OUT035,Tier 2,Small,Supermarket Type1,0.031713126,18.5,145.842,4.7,6,45.98789788
Regular,FDA35,Baking Goods,2017,OUT035,Tier 2,Small,Supermarket Type1,0.054142088,12.85,252.638,4.7,6,46.6620349
Regular,FDV12,Baking Goods,2017,OUT035,Tier 2,Small,Supermarket Type1,0.06121901,20.1,193.382,4.7,6,31.58855395
Regular,FDH60,Baking Goods,2017,OUT035,Tier 2,Small,Supermarket Type1,0.081193712,11.395,232.862,4.7,6,28.67980713
Regular,FDZ47,Baking Goods,2011,OUT010,Tier 3,Medium,Grocery Store,0.062343432,9.3,107.196,4.7,12,17.19443357
Regular,FDR36,Baking Goods,2011,OUT010,Tier 3,Medium,Grocery Store,0.122274118,19.85,266.688,4.7,12,21.81066642
Regular,FDF24,Baking Goods,2011,OUT010,Tier 3,Medium,Grocery Store,0.025513973,7.36,55.2588,4.7,12,21.65824978
Low Fat,FDC48,Baking Goods,2011,OUT010,Tier 3,Medium,Grocery Store,0.015856295,9.6,188.721,4.7,12,119.019607
Low Fat,FDI24,Baking Goods,2011,OUT010,Tier 3,High,Grocery Store,0.078728915,7.825,156.629,4.7,12,19.89472356
Low Fat,FDO24,Baking Goods,2011,OUT010,Tier 3,Small,Grocery Store,0.176182345,19.35,112.054,4.7,12,6.360115141
Low Fat,FDW36,Baking Goods,2014,OUT013,Tier 3,High,Supermarket Type1,0.056921876,11.1,156.76,4.7,9,27.53949993
Low Fat,FDZ60,Baking Goods,2014,OUT013,Tier 3,High,Supermarket Type1,0.119339241,15.7,249.672,4.7,9,20.92119892
Regular,FDZ36,Baking Goods,2014,OUT013,Tier 3,High,Supermarket Type1,0.065771344,5.51,95.8726,4.7,9,14.57665211
Regular,FDT24,Baking Goods,2014,OUT013,Tier 3,High,Supermarket Type1,0.185824165,7.5,57.8588,4.7,9,3.113631642
Regular,FDJ36,Baking Goods,2014,OUT013,Tier 3,High,Supermarket Type1,0.128235818,20.5,40.4822,4.7,9,3.156855911
Regular,FDU12,Baking Goods,2014,OUT013,Tier 3,High,Supermarket Type1,0.075736746,7.51,110.654,4.7,9,14.61034516
Regular,FDX11,Baking Goods,2014,OUT013,Tier 3,High,Supermarket Type1,0.106731895,9.8,49.2008,4.7,9,4.609756062
Regular,FDK60,Baking Goods,2022,OUT018,Tier 3,Medium,Supermarket Type2,0.093846532,19.25,54.3956,4.7,1,5.796229103
Regular,FDX12,Baking Goods,2022,OUT018,Tier 3,Medium,Supermarket Type2,0.026059557,10.5,120.21,4.7,1,46.12894993
Regular,FDJ60,Baking Goods,2022,OUT018,Tier 3,Medium,Supermarket Type2,0.062516602,9.695,159.792,4.7,1,25.55993046
Regular,FDU60,Baking Goods,2022,OUT018,Tier 3,Medium,Supermarket Type2,0.059889718,20.25,94.612,4.7,1,15.79770337
Regular,FDZ47,Baking Goods,2022,OUT018,Tier 3,Medium,Supermarket Type2,0.079281476,6.61,188.49,4.7,1,23.77478441
Regular,FDS24,Baking Goods,2022,OUT018,Tier 3,Medium,Supermarket Type2,0.062212713,19.2,226.206,4.7,1,36.36009251
Low Fat,FDV24,Baking Goods,2018,OUT027,Tier 3,Medium,Supermarket Type3,0.172856719,12.6,45.4744,4.7,5,2.630756864
Low Fat,FDX23,Baking Goods,2018,OUT027,Tier 3,Medium,Supermarket Type3,0.049697923,12.6,179.9,4.7,5,36.19869587
Low Fat,FDJ48,Baking Goods,2018,OUT027,Tier 3,Medium,Supermarket Type3,0.094460314,12.6,192.516,4.7,5,20.38062249
Low Fat,FDE24,Baking Goods,2018,OUT027,Tier 3,Medium,Supermarket Type3,0.15643727,12.6,89.5514,4.7,5,5.724428712
Low Fat,FDL36,Baking Goods,2018,OUT027,Tier 3,Medium,Supermarket Type3,0.127334766,12.6,64.7168,4.7,5,5.08241402
Low Fat,FDS48,Baking Goods,2018,OUT027,Tier 3,Medium,Supermarket Type3,0.046496777,12.6,146.61,4.7,5,31.53121774
Low Fat,FDV36,Baking Goods,2018,OUT019,Tier 1,Small,Grocery Store,0.044024163,12.6,89.9804,4.6,5,20.43886672
Low Fat,FDU48,Baking Goods,2018,OUT027,Tier 3,Medium,Supermarket Type3,0.0926587,12.6,155.963,4.6,5,16.83198663
Regular,FDY24,Baking Goods,2012,OUT049,Tier 1,Medium,Supermarket Type1,0.223440258,8.895,39.9138,4.6,11,1.786329839
Regular,FDT24,Baking Goods,2016,OUT046,Tier 1,Small,Supermarket Type1,0.311090379,13.3,232.53,4.6,7,7.474676676
Regular,FDU12,Baking Goods,2018,OUT019,Tier 1,Small,Grocery Store,0.126791761,12.6,160.289,4.6,5,12.64190975
Regular,FDU60,Baking Goods,2015,OUT045,Tier 2,Medium,Supermarket Type1,0.100262068,19.35,163.318,4.6,8,16.28911145
Regular,FDM12,Baking Goods,2014,OUT013,Tier 3,High,Supermarket Type1,0.117026714,13.65,47.7402,4.6,9,4.07942754
Low Fat,FDW24,Baking Goods,2012,OUT049,Tier 1,Medium,Supermarket Type1,0.037465846,5.78,162.855,4.6,11,43.46758912
Low Fat,FDY59,Baking Goods,2012,OUT049,Tier 1,Medium,Supermarket Type1,0.031377308,7.02,82.425,4.6,11,26.26898394
Low Fat,FDS12,Baking Goods,2012,OUT049,Tier 1,Medium,Supermarket Type1,0.173973652,8.52,151.768,4.6,11,8.723619827
Low Fat,FDZ12,Baking Goods,2012,OUT049,Tier 1,Medium,Supermarket Type1,0.102893121,7.52,182.995,4.6,11,17.7849596
Low Fat,FDA23,Baking Goods,2012,OUT049,Tier 1,Medium,Supermarket Type1,0.04714777,14.85,123.007,4.6,11,26.08967508
Low Fat,FDI24,Baking Goods,2012,OUT049,Tier 1,Medium,Supermarket Type1,0.078678276,11.1,175.471,4.6,11,22.3023443
Low Fat,FDT36,Baking Goods,2012,OUT049,Tier 1,Medium,Supermarket Type1,0.062343432,19.1,146.842,4.6,11,23.55372415
Low Fat,FDC37,Baking Goods,2012,OUT049,Tier 1,Medium,Supermarket Type1,0.032845997,16.7,144.61,4.6,11,44.02667394
Low Fat,FDO12,Baking Goods,2018,OUT019,Tier 1,Small,Grocery Store,0.054884821,12.6,220.477,4.6,5,40.17085161
Low Fat,FDP60,Baking Goods,2018,OUT019,Tier 1,Small,Grocery Store,0.062343432,12.6,92.9804,4.6,5,14.91422545
Low Fat,FDW48,Baking Goods,2016,OUT046,Tier 1,Small,Supermarket Type1,0.008533716,6.055,159.958,4.6,7,187.4423756
Low Fat,FDO60,Baking Goods,2016,OUT046,Tier 1,Small,Supermarket Type1,0.034340926,7.285,173.205,4.6,7,50.43690435
Low Fat,FDS60,Baking Goods,2016,OUT046,Tier 1,Small,Supermarket Type1,0.032421521,17.25,253.572,4.6,7,78.21101299
Regular,FDI60,Baking Goods,2016,OUT046,Tier 1,Small,Supermarket Type1,0.03828933,7.905,250.441,4.6,7,65.40751692
Regular,FDM60,Baking Goods,2016,OUT046,Tier 1,Small,Supermarket Type1,0.062343432,5.655,147.51,4.6,7,23.66087257
Regular,FDO48,Baking Goods,2016,OUT046,Tier 1,Small,Supermarket Type1,0.02681843,14,143.479,4.6,7,53.50014896
Regular,FDV12,Baking Goods,2016,OUT046,Tier 1,Small,Supermarket Type1,0.06082402,20.25,191.516,4.6,7,31.48690271
Regular,FDZ23,Baking Goods,2016,OUT046,Tier 1,Small,Supermarket Type1,0.067446626,16.85,113.454,4.6,7,16.82130104
Regular,FDJ60,Baking Goods,2016,OUT046,Tier 1,Small,Supermarket Type1,0.062476391,6.78,94.212,4.6,7,15.07961623
Low Fat,FDV24,Baking Goods,2015,OUT045,Tier 2,Medium,Supermarket Type1,0.103693024,7.02,150.073,4.6,8,14.47281545
Low Fat,FDU36,Baking Goods,2015,OUT045,Tier 2,Medium,Supermarket Type1,0.046459438,17,171.711,4.6,8,36.95933644
Low Fat,FDX23,Baking Goods,2015,OUT045,Tier 2,Medium,Supermarket Type1,0.029812714,17.75,160.426,4.6,8,53.81126992
Low Fat,FDA11,Baking Goods,2015,OUT045,Tier 2,Small,Supermarket Type1,0.043414959,8.51,194.248,4.6,8,44.74218207
Low Fat,FDG24,Baking Goods,2015,OUT045,Tier 2,Small,Supermarket Type1,0.01469075,12.6,175.205,4.6,8,119.2621207
Low Fat,FDD48,Baking Goods,2015,OUT045,Tier 2,Small,Supermarket Type1,0.030281543,19.6,104.096,4.6,8,34.37605541
Low Fat,FDT60,Baking Goods,2020,OUT017,Tier 2,Small,Supermarket Type1,0.075856062,17.35,102.002,4.6,3,13.44678293
Low Fat,FDD36,Baking Goods,2020,OUT017,Tier 2,Small,Supermarket Type1,0.02136022,14.1,140.25,4.6,3,65.65943609
Low Fat,FDY48,Baking Goods,2020,OUT017,Tier 2,High,Supermarket Type1,0.023831558,7.26,118.415,4.6,3,49.68831664
Low Fat,FDR60,Baking Goods,2020,OUT017,Tier 2,High,Supermarket Type1,0.130946374,6.96,90.9146,4.6,3,6.942887934
Low Fat,FDX60,Baking Goods,2020,OUT017,Tier 2,High,Supermarket Type1,0.080922439,9.6,166.116,4.6,3,20.52780441
Low Fat,FDQ24,Baking Goods,2020,OUT017,Tier 2,High,Supermarket Type1,0.073966786,17.25,261.191,4.6,3,35.31193041
Regular,FDT12,Baking Goods,2015,OUT045,Tier 2,High,Supermarket Type1,0.049823839,5.035,228.204,4.6,8,45.80217113
Regular,FDG12,Baking Goods,2015,OUT045,Tier 2,High,Supermarket Type1,0.006351876,13.65,261.194,4.6,8,411.2076495
Regular,FDP48,Baking Goods,2015,OUT045,Tier 2,High,Supermarket Type1,0.044202545,17.7,100.767,4.6,8,22.79665119
Regular,FDX36,Baking Goods,2015,OUT045,Tier 2,High,Supermarket Type1,0.128805815,15.5,145.642,4.6,8,11.30709821
Regular,FDL24,Baking Goods,2015,OUT045,Tier 2,High,Supermarket Type1,0.024998007,8.26,122.573,4.6,8,49.03310892
Regular,FDA47,Baking Goods,2020,OUT017,Tier 2,High,Supermarket Type1,0.117149075,6.635,121.11,4.6,3,10.3381098
Regular,FDB12,Baking Goods,2020,OUT017,Tier 2,High,Supermarket Type1,0.105736638,15,185.927,4.6,3,17.58397122
Regular,FDT24,Baking Goods,2020,OUT017,Tier 2,Medium,Supermarket Type1,0.186616421,11.35,168.379,4.6,3,9.022732249
Regular,FDR12,Baking Goods,2020,OUT017,Tier 2,Medium,Supermarket Type1,0.031663212,18.7,183.329,4.6,3,57.89968497
Regular,FDX11,Baking Goods,2017,OUT035,Tier 2,Small,Supermarket Type1,0.107186944,13.15,82.7566,4.6,6,7.72077241
Regular,FDZ23,Baking Goods,2017,OUT035,Tier 2,Small,Supermarket Type1,0.067777778,17.5,184.727,4.6,6,27.25480319
Low Fat,FDW36,Baking Goods,2017,OUT035,Tier 2,Small,Supermarket Type1,0.056656942,20.1,60.6536,4.6,6,10.70541365
Low Fat,FDF12,Baking Goods,2017,OUT035,Tier 2,Small,Supermarket Type1,0.082028694,12.35,119.212,4.6,6,14.53296331
Low Fat,FDG60,Baking Goods,2017,OUT035,Tier 2,Small,Supermarket Type1,0.060405784,16,210.79,4.6,6,34.89566496
Low Fat,FDL36,Baking Goods,2017,OUT035,Tier 2,Small,Supermarket Type1,0.075707087,17.2,159.658,4.6,6,21.08891074
Low Fat,FDP24,Baking Goods,2017,OUT035,Tier 2,Small,Supermarket Type1,0.082602127,10.395,58.022,4.6,6,7.024274326
Low Fat,FDQ12,Baking Goods,2017,OUT035,Tier 2,Small,Supermarket Type1,0.03523927,17.6,163.555,4.6,6,46.41270946
Low Fat,FDR60,Baking Goods,2017,OUT035,Tier 2,Small,Supermarket Type1,0.129783577,13.15,142.481,4.6,6,10.9783536
Low Fat,FDU36,Baking Goods,2017,OUT035,Tier 2,Small,Supermarket Type1,0.062343432,15.1,131.531,4.6,6,21.09781188
Low Fat,FDY36,Baking Goods,2017,OUT035,Tier 2,Small,Supermarket Type1,0.009364957,16,57.5246,4.6,6,61.42537547
Regular,FDA47,Baking Goods,2017,OUT035,Tier 2,Small,Supermarket Type1,0.116108797,9.8,250.141,4.6,6,21.54367339
Regular,FDB37,Baking Goods,2017,OUT035,Tier 2,Small,Supermarket Type1,0.022829734,15.35,149.773,4.6,6,65.60435614
Regular,FDH60,Baking Goods,2017,OUT035,Tier 2,Small,Supermarket Type1,0.080346058,20.2,175.603,4.6,6,21.85583268
Regular,FDR24,Baking Goods,2011,OUT010,Tier 3,Medium,Grocery Store,0.062547321,9.27,148.105,4.6,12,23.67887187
Regular,FDV48,Baking Goods,2011,OUT010,Tier 3,Medium,Grocery Store,0.051366901,13.8,245.78,4.6,12,47.84793227
Regular,FDZ59,Baking Goods,2011,OUT010,Tier 3,Medium,Grocery Store,0.103517853,19.6,45.5718,4.6,12,4.402313097
Low Fat,FDA11,Baking Goods,2011,OUT010,Tier 3,Medium,Grocery Store,0.043029436,20.5,75.0696,4.6,12,17.44610364
Low Fat,FDO23,Breads,2011,OUT010,Tier 3,High,Grocery Store,0.147023834,21.25,185.261,4.6,12,12.60074608
Regular,FDO11,Breads,2011,OUT010,Tier 3,High,Grocery Store,0.030311951,12.8,261.425,4.6,12,86.24486098
Regular,FDQ47,Breads,2014,OUT013,Tier 3,High,Supermarket Type1,0.169137707,20.35,232.762,4.6,9,13.76168591
Low Fat,FDU11,Breads,2014,OUT013,Tier 3,High,Supermarket Type1,0.092576144,7.655,117.749,4.6,9,12.71915149
Regular,FDU47,Breads,2014,OUT013,Tier 3,High,Supermarket Type1,0.190569038,14.5,154.5,4.6,9,8.107298102
Low Fat,FDW59,Breads,2014,OUT013,Tier 3,High,Supermarket Type1,0.020698674,17.75,256.067,4.6,9,123.7117895
Low Fat,FDU23,Breads,2014,OUT013,Tier 3,High,Supermarket Type1,0.021811987,7.035,262.691,4.6,9,120.4342365
Regular,FDU47,Breads,2014,OUT013,Tier 3,High,Supermarket Type1,0.114318263,9.6,186.621,4.6,9,16.32468821
Regular,FDR11,Breads,2014,OUT013,Tier 3,High,Supermarket Type1,0.142419608,16.6,108.86,4.6,9,7.643610422
Regular,FDY35,Breads,2014,OUT013,Tier 3,High,Supermarket Type1,0.0160526,6.38,144.047,4.6,9,89.73437325
Regular,FDY35,Breads,2014,OUT013,Tier 3,High,Supermarket Type1,0.016024651,5.5,100.102,4.6,9,62.46750709
Low Fat,FDU59,Breads,2014,OUT013,Tier 3,High,Supermarket Type1,0.096536082,16.85,144.976,4.6,9,15.01780443
Regular,FDX35,Breads,2014,OUT013,Tier 3,High,Supermarket Type1,0.080072603,20.75,104.162,4.6,9,13.00844435
Low Fat,FDW59,Breads,2014,OUT013,Tier 3,High,Supermarket Type1,0.020711996,9.695,224.84,4.6,9,108.5554478
Low Fat,FDV59,Breads,2014,OUT013,Tier 3,High,Supermarket Type1,0.0586417345,7.895,100.733,4.6,9,17.17769791
Low Fat,FDV35,Breads,2014,OUT013,Tier 3,High,Supermarket Type1,0.128728258,10.5,48.8376,4.6,9,3.793852318
Low Fat,FDR47,Breads,2014,OUT013,Tier 3,High,Supermarket Type1,0.0586417345,20.5,83.7592,4.6,9,14.28320644
Low Fat,FDV59,Breads,2014,OUT013,Tier 3,High,Supermarket Type1,0.048124443,11.3,96.3094,4.6,9,20.01257448
Low Fat,FDS23,Breads,2014,OUT013,Tier 3,High,Supermarket Type1,0.141108156,15.25,179.866,4.6,9,12.74667639
Low Fat,FDS47,Breads,2022,OUT018,Tier 3,Medium,Supermarket Type2,0.12888573,13.35,217.617,4.6,1,16.8844914
Low Fat,FDS47,Breads,2022,OUT018,Tier 3,Medium,Supermarket Type2,0.12961476,12.6,33.4874,4.6,1,2.583610077
Low Fat,FDU35,Breads,2022,OUT018,Tier 3,Medium,Supermarket Type2,0.0586417345,15.7,179.763,4.6,1,30.65444799
Low Fat,FDP11,Breads,2022,OUT018,Tier 3,Medium,Supermarket Type2,0.068765925,19.5,155.331,4.6,1,22.58836771
Low Fat,FDR23,Breads,2022,OUT018,Tier 3,Medium,Supermarket Type2,0.08139146,6.98,82.4934,4.6,1,10.13538767
Low Fat,FDQ23,Breads,2022,OUT018,Tier 3,Medium,Supermarket Type2,0.024407061,13.8,246.28,4.6,1,100.9052257
Regular,FDP59,Breads,2022,OUT018,Tier 3,Medium,Supermarket Type2,0.056580228,7.5,177.903,4.6,1,31.44260925
Low Fat,FDT59,Breads,2022,OUT018,Tier 3,Medium,Supermarket Type2,0.0586417345,5.46,185.224,4.6,1,31.58569602
Low Fat,FDU59,Breads,2018,OUT027,Tier 3,Medium,Supermarket Type3,0.096386227,12.6,93.6094,4.6,5,9.711906246
Low Fat,FDS23,Breads,2018,OUT027,Tier 3,Medium,Supermarket Type3,0.141174838,12.6,109.194,4.6,5,7.734664445
Low Fat,FDS35,Breads,2018,OUT027,Tier 3,Medium,Supermarket Type3,0.11144608,12.6,159.758,4.6,5,14.33500398
Low Fat,FDX59,Breads,2018,OUT027,Tier 3,Medium,Supermarket Type3,0.051766042,12.6,121.607,4.6,5,23.49165501
Regular,FDS11,Breads,2018,OUT027,Tier 3,Medium,Supermarket Type3,0.05587277,12.6,62.4194,4.6,5,11.17170314
Low Fat,FDV23,Breads,2018,OUT027,Tier 3,Medium,Supermarket Type3,0.105816753,12.6,178.432,4.6,5,16.86235827
Regular,FDS59,Breads,2018,OUT027,Tier 3,Medium,Supermarket Type3,0.04407225,12.6,177.237,4.6,5,40.21510134
Regular,FDY35,Breads,2018,OUT027,Tier 3,Medium,Supermarket Type3,0.016060186,12.6,182.061,4.6,5,113.3617008
Regular,FDZ35,Breads,2018,OUT027,Tier 3,Medium,Supermarket Type3,0.022278477,12.6,235.259,4.6,5,105.5992292
Low Fat,FDR23,Breads,2018,OUT027,Tier 3,Medium,Supermarket Type3,0.081914677,12.6,173.574,4.6,5,21.18960928
Low Fat,FDS23,Breads,2020,OUT017,Tier 2,Small,Supermarket Type1,0.246678647,12.15,151.471,4.5,3,6.140417983
Low Fat,FDU23,Breads,2022,OUT018,Tier 3,Medium,Supermarket Type2,0.0586417345,11.65,227.069,4.5,1,38.72139901
Low Fat,FDW47,Breads,2017,OUT035,Tier 2,Small,Supermarket Type1,0.046375227,17.6,160.692,4.5,6,34.65039643
Regular,FDS11,Breads,2022,OUT018,Tier 3,Medium,Supermarket Type2,0.055558509,5.465,132.563,4.5,1,23.86007155
Regular,FDQ59,Breads,2011,OUT010,Tier 3,Small,Grocery Store,0.056386541,17.85,196.579,4.5,12,34.86275209
Regular,FDR59,Breads,2011,OUT010,Tier 3,Small,Grocery Store,0.063863551,6.67,130.063,4.5,12,20.36576388
Regular,FDP59,Breads,2017,OUT035,Tier 2,Small,Supermarket Type1,0.056465714,7.63,95.4436,4.5,6,16.9029298
Regular,FDY47,Breads,2016,OUT046,Tier 1,Small,Supermarket Type1,0.054594957,16.85,91.4488,4.5,7,16.75041158
Regular,FDZ35,Breads,2022,OUT018,Tier 3,Medium,Supermarket Type2,0.022404493,13,46.306,4.5,1,20.6681758
Low Fat,FDV59,Breads,2012,OUT049,Tier 1,Medium,Supermarket Type1,0.048017962,8.695,95.5094,4.5,11,19.89034853
Low Fat,FDV47,Breads,2015,OUT045,Tier 2,Small,Supermarket Type1,0.054197299,13.35,216.717,4.5,8,39.98667904
Low Fat,FDP11,Breads,2018,OUT027,Tier 3,Medium,Supermarket Type3,0.11566015,12.6,164.518,4.5,5,14.22425961
Regular,FDT11,Breads,2014,OUT013,Tier 3,High,Supermarket Type1,0.049163321,13.6,175.437,4.5,9,35.68452994
Regular,FDR59,Breads,2018,OUT027,Tier 3,Medium,Supermarket Type3,0.106894492,12.6,231.764,4.5,5,21.68156616
Low Fat,FDW47,Breads,2020,OUT017,Tier 2,Medium,Supermarket Type1,0.046336634,14.3,78.6328,4.5,3,16.96989902
Regular,FDY47,Breads,2012,OUT049,Tier 1,Medium,Supermarket Type1,0.05443912,20.7,123.439,4.5,11,22.67468688
Regular,FDR59,Breads,2014,OUT013,Tier 3,High,Supermarket Type1,0.063810405,6.57,259.728,4.5,9,40.70307969
Regular,FDX47,Breads,2015,OUT045,Tier 2,Medium,Supermarket Type1,0.034745307,16.6,175.574,4.5,8,50.53171641
Regular,FDN23,Breads,2017,OUT035,Tier 2,Small,Supermarket Type1,0.075142108,19,104.362,4.5,6,13.88861755
Regular,FDS59,Breads,2020,OUT017,Tier 2,Medium,Supermarket Type1,0.04368089,9,152.202,4.5,3,34.84407026
Regular,FDZ35,Breads,2012,OUT049,Tier 1,Medium,Supermarket Type1,0.022170592,20.35,120.907,4.5,11,54.5348541
Regular,FDR59,Breads,2020,OUT017,Tier 2,Medium,Supermarket Type1,0.063993068,17.7,165.982,4.5,3,25.93749686
Low Fat,FDW47,Breads,2011,OUT010,Tier 3,Medium,Grocery Store,0.046447328,17.5,141.718,4.5,12,30.51155063
Regular,FDV11,Breads,2014,OUT013,Tier 3,High,Supermarket Type1,0.081794766,17,125.073,4.5,9,15.2910762
Regular,FDR59,Breads,2016,OUT046,Tier 1,Small,Supermarket Type1,0.063962842,11.85,96.4726,4.5,7,15.08260061
Low Fat,FDR23,Breads,2011,OUT010,Tier 3,Medium,Grocery Store,0.143199389,20.85,192.248,4.5,12,13.42519695
Low Fat,FDS23,Breads,2012,OUT049,Tier 1,Medium,Supermarket Type1,0.140889111,13.6,176.737,4.5,11,12.54440451
Low Fat,FDR35,Breads,2020,OUT017,Tier 2,Medium,Supermarket Type1,0.020697723,12.15,253.704,4.5,3,122.5758022
Low Fat,FDP23,Breads,2020,OUT017,Tier 2,Medium,Supermarket Type1,0.03558013,12.8,226.04,4.5,3,63.52984095
Regular,FDQ59,Breads,2011,OUT010,Tier 3,Medium,Grocery Store,0.056375879,12.15,122.973,4.5,12,21.81305235
Regular,FDS59,Breads,2012,OUT049,Tier 1,Medium,Supermarket Type1,0.043885147,20.5,108.96,4.5,11,24.82844594
Low Fat,FDV59,Breads,2012,OUT049,Tier 1,Medium,Supermarket Type1,0.080387424,4.635,128.299,4.5,11,15.96008351
Regular,FDY35,Breads,2012,OUT049,Tier 1,Medium,Supermarket Type1,0.026827052,6.65,149.573,4.5,11,55.75454209
Low Fat,FDS35,Breads,2012,OUT049,Tier 1,Medium,Supermarket Type1,0.111127966,16.7,110.189,4.5,11,9.915505877
Regular,FDQ47,Breads,2012,OUT049,Tier 1,Medium,Supermarket Type1,0.168871496,5.19,195.911,4.5,11,11.60118816
Regular,FDY35,Breads,2012,OUT049,Tier 1,Medium,Supermarket Type1,0.016092971,18.2,38.419,4.5,11,23.87315555
Regular,FDT23,Breads,2012,OUT049,Tier 1,Medium,Supermarket Type1,0.075035902,10.5,159.295,4.5,11,21.22917107
Regular,FDT11,Breads,2012,OUT049,Tier 1,Medium,Supermarket Type1,0.02923013,12.85,185.161,4.5,11,63.34593791
Low Fat,FDW11,Breads,2012,OUT049,Tier 1,Medium,Supermarket Type1,0.049058014,19.6,150.902,4.5,11,30.75990805
Regular,FDO11,Breads,2012,OUT049,Tier 1,Medium,Supermarket Type1,0.030118338,7.285,174.705,4.5,11,58.00618879
Low Fat,FDW35,Breads,2012,OUT049,Tier 1,Medium,Supermarket Type1,0.011106465,8.51,195.648,4.5,11,176.15686
Regular,FDT47,Breads,2012,OUT049,Tier 1,Medium,Supermarket Type1,0.02454694,12.15,149.071,4.5,11,60.7289544
Regular,FDZ35,Breads,2012,OUT049,Tier 1,Medium,Supermarket Type1,0.0586417345,19.6,88.7514,4.5,11,15.13451141
Low Fat,FDQ23,Breads,2012,OUT049,Tier 1,Medium,Supermarket Type1,0.042941559,19.1,183.761,4.5,11,42.79327632
Regular,FDX47,Breads,2012,OUT049,Tier 1,Medium,Supermarket Type1,0.060587738,17.75,34.8216,4.5,11,5.747301541
Regular,FDX47,Breads,2012,OUT049,Tier 1,Medium,Supermarket Type1,0.034604343,6.405,128.768,4.5,11,37.21151417
Low Fat,FDS23,Breads,2012,OUT049,Tier 1,Medium,Supermarket Type1,0.141686037,12.35,119.112,4.5,11,8.406756412
Low Fat,FDU11,Breads,2012,OUT049,Tier 1,Medium,Supermarket Type1,0.0931174,20.75,161.558,4.5,11,17.34992601
Low Fat,FDO23,Breads,2012,OUT049,Tier 1,Medium,Supermarket Type1,0.147255604,21.25,120.876,4.5,11,8.208584035
Regular,FDT11,Breads,2012,OUT049,Tier 1,Medium,Supermarket Type1,0.029366813,16.2,156.797,4.5,11,53.39258298
Regular,FDS11,Breads,2012,OUT049,Tier 1,Medium,Supermarket Type1,0.055548003,16,225.64,4.5,11,40.62072222
Low Fat,FDR23,Breads,2012,OUT049,Tier 1,Medium,Supermarket Type1,0.13689554,8.115,154.997,4.5,11,11.32228267
Regular,FDV11,Breads,2012,OUT049,Tier 1,Medium,Supermarket Type1,0.136695145,19.7,256.101,4.5,11,18.73519356
Regular,FDS59,Breads,2012,OUT049,Tier 1,Medium,Supermarket Type1,0.073468631,11.8,223.577,4.5,11,30.43162734
Low Fat,FDR23,Breads,2012,OUT049,Tier 1,Medium,Supermarket Type1,0.082120687,8.35,76.5354,4.5,11,9.319868452
Low Fat,FDR47,Breads,2012,OUT049,Tier 1,Medium,Supermarket Type1,0.087824967,20.1,152.137,4.5,11,17.3227506
Regular,FDT11,Breads,2012,OUT049,Tier 1,Medium,Supermarket Type1,0.029492018,7.59,172.908,4.5,11,58.6287449
Regular,FDV11,Breads,2012,OUT049,Tier 1,Medium,Supermarket Type1,0.0586417345,5.095,141.884,4.5,11,24.19505514
Regular,FDS11,Breads,2012,OUT049,Tier 1,Medium,Supermarket Type1,0.055644887,17.25,93.412,4.5,11,16.78716681
Low Fat,FDV23,Breads,2018,OUT019,Tier 1,Small,Grocery Store,0.185306514,12.6,233.164,4.5,5,12.58261218
Regular,FDQ11,Breads,2018,OUT019,Tier 1,Small,Grocery Store,0.118535581,12.6,163.221,4.5,5,13.76978951
Low Fat,FDW59,Breads,2018,OUT019,Tier 1,Small,Grocery Store,0.020715913,12.6,93.0462,4.5,5,44.91532669
Low Fat,FDW59,Breads,2018,OUT019,Tier 1,Small,Grocery Store,0.020833091,12.6,185.061,4.5,5,88.83031327
Regular,FDT47,Breads,2018,OUT019,Tier 1,Small,Grocery Store,0.02455854,12.6,254.101,4.5,5,103.46747
Regular,FDU47,Breads,2018,OUT019,Tier 1,Small,Grocery Store,0.114085368,12.6,195.248,4.5,5,17.11420171
Regular,FDX47,Breads,2018,OUT019,Tier 1,Small,Grocery Store,0.034800079,12.6,160.955,4.5,5,46.25133179
Low Fat,FDS47,Breads,2018,OUT019,Tier 1,Small,Grocery Store,0.128861359,12.6,78.6618,4.5,5,6.104374547
Low Fat,FDU59,Breads,2018,OUT019,Tier 1,Small,Grocery Store,0.096306016,12.6,113.283,4.5,5,11.76281656
Low Fat,FDP23,Breads,2018,OUT019,Tier 1,Small,Grocery Store,0.0586417345,12.6,110.657,4.5,5,18.87000801
Low Fat,FDU23,Breads,2018,OUT019,Tier 1,Small,Grocery Store,0.021705417,12.6,141.647,4.5,5,65.25882456
Regular,FDN23,Breads,2018,OUT019,Tier 1,Small,Grocery Store,0.075444922,12.6,173.074,4.5,5,22.94044389
Regular,FDT23,Breads,2018,OUT019,Tier 1,Small,Grocery Store,0.074669288,12.6,172.676,4.5,5,23.12543813
Low Fat,FDV47,Breads,2018,OUT019,Tier 1,Small,Grocery Store,0.054162439,12.6,257.73,4.5,5,47.58463702
Low Fat,FDT59,Breads,2018,OUT019,Tier 1,Small,Grocery Store,0.015976249,12.6,131.028,4.5,5,82.01424502
Regular,FDQ11,Breads,2018,OUT019,Tier 1,Small,Grocery Store,0.06797671,12.6,159.026,4.5,5,23.39418898
Regular,FDZ35,Breads,2018,OUT019,Tier 1,Small,Grocery Store,0.02236923,12.6,212.19,4.5,5,94.85798125
Low Fat,FDU23,Breads,2016,OUT046,Tier 1,Small,Supermarket Type1,0.021618297,12.65,231.401,4.5,7,107.0394213
Low Fat,FDP23,Breads,2016,OUT046,Tier 1,Small,Supermarket Type1,0.035414528,5.655,165.05,4.5,7,46.60516724
Low Fat,FDU11,Breads,2016,OUT046,Tier 1,Small,Supermarket Type1,0.092145264,16.75,87.6856,4.5,7,9.516018099
Low Fat,FDU35,Breads,2016,OUT046,Tier 1,Small,Supermarket Type1,0.078831762,8.895,178.437,4.5,7,22.63516576
Low Fat,FDU59,Breads,2016,OUT046,Tier 1,Small,Supermarket Type1,0.095919472,12.1,163.553,4.5,7,17.05107384
Regular,FDX47,Breads,2016,OUT046,Tier 1,Small,Supermarket Type1,0.03443677,17.25,92.412,4.5,7,26.83526939
Low Fat,FDU11,Breads,2016,OUT046,Tier 1,Small,Supermarket Type1,0.092781435,5.155,246.078,4.5,7,26.52233176
Low Fat,FDU23,Breads,2016,OUT046,Tier 1,Small,Supermarket Type1,0.021757269,6.695,219.446,4.5,7,100.8610042
Regular,FDN23,Breads,2016,OUT046,Tier 1,Small,Supermarket Type1,0.075625152,12.15,252.17,4.5,7,33.34472637
Regular,FDY35,Breads,2016,OUT046,Tier 1,Small,Supermarket Type1,0.028062401,6.425,175.371,4.5,7,62.49322715
Low Fat,FDR47,Breads,2016,OUT046,Tier 1,Small,Supermarket Type1,0.087963415,16.75,255.399,4.5,7,29.03468448
Regular,FDV11,Breads,2016,OUT046,Tier 1,Small,Supermarket Type1,0.081652352,7.685,145.276,4.5,7,17.79201657
Regular,FDY47,Breads,2016,OUT046,Tier 1,Small,Supermarket Type1,0.054220618,18,158.96,4.5,7,29.31726083
Low Fat,FDQ23,Breads,2016,OUT046,Tier 1,Small,Supermarket Type1,0.024521191,18.2,43.0086,4.5,7,17.53936014
Low Fat,FDW35,Breads,2016,OUT046,Tier 1,Small,Supermarket Type1,0.011111714,6.57,191.482,4.5,7,172.3244497
Low Fat,FDT59,Breads,2016,OUT046,Tier 1,Small,Supermarket Type1,0.015943701,6.635,174.94,4.5,7,109.723583
Regular,FDS59,Breads,2016,OUT046,Tier 1,Small,Supermarket Type1,0.043982464,8.97,52.7956,4.5,7,12.00378405
Low Fat,FDU23,Breads,2016,OUT046,Tier 1,Small,Supermarket Type1,0.036360676,13.15,179.569,4.5,7,49.38549547
Low Fat,FDW11,Breads,2016,OUT046,Tier 1,Small,Supermarket Type1,0.048741487,20.2,94.1462,4.5,7,19.31541399
Low Fat,FDW35,Breads,2016,OUT046,Tier 1,Small,Supermarket Type1,0.011134397,21.25,182.361,4.5,7,163.7816579
Low Fat,FDO23,Breads,2016,OUT046,Tier 1,Small,Supermarket Type1,0.0586417345,9.395,107.228,4.5,7,18.28527088
Regular,FDT35,Breads,2016,OUT046,Tier 1,Small,Supermarket Type1,0.081916124,17.85,189.719,4.5,7,23.16015343
Low Fat,FDU23,Breads,2016,OUT046,Tier 1,Small,Supermarket Type1,0.021719387,8.115,154.897,4.5,7,71.31739031
Regular,FDQ47,Breads,2016,OUT046,Tier 1,Small,Supermarket Type1,0.168154574,8.975,103.399,4.5,7,6.149044747
Regular,FDX47,Breads,2016,OUT046,Tier 1,Small,Supermarket Type1,0.034575546,10.3,77.896,4.5,7,22.52921762
Regular,FDT47,Breads,2016,OUT046,Tier 1,Small,Supermarket Type1,0.02439015,11.35,87.9856,4.5,7,36.07423489
Low Fat,FDW11,Breads,2016,OUT046,Tier 1,Small,Supermarket Type1,0.0489808,11.85,164.753,4.5,7,33.63624114
Regular,FDN23,Breads,2016,OUT046,Tier 1,Small,Supermarket Type1,0.075507758,15.1,219.417,4.5,7,29.05886836
Low Fat,FDP11,Breads,2015,OUT045,Tier 2,Medium,Supermarket Type1,0.069087481,6.675,34.9874,4.5,8,5.064217061
Regular,FDX35,Breads,2020,OUT017,Tier 2,Medium,Supermarket Type1,0.0586417345,5.82,170.379,4.5,3,29.05422247
Low Fat,FDS35,Breads,2020,OUT017,Tier 2,Medium,Supermarket Type1,0.11184963,17.6,160.455,4.5,3,14.34559953
Regular,FDP59,Breads,2015,OUT045,Tier 2,Medium,Supermarket Type1,0.094512029,11.65,151.102,4.5,8,15.98759455
Low Fat,FDV23,Breads,2015,OUT045,Tier 2,Medium,Supermarket Type1,0.105324246,15.1,90.483,4.5,8,8.590899383
Regular,FDN23,Breads,2015,OUT045,Tier 2,Medium,Supermarket Type1,0.07566089,7.075,145.313,4.5,8,19.20582748
Low Fat,FDW47,Breads,2015,OUT045,Tier 2,Medium,Supermarket Type1,0.077622622,18.7,121.407,4.5,8,15.64067238
Low Fat,FDT59,Breads,2015,OUT045,Tier 2,Medium,Supermarket Type1,0.015908424,8.615,94.1436,4.5,8,59.1784579
Low Fat,FDX59,Breads,2015,OUT045,Tier 2,Small,Supermarket Type1,0.0514111,14.5,159.56,4.5,8,31.03609921
Low Fat,FDR23,Breads,2015,OUT045,Tier 2,Small,Supermarket Type1,0.081953387,16.75,190.816,4.5,8,23.28347942
Regular,FDQ47,Breads,2015,OUT045,Tier 2,Small,Supermarket Type1,0.168527463,18.2,44.1086,4.5,8,2.617294488
Low Fat,FDS47,Breads,2015,OUT045,Tier 2,Small,Supermarket Type1,0.128778474,21.25,232.83,4.5,8,18.079885
Low Fat,FDP23,Breads,2015,OUT045,Tier 2,Small,Supermarket Type1,0.035731825,11.1,120.112,4.5,8,33.61485175
Regular,FDX35,Breads,2015,OUT045,Tier 2,Small,Supermarket Type1,0.079844043,13,255.001,4.5,8,31.93738574
Low Fat,FDO23,Breads,2015,OUT045,Tier 2,Small,Supermarket Type1,0.14571827,15.7,57.8562,4.5,8,3.970414966
Low Fat,FDW47,Breads,2015,OUT045,Tier 2,Small,Supermarket Type1,0.046469277,20.35,75.8328,4.5,8,16.31891109
Low Fat,FDS23,Breads,2015,OUT045,Tier 2,Small,Supermarket Type1,0.14086247,4.59,111.186,4.5,8,7.893230894
Low Fat,FDV35,Breads,2020,OUT017,Tier 2,Small,Supermarket Type1,0.128181759,11.65,150.502,4.5,3,11.7412962
Low Fat,FDU35,Breads,2020,OUT017,Tier 2,Small,Supermarket Type1,0.132590283,15.75,196.545,4.5,3,14.82348446
Low Fat,FDR35,Breads,2020,OUT017,Tier 2,Small,Supermarket Type1,0.020782036,16.75,86.1856,4.5,3,41.47120138
Low Fat,FDR35,Breads,2020,OUT017,Tier 2,Small,Supermarket Type1,0.020597493,7.935,51.435,4.5,3,24.97148561
Regular,FDP59,Breads,2020,OUT017,Tier 2,Small,Supermarket Type1,0.056192276,19.6,46.3718,4.5,3,8.252344148
Regular,FDR11,Breads,2020,OUT017,Tier 2,Small,Supermarket Type1,0.142759833,6.055,160.358,4.5,3,11.23271137
Regular,FDY47,Breads,2020,OUT017,Tier 2,Small,Supermarket Type1,0.091195818,6.655,212.459,4.5,3,23.29701127
Low Fat,FDV23,Breads,2020,OUT017,Tier 2,Small,Supermarket Type1,0.1062679,9.6,140.815,4.5,3,13.25094408
Regular,FDY47,Breads,2020,OUT017,Tier 2,Small,Supermarket Type1,0.054706408,19.35,169.247,4.5,3,30.93732639
Regular,FDQ11,Breads,2020,OUT017,Tier 2,Small,Supermarket Type1,0.067373081,8.93,56.4614,4.5,3,8.38040938
Low Fat,FDP11,Breads,2020,OUT017,Tier 2,High,Supermarket Type1,0.069043044,16.25,115.218,4.5,3,16.68785055
Regular,FDT23,Breads,2020,OUT017,Tier 2,High,Supermarket Type1,0.074883035,19.5,55.4614,4.5,3,7.406403867
Regular,FDX35,Breads,2020,OUT017,Tier 2,High,Supermarket Type1,0.080362549,18.6,152.937,4.5,3,19.03087967
Low Fat,FDS35,Breads,2015,OUT045,Tier 2,High,Supermarket Type1,0.111673587,16.5,180.429,4.5,8,16.15681961
Low Fat,FDU11,Breads,2015,OUT045,Tier 2,High,Supermarket Type1,0.09297084,16.5,104.799,4.5,8,11.27224407
Low Fat,FDS35,Breads,2015,OUT045,Tier 2,High,Supermarket Type1,0.110681931,5.75,116.318,4.5,8,10.50921311
Low Fat,FDV35,Breads,2015,OUT045,Tier 2,High,Supermarket Type1,0.128206001,7.59,173.108,4.5,8,13.50233208
Regular,FDO11,Breads,2015,OUT045,Tier 2,High,Supermarket Type1,0.030264897,15.1,144.079,4.5,8,47.60597731
Low Fat,FDQ23,Breads,2015,OUT045,Tier 2,High,Supermarket Type1,0.024664556,20.2,175.803,4.5,8,71.27758554
Low Fat,FDW35,Breads,2015,OUT045,Tier 2,High,Supermarket Type1,0.01115195,8.63,114.652,4.5,8,102.8089258
Low Fat,FDO23,Breads,2020,OUT017,Tier 2,High,Supermarket Type1,0.146399663,16.7,189.621,4.5,3,12.95228391
Regular,FDY47,Breads,2020,OUT017,Tier 2,High,Supermarket Type1,0.054474158,5.325,53.2298,4.5,3,9.771569117
Regular,FDS59,Breads,2020,OUT017,Tier 2,High,Supermarket Type1,0.043856919,7.71,119.776,4.5,3,27.310628
Regular,FDR59,Breads,2020,OUT017,Tier 2,Medium,Supermarket Type1,0.063554289,13.8,76.2012,4.5,3,11.98993824
Regular,FDZ35,Breads,2020,OUT017,Tier 2,Medium,Supermarket Type1,0.022323658,5.15,122.939,4.5,3,55.07117158
Regular,FDP59,Breads,2020,OUT017,Tier 2,Medium,Supermarket Type1,0.056695731,9.035,151.071,4.5,3,26.64592154
Low Fat,FDW35,Breads,2020,OUT017,Tier 2,Medium,Supermarket Type1,0.0194158,15.7,204.998,4.5,3,105.5830818
Low Fat,FDU11,Breads,2020,OUT017,Tier 2,Medium,Supermarket Type1,0.092516598,9.6,191.087,4.5,3,20.65434788
Low Fat,FDT59,Breads,2020,OUT017,Tier 2,Medium,Supermarket Type1,0.016001434,14.85,154.463,4.5,3,96.53072343
Low Fat,FDR23,Breads,2015,OUT045,Tier 2,Medium,Supermarket Type1,0.0586417345,6.44,99.87,4.5,8,17.03053309
Regular,FDN23,Breads,2017,OUT035,Tier 2,Small,Supermarket Type1,0.07549348,10,262.723,4.5,6,34.80075365
Low Fat,FDS47,Breads,2017,OUT035,Tier 2,Small,Supermarket Type1,0.129086113,15.85,36.3506,4.5,6,2.815996171
Low Fat,FDR35,Breads,2017,OUT035,Tier 2,Small,Supermarket Type1,0.020729902,7.145,159.458,4.5,6,76.92173364
Low Fat,FDV47,Breads,2017,OUT035,Tier 2,Small,Supermarket Type1,0.0586417345,17.25,40.5822,4.5,6,6.920361471
Low Fat,FDR47,Breads,2017,OUT035,Tier 2,Small,Supermarket Type1,0.087604647,19.85,126.77,4.5,6,14.47069355
Low Fat,FDV35,Breads,2017,OUT035,Tier 2,Small,Supermarket Type1,0.128405328,5.82,168.379,4.5,6,13.11308515
Regular,FDX47,Breads,2017,OUT035,Tier 2,Small,Supermarket Type1,0.034658144,20.35,79.1328,4.5,6,22.83238248
Regular,FDY47,Breads,2017,OUT035,Tier 2,Small,Supermarket Type1,0.0586417345,21.1,143.479,4.5,6,24.46704574
Low Fat,FDW11,Breads,2017,OUT035,Tier 2,Small,Supermarket Type1,0.048857925,17.35,79.4618,4.5,6,16.26385075
Regular,FDT23,Breads,2017,OUT035,Tier 2,Small,Supermarket Type1,0.074847665,7.235,115.883,4.5,6,15.48251372
Low Fat,FDO23,Breads,2017,OUT035,Tier 2,Small,Supermarket Type1,0.25637539,12.6,210.861,4.5,6,8.224697386
Low Fat,FDP11,Breads,2017,OUT035,Tier 2,Small,Supermarket Type1,0.120986139,6.96,93.1146,4.5,6,7.696303128
Low Fat,FDV47,Breads,2017,OUT035,Tier 2,Small,Supermarket Type1,0.094910421,8.52,151.568,4.5,6,15.96958463
Low Fat,FDW47,Breads,2017,OUT035,Tier 2,Small,Supermarket Type1,0.081197035,15,61.9168,4.5,6,7.625500118
Low Fat,FDW59,Breads,2017,OUT035,Tier 2,Small,Supermarket Type1,0.03627089,11.85,51.2666,4.5,6,14.13436505
Regular,FDS11,Breads,2017,OUT035,Tier 2,Small,Supermarket Type1,0.097275777,11,221.58,4.5,6,22.77853818
Regular,FDS59,Breads,2017,OUT035,Tier 2,Small,Supermarket Type1,0.076851759,17.2,145.942,4.5,6,18.99006632
Regular,FDX35,Breads,2017,OUT035,Tier 2,Small,Supermarket Type1,0.139913045,11.35,182.461,4.5,6,13.04102845
Low Fat,FDU35,Breads,2017,OUT035,Tier 2,Small,Supermarket Type1,0.0586417345,11.6,170.211,4.5,6,29.02557393
Low Fat,FDX59,Breads,2017,OUT035,Tier 2,Small,Supermarket Type1,0.051661272,6.61,186.09,4.5,6,36.02118043
Low Fat,FDV59,Breads,2017,OUT035,Tier 2,Small,Supermarket Type1,0.048027043,7.21,102.633,4.5,6,21.36983532
Low Fat,FDP11,Breads,2017,OUT035,Tier 2,Small,Supermarket Type1,0.069100548,9.6,188.187,4.5,6,27.2337927
Regular,FDQ11,Breads,2017,OUT035,Tier 2,Small,Supermarket Type1,0.067700925,10.65,229.867,4.5,6,33.95330271
Regular,FDT11,Breads,2017,OUT035,Tier 2,Small,Supermarket Type1,0.029372367,17.6,38.119,4.5,6,12.97784411
Regular,FDT23,Breads,2017,OUT035,Tier 2,Small,Supermarket Type1,0.074731477,8.26,124.873,4.5,6,16.70955868
Regular,FDY47,Breads,2011,OUT010,Tier 3,Medium,Grocery Store,0.054484461,13.15,179.998,4.5,12,33.03657533
Low Fat,FDS35,Breads,2011,OUT010,Tier 3,Medium,Grocery Store,0.111220521,8.185,116.081,4.5,12,10.43701279
Low Fat,FDP23,Breads,2011,OUT010,Tier 3,Medium,Grocery Store,0.03565903,8.365,39.2506,4.5,12,11.0071979
Low Fat,FDV23,Breads,2011,OUT010,Tier 3,Medium,Grocery Store,0.106051405,8.42,65.4168,4.5,12,6.168404841
Low Fat,FDU23,Breads,2011,OUT010,Tier 3,Medium,Grocery Store,0.02176755,15,126.336,4.5,12,58.03868603
Low Fat,FDR35,Breads,2011,OUT010,Tier 3,Medium,Grocery Store,0.020739698,5.945,127.965,4.5,12,61.70051271
Low Fat,FDW59,Breads,2011,OUT010,Tier 3,Medium,Grocery Store,0.020757926,6.965,158.86,4.5,12,76.5298036
Low Fat,FDP11,Breads,2011,OUT010,Tier 3,Medium,Grocery Store,0.069240685,16.35,124.802,4.5,12,18.02437396
Low Fat,FDS47,Breads,2011,OUT010,Tier 3,High,Grocery Store,0.0586417345,9,169.482,4.5,12,28.90125973
Low Fat,FDP11,Breads,2011,OUT010,Tier 3,High,Grocery Store,0.069491408,14.1,198.808,4.5,12,28.60900444
Low Fat,FDV47,Breads,2011,OUT010,Tier 3,High,Grocery Store,0.054514169,20.75,161.058,4.5,12,29.54424564
Regular,FDQ59,Breads,2011,OUT010,Tier 3,High,Grocery Store,0.056500895,6.215,224.406,4.5,12,39.71724696
Regular,FDR11,Breads,2011,OUT010,Tier 3,High,Grocery Store,0.142827296,8.315,143.644,4.5,12,10.05718123
Regular,FDT11,Breads,2011,OUT010,Tier 3,High,Grocery Store,0.029538509,6.825,154.6,4.5,12,52.33845757
Regular,FDR59,Breads,2011,OUT010,Tier 3,High,Grocery Store,0.064224789,13,196.243,4.5,12,30.55564729
Low Fat,FDW35,Breads,2011,OUT010,Tier 3,High,Grocery Store,0.011087128,5.325,55.5298,4.5,12,50.08492731
Low Fat,FDR35,Breads,2011,OUT010,Tier 3,High,Grocery Store,0.020693809,10.195,141.884,4.5,12,68.56350129
Regular,FDQ11,Breads,2011,OUT010,Tier 3,High,Grocery Store,0.067688124,13.5,81.096,4.5,12,11.98083138
Regular,FDZ35,Breads,2011,OUT010,Tier 3,Small,Grocery Store,0.022274264,15.6,173.676,4.5,12,77.97159987
Regular,FDR11,Breads,2011,OUT010,Tier 3,Small,Grocery Store,0.142511272,8.5,51.3324,4.5,12,3.601988761
Regular,FDR59,Breads,2014,OUT013,Tier 3,High,Supermarket Type1,0.063851475,13.5,88.054,4.5,9,13.79044102
Regular,FDQ47,Breads,2014,OUT013,Tier 3,High,Supermarket Type1,0.281509514,8.06,232.333,4.5,9,8.253113605
Regular,FDO11,Breads,2014,OUT013,Tier 3,High,Supermarket Type1,0.050657232,20.7,183.527,4.5,9,36.22918047
Low Fat,FDQ23,Breads,2014,OUT013,Tier 3,High,Supermarket Type1,0.024505418,19.25,54.6956,4.5,9,22.31979883
Low Fat,FDX59,Breads,2014,OUT013,Tier 3,High,Supermarket Type1,0.051618281,15.6,75.567,4.5,9,14.63958089
Low Fat,FDR35,Breads,2014,OUT013,Tier 3,High,Supermarket Type1,0.020680499,9.6,141.015,4.5,9,68.18742623
Low Fat,FDR23,Breads,2014,OUT013,Tier 3,High,Supermarket Type1,0.081719458,12.35,112.252,4.5,9,13.7362634
Low Fat,FDO23,Breads,2014,OUT013,Tier 3,High,Supermarket Type1,0.146305498,5.82,169.379,4.5,9,11.57707689
Regular,FDQ59,Breads,2014,OUT013,Tier 3,High,Supermarket Type1,0.056339618,11.3,181.466,4.5,9,32.20930607
Low Fat,FDX59,Breads,2014,OUT013,Tier 3,High,Supermarket Type1,0.051871718,17.7,166.282,4.5,9,32.05638957
Low Fat,FDV47,Breads,2014,OUT013,Tier 3,High,Supermarket Type1,0.054428368,18.6,153.137,4.5,9,28.13551198
Low Fat,FDS47,Breads,2014,OUT013,Tier 3,High,Supermarket Type1,0.0586417345,17.6,163.353,4.5,9,27.85609965
Low Fat,FDR47,Breads,2014,OUT013,Tier 3,High,Supermarket Type1,0.087045086,7.27,89.0488,4.5,9,10.23019266
Low Fat,FDT59,Breads,2014,OUT013,Tier 3,High,Supermarket Type1,0.01583438,10.895,122.973,4.5,9,77.66202403
Low Fat,FDW11,Breads,2014,OUT013,Tier 3,High,Supermarket Type1,0.048545853,5.82,257.633,4.5,9,53.07003257
Regular,FDQ59,Breads,2014,OUT013,Tier 3,High,Supermarket Type1,0.0586417345,12.3,176.14,4.5,9,30.03662861
Regular,FDS11,Breads,2014,OUT013,Tier 3,High,Supermarket Type1,0.055289464,13.5,81.396,4.5,9,14.7217922
Regular,FDY35,Breads,2014,OUT013,Tier 3,High,Supermarket Type1,0.015950066,8.51,172.942,4.5,9,108.4271375
Regular,FDL25,Breakfast,2022,OUT018,Tier 3,Medium,Supermarket Type2,0.131128467,17.5,259.73,4.5,1,19.80729326
Regular,FDP01,Breakfast,2022,OUT018,Tier 3,Medium,Supermarket Type2,0.105994654,12.85,253.004,4.5,1,23.86950572
Regular,FDL13,Breakfast,2022,OUT018,Tier 3,Medium,Supermarket Type2,0.098606543,15.6,111.854,4.5,1,11.34346633
Regular,FDO01,Breakfast,2022,OUT018,Tier 3,Medium,Supermarket Type2,0.020718655,20.7,184.127,4.5,1,88.87015108
Low Fat,FDO37,Breakfast,2022,OUT018,Tier 3,Medium,Supermarket Type2,0.021420031,17,248.343,4.5,1,115.9396081
Low Fat,FDM13,Breakfast,2022,OUT018,Tier 3,Medium,Supermarket Type2,0.063432676,11.1,189.285,4.5,1,29.84029871
Regular,FDK25,Breakfast,2022,OUT018,Tier 3,Medium,Supermarket Type2,0.156072361,19.75,119.847,4.5,1,7.678938105
Regular,FDP49,Breakfast,2022,OUT018,Tier 3,Medium,Supermarket Type2,0.069196376,6.57,261.428,4.5,1,37.78059128
Regular,FDL13,Breakfast,2022,OUT018,Tier 3,Medium,Supermarket Type2,0.056406129,16.6,109.86,4.5,1,19.47660688
Regular,FDQ49,Breakfast,2022,OUT018,Tier 3,Medium,Supermarket Type2,0.039057677,19.35,65.6168,4.5,1,16.79997507
Regular,FDM01,Breakfast,2022,OUT018,Tier 3,Medium,Supermarket Type2,0.094488485,8.6,112.618,4.5,1,11.91870099
Low Fat,FDN01,Breakfast,2022,OUT018,Tier 3,Medium,Supermarket Type2,0.069088961,14.6,47.5692,4.5,1,6.885209925
Regular,FDR37,Breakfast,2022,OUT018,Tier 3,Medium,Supermarket Type2,0.066383907,20.6,212.924,4.5,1,32.07464122
Low Fat,FDO37,Breakfast,2022,OUT018,Tier 3,Medium,Supermarket Type2,0.021358889,20.2,128.368,4.5,1,60.10050429
Regular,FDL13,Breakfast,2022,OUT018,Tier 3,Medium,Supermarket Type2,0.056637129,15.25,179.766,4.5,1,31.73995631
Low Fat,FDO37,Breakfast,2018,OUT027,Tier 3,Medium,Supermarket Type3,0.069088961,12.6,216.917,4.5,5,31.39676684
Regular,FDN25,Breakfast,2018,OUT027,Tier 3,Medium,Supermarket Type3,0.061424738,12.6,177.837,4.5,5,28.95201604
Low Fat,FDN01,Breakfast,2018,OUT027,Tier 3,Medium,Supermarket Type3,0.07204818,12.6,196.777,4.5,5,27.3118627
Regular,FDO49,Breakfast,2018,OUT027,Tier 3,Medium,Supermarket Type3,0.032892112,12.6,265.288,4.5,5,80.6539878
Low Fat,FDQ37,Breakfast,2018,OUT027,Tier 3,Medium,Supermarket Type3,0.149404057,12.6,256.165,4.5,5,17.14578607
Low Fat,FDN13,Breakfast,2018,OUT027,Tier 3,Medium,Supermarket Type3,0.152294691,12.6,225.306,4.5,5,14.79408104
Regular,FDK25,Breakfast,2018,OUT027,Tier 3,Medium,Supermarket Type3,0.157075658,12.6,157.563,4.5,5,10.03102594
Regular,FDN25,Breakfast,2018,OUT027,Tier 3,Medium,Supermarket Type3,0.107110465,12.6,61.5536,4.5,5,5.746740059
Regular,FDP01,Breakfast,2018,OUT027,Tier 3,Medium,Supermarket Type3,0.063313974,12.6,35.919,4.5,5,5.673155187
Low Fat,FDP37,Breakfast,2018,OUT027,Tier 3,Medium,Supermarket Type3,0.142986863,12.6,162.689,4.5,5,11.3778984
Regular,FDL13,Breakfast,2018,OUT027,Tier 3,Medium,Supermarket Type3,0.056547986,12.6,190.853,4.5,5,33.7506273
Regular,FDM01,Breakfast,2018,OUT027,Tier 3,Medium,Supermarket Type3,0.095102092,12.6,160.792,4.5,5,16.90730421
Regular,FDQ49,Breakfast,2018,OUT027,Tier 3,Medium,Supermarket Type3,0.039469737,12.6,181.598,4.5,5,46.00942743
Regular,FDN25,Breakfast,2018,OUT027,Tier 3,Medium,Supermarket Type3,0.061124626,12.6,253.87,4.5,5,41.53317846
Regular,FDL13,Breakfast,2018,OUT027,Tier 3,Medium,Supermarket Type3,0.056271701,12.6,39.548,4.5,5,7.028044167
Regular,FDQ49,Breakfast,2018,OUT027,Tier 3,Medium,Supermarket Type3,0.039215075,12.6,81.9934,4.5,5,20.90864291
Regular,FDM25,Breakfast,2018,OUT027,Tier 3,Medium,Supermarket Type3,0.060912865,12.6,153.3,4.5,5,25.1670973
Low Fat,FDO37,Breakfast,2018,OUT027,Tier 3,Medium,Supermarket Type3,0.021273161,12.6,78.5618,4.5,5,36.93000772
Low Fat,FDN01,Breakfast,2018,OUT027,Tier 3,Medium,Supermarket Type3,0.072545601,12.6,91.6804,4.5,5,12.63762361
Regular,FDO01,Breakfast,2018,OUT027,Tier 3,Medium,Supermarket Type3,0.020618324,12.6,162.521,4.5,5,78.8235746
Regular,FDM01,Breakfast,2018,OUT027,Tier 3,Medium,Supermarket Type3,0.0945493,12.6,81.496,4.5,5,8.619418652
Low Fat,FDQ37,Breakfast,2018,OUT027,Tier 3,Medium,Supermarket Type3,0.089260667,12.6,199.908,4.5,5,22.39597873
Regular,FDM01,Breakfast,2018,OUT027,Tier 3,Medium,Supermarket Type3,0.094567181,12.6,173.705,4.5,5,18.36842318
Low Fat,FDP37,Breakfast,2018,OUT027,Tier 3,Medium,Supermarket Type3,0.143396175,12.6,50.0034,4.5,5,3.487080461
Low Fat,FDP37,Breakfast,2018,OUT027,Tier 3,Medium,Supermarket Type3,0.143915417,12.6,102.333,4.5,5,7.110634992
Low Fat,FDN13,Breakfast,2018,OUT027,Tier 3,Medium,Supermarket Type3,0.151931742,12.6,133.794,4.5,5,8.806191401
Low Fat,FDP37,Breakfast,2018,OUT027,Tier 3,Medium,Supermarket Type3,0.143688905,12.6,120.944,4.5,5,8.417072981
Regular,FDP49,Breakfast,2014,OUT013,Tier 3,High,Supermarket Type1,0.069088961,8.93,53.8614,4.4,9,7.795948762
Low Fat,FDN01,Breakfast,2018,OUT027,Tier 3,Medium,Supermarket Type3,0.072511335,12.6,87.6198,4.4,5,12.08360045
Low Fat,FDO13,Breakfast,2012,OUT049,Tier 1,Medium,Supermarket Type1,0.106907604,8.365,38.0506,4.4,11,3.559204264
Low Fat,FDN13,Breakfast,2017,OUT035,Tier 2,Small,Supermarket Type1,0.152058281,8.75,187.456,4.4,6,12.32790472
Regular,FDP49,Breakfast,2022,OUT018,Tier 3,Medium,Supermarket Type2,0.069229076,19.75,212.09,4.4,1,30.63597151
Regular,FDM25,Breakfast,2022,OUT018,Tier 3,Medium,Supermarket Type2,0.061008889,7.855,188.519,4.4,1,30.90025127
Regular,FDM25,Breakfast,2014,OUT013,Tier 3,High,Supermarket Type1,0.060654268,11.8,151.437,4.4,9,24.9672455
Low Fat,FDN01,Breakfast,2018,OUT019,Tier 1,Small,Grocery Store,0.121180705,12.6,165.753,4.4,5,13.67816766
Regular,FDL13,Breakfast,2022,OUT018,Tier 3,Medium,Supermarket Type2,0.094265737,16.35,50.1324,4.4,1,5.318199549
Low Fat,FDN01,Breakfast,2018,OUT027,Tier 3,Medium,Supermarket Type3,0.072693696,12.6,177.937,4.4,5,24.47763834
Regular,FDM01,Breakfast,2018,OUT019,Tier 1,Small,Grocery Store,0.094952408,12.6,118.778,4.4,5,12.50921409
Low Fat,FDO37,Breakfast,2020,OUT017,Tier 2,Small,Supermarket Type1,0.021372636,9.285,246.414,4.4,3,115.2941546
Regular,FDM25,Breakfast,2014,OUT013,Tier 3,High,Supermarket Type1,0.060615254,7.975,85.225,4.4,9,14.05999223
Low Fat,FDO13,Breakfast,2014,OUT013,Tier 3,High,Supermarket Type1,0.06100886,6.59,85.6908,4.4,9,14.04563206
Low Fat,FDO13,Breakfast,2016,OUT046,Tier 1,Small,Supermarket Type1,0.061154604,6.445,92.6436,4.4,7,15.14908019
Low Fat,FDM13,Breakfast,2016,OUT046,Tier 1,Small,Supermarket Type1,0.063532672,6.11,130.497,4.4,7,20.54014035
Regular,FDK25,Breakfast,2016,OUT046,Tier 1,Small,Supermarket Type1,0.157149885,20.25,184.592,4.4,7,11.74623831
Low Fat,FDO13,Breakfast,2015,OUT045,Tier 2,Small,Supermarket Type1,0.061405051,20.85,105.665,4.4,8,17.2078678
Regular,FDO01,Breakfast,2020,OUT017,Tier 2,Small,Supermarket Type1,0.020750867,18.85,129.263,4.4,3,62.2928189
Regular,FDN49,Breakfast,2016,OUT046,Tier 1,Small,Supermarket Type1,0.125200788,13.1,117.378,4.4,7,9.37518061
Regular,FDL13,Breakfast,2015,OUT045,Tier 2,Small,Supermarket Type1,0.056432784,5.985,184.892,4.4,8,32.76322501
Regular,FDK25,Breakfast,2011,OUT010,Tier 3,Small,Grocery Store,0.157718931,16.35,163.884,4.4,12,10.3908896
Regular,FDR37,Breakfast,2018,OUT019,Tier 1,Small,Grocery Store,0.066352552,12.6,151.302,4.4,5,22.80274013
Regular,FDP01,Breakfast,2020,OUT017,Tier 2,Medium,Supermarket Type1,0.063684145,12.15,117.815,4.4,3,18.49989507
Regular,FDR37,Breakfast,2012,OUT049,Tier 1,Medium,Supermarket Type1,0.066237024,8.895,208.995,4.4,11,31.55259512
Regular,FDO49,Breakfast,2018,OUT027,Tier 3,Medium,Supermarket Type3,0.033052168,12.6,106.928,4.4,5,32.35128177
Regular,FDN25,Breakfast,2017,OUT035,Tier 2,Small,Supermarket Type1,0.061270647,15.35,145.047,4.4,6,23.67316278
Regular,FDL25,Breakfast,2018,OUT027,Tier 3,Medium,Supermarket Type3,0.131458247,12.6,189.921,4.4,5,14.44724879
Low Fat,FDN13,Breakfast,2018,OUT027,Tier 3,Medium,Supermarket Type3,0.266234421,12.6,183.427,4.4,5,6.889680129
Low Fat,FDO37,Breakfast,2018,OUT027,Tier 3,Medium,Supermarket Type3,0.021497594,12.6,182.032,4.4,5,84.67552229
Regular,FDO49,Breakfast,2018,OUT027,Tier 3,Medium,Supermarket Type3,0.05787008,12.6,241.885,4.4,5,41.79793773
Regular,FDN49,Breakfast,2022,OUT018,Tier 3,Medium,Supermarket Type2,0.125224466,5.82,171.379,4.4,1,13.68574413
Regular,FDQ49,Breakfast,2018,OUT027,Tier 3,Medium,Supermarket Type3,0.06871772,12.6,83.1276,4.4,5,12.09696713
Regular,FDN25,Breakfast,2018,OUT027,Tier 3,Medium,Supermarket Type3,0.061163967,12.6,154.631,4.4,5,25.2813883
Regular,FDK25,Breakfast,2017,OUT035,Tier 2,Small,Supermarket Type1,0.156802171,7.42,184.858,4.4,6,11.78925004
Regular,FDR37,Breakfast,2016,OUT046,Tier 1,Small,Supermarket Type1,0.110888167,7.67,33.1216,4.4,7,2.986937281
Low Fat,FDN13,Breakfast,2020,OUT017,Tier 2,Medium,Supermarket Type1,0.152918384,9.5,110.423,4.4,3,7.22104152
Regular,FDM25,Breakfast,2015,OUT045,Tier 2,Medium,Supermarket Type1,0.060371962,16,143.215,4.4,8,23.72210464
Regular,FDL25,Breakfast,2012,OUT049,Tier 1,Medium,Supermarket Type1,0.131665479,19.1,172.442,4.4,11,13.0969789
Regular,FDO01,Breakfast,2012,OUT049,Tier 1,Medium,Supermarket Type1,0.020760673,7.39,145.147,4.4,11,69.91440017
Low Fat,FDO37,Breakfast,2012,OUT049,Tier 1,Medium,Supermarket Type1,0.021409913,6.48,148.208,4.4,11,69.22400852
Regular,FDO49,Breakfast,2012,OUT049,Tier 1,Medium,Supermarket Type1,0.033103556,13.65,229.467,4.4,11,69.31793068
Regular,FDN49,Breakfast,2012,OUT049,Tier 1,Medium,Supermarket Type1,0.125419157,9.3,144.979,4.4,11,11.55955784
Low Fat,FDN01,Breakfast,2012,OUT049,Tier 1,Medium,Supermarket Type1,0.126760908,13,76.3986,4.4,11,6.026984281
Low Fat,FDP37,Breakfast,2012,OUT049,Tier 1,Medium,Supermarket Type1,0.250560049,12.15,211.993,4.4,11,8.460766225
Regular,FDK25,Breakfast,2012,OUT049,Tier 1,Medium,Supermarket Type1,0.274592283,12.5,103.899,4.4,11,3.783755278
Regular,FDP49,Breakfast,2012,OUT049,Tier 1,Medium,Supermarket Type1,0.120965853,8.26,113.383,4.4,11,9.37314103
Regular,FDR37,Breakfast,2012,OUT049,Tier 1,Medium,Supermarket Type1,0.066249551,19.7,125.936,4.4,11,19.00933638
Regular,FDQ49,Breakfast,2012,OUT049,Tier 1,Medium,Supermarket Type1,0.039247736,14.6,197.108,4.4,11,50.22149558
Low Fat,FDO13,Breakfast,2012,OUT049,Tier 1,Medium,Supermarket Type1,0.061183503,18.35,222.775,4.4,11,36.41095869
Low Fat,FDN13,Breakfast,2012,OUT049,Tier 1,Medium,Supermarket Type1,0.152366659,20.7,150.737,4.4,11,9.893043596
Low Fat,FDM13,Breakfast,2012,OUT049,Tier 1,Medium,Supermarket Type1,0.06316338,11.15,65.0142,4.4,11,10.29302105
Low Fat,FDQ37,Breakfast,2012,OUT049,Tier 1,Medium,Supermarket Type1,0.089243789,13.5,190.987,4.4,11,21.40059293
Low Fat,FDM13,Breakfast,2012,OUT049,Tier 1,Medium,Supermarket Type1,0.105742544,13.85,143.115,4.4,11,13.53428758
Low Fat,FDO37,Breakfast,2012,OUT049,Tier 1,Medium,Supermarket Type1,0.035780177,15.5,43.677,4.4,11,12.20703855
Regular,FDM25,Breakfast,2012,OUT049,Tier 1,Medium,Supermarket Type1,0.10154201,8.895,208.83,4.4,11,20.56587219
Regular,FDN49,Breakfast,2012,OUT049,Tier 1,Medium,Supermarket Type1,0.209600084,16,183.563,4.4,11,8.757773208
Low Fat,FDM13,Breakfast,2012,OUT049,Tier 1,Medium,Supermarket Type1,0.063122753,19.35,165.318,4.4,11,26.18992236
Low Fat,FDQ37,Breakfast,2012,OUT049,Tier 1,Medium,Supermarket Type1,0.089186387,20.25,240.354,4.4,11,26.94962853
Regular,FDP49,Breakfast,2012,OUT049,Tier 1,Medium,Supermarket Type1,0.069031467,10.895,121.873,4.4,11,17.65470231
Regular,FDR37,Breakfast,2012,OUT049,Tier 1,Medium,Supermarket Type1,0.06619442,18.25,155.663,4.4,11,23.51603051
Regular,FDP49,Breakfast,2012,OUT049,Tier 1,Medium,Supermarket Type1,0.069088961,7.825,155.229,4.4,11,22.46798877
Regular,FDN49,Breakfast,2012,OUT049,Tier 1,Medium,Supermarket Type1,0.125734578,8.75,187.656,4.4,11,14.92477272
Regular,FDO01,Breakfast,2012,OUT049,Tier 1,Medium,Supermarket Type1,0.020803054,12.5,91.7488,4.4,11,44.10352442
Low Fat,FDQ37,Breakfast,2012,OUT049,Tier 1,Medium,Supermarket Type1,0.088828418,16.25,152.468,4.4,11,17.16432685
Regular,FDM01,Breakfast,2012,OUT049,Tier 1,Medium,Supermarket Type1,0.094109236,16.5,102.133,4.4,11,10.85260112
Regular,FDP49,Breakfast,2012,OUT049,Tier 1,Medium,Supermarket Type1,0.068754395,17.75,140.384,4.4,11,20.41818563
Regular,FDR37,Breakfast,2012,OUT049,Tier 1,Medium,Supermarket Type1,0.065928735,20.6,187.756,4.4,11,28.47862924
Regular,FDL50,Canned,2012,OUT049,Tier 1,Medium,Supermarket Type1,0.042277867,6.155,213.356,4.4,11,50.46517602
Low Fat,FDX25,Canned,2012,OUT049,Tier 1,Medium,Supermarket Type1,0.101561568,11.35,102.602,4.4,11,10.10244348
Low Fat,FDV49,Canned,2012,OUT049,Tier 1,Medium,Supermarket Type1,0.025867353,13.35,179.466,4.4,11,69.37934469
Low Fat,FDX01,Canned,2012,OUT049,Tier 1,Medium,Supermarket Type1,0.024201905,16.85,110.054,4.4,11,45.47327989
Regular,FDU49,Canned,2012,OUT049,Tier 1,Medium,Supermarket Type1,0.030742083,6.11,43.0086,4.4,11,13.99013853
Low Fat,FDK02,Canned,2012,OUT049,Tier 1,Medium,Supermarket Type1,0.196490902,8.27,183.692,4.4,11,9.348626228
Regular,FDL02,Canned,2012,OUT049,Tier 1,Medium,Supermarket Type1,0.182236555,7.6,172.345,4.4,11,9.457213455
Regular,FDD38,Canned,2012,OUT049,Tier 1,Medium,Supermarket Type1,0.014342659,8.575,195.379,4.4,11,136.2223002
Low Fat,FDH38,Canned,2012,OUT049,Tier 1,Medium,Supermarket Type1,0.01043823,10.5,218.451,4.4,11,209.2797342
Low Fat,FDT49,Canned,2018,OUT019,Tier 1,Small,Grocery Store,0.151405587,12.6,92.4462,4.4,5,6.105864508
Low Fat,FDN02,Canned,2018,OUT019,Tier 1,Small,Grocery Store,0.073827748,12.6,42.2138,4.4,5,5.71787724
Regular,FDZ37,Canned,2018,OUT019,Tier 1,Small,Grocery Store,0.019768503,12.6,149.008,4.4,5,75.37647135
Low Fat,FDI14,Canned,2018,OUT019,Tier 1,Small,Grocery Store,0.089859642,12.6,227.801,4.4,5,25.35075757
Low Fat,FDW37,Canned,2018,OUT019,Tier 1,Small,Grocery Store,0.124301968,12.6,113.189,4.4,5,9.105970068
Low Fat,FDS13,Canned,2018,OUT019,Tier 1,Small,Grocery Store,0.125210375,12.6,150.437,4.4,5,12.01473919
Low Fat,FDC50,Canned,2018,OUT019,Tier 1,Small,Grocery Store,0.13727,12.6,120.841,4.4,5,8.803161652
Regular,FDK26,Canned,2018,OUT019,Tier 1,Small,Grocery Store,0.032242661,12.6,164.653,4.4,5,51.06681486
Regular,FDI50,Canned,2018,OUT019,Tier 1,Small,Grocery Store,0.030905215,12.6,86.3882,4.4,5,27.95262871
Regular,FDB26,Canned,2018,OUT019,Tier 1,Small,Grocery Store,0.031330907,12.6,125.802,4.4,5,40.15268374
Regular,FDY49,Canned,2018,OUT019,Tier 1,Small,Grocery Store,0.012036432,12.6,254.604,4.4,5,211.5278016
Regular,FDZ13,Canned,2018,OUT019,Tier 1,Small,Grocery Store,0.154363209,12.6,214.756,4.4,5,13.91238245
Low Fat,FDT49,Canned,2018,OUT019,Tier 1,Small,Grocery Store,0.151376958,12.6,174.937,4.4,5,11.55638231
Low Fat,FDS37,Canned,2018,OUT019,Tier 1,Small,Grocery Store,0.031938828,12.6,81.825,4.4,5,25.61928697
Low Fat,FDK50,Canned,2018,OUT019,Tier 1,Small,Grocery Store,0.028357839,12.6,231.83,4.4,5,81.75164546
Low Fat,FDG26,Canned,2018,OUT019,Tier 1,Small,Grocery Store,0.042641788,12.6,229.467,4.4,5,53.81270598
Low Fat,FDD14,Canned,2018,OUT019,Tier 1,Small,Grocery Store,0.169776346,12.6,110.154,4.4,5,6.488182989
Regular,FDD26,Canned,2018,OUT019,Tier 1,Small,Grocery Store,0.072141818,12.6,185.761,4.4,5,25.7494204
Regular,FDI02,Canned,2018,OUT019,Tier 1,Small,Grocery Store,0.11454343,12.6,182.161,4.4,5,15.90322553
Regular,FDL38,Canned,2018,OUT019,Tier 1,Small,Grocery Store,0.014720848,12.6,184.192,4.4,5,125.1232266
Regular,FDV13,Canned,2018,OUT019,Tier 1,Small,Grocery Store,0.02758789,12.6,44.2744,4.4,5,16.04849084
Low Fat,FDB50,Canned,2016,OUT046,Tier 1,Small,Supermarket Type1,0.154244343,6.85,261.259,4.4,7,16.93799558
Regular,FDB02,Canned,2016,OUT046,Tier 1,Small,Supermarket Type1,0.029283081,17.35,102.902,4.4,7,35.14042802
Regular,FDM50,Canned,2016,OUT046,Tier 1,Small,Supermarket Type1,0.030211742,17.75,112.454,4.4,7,37.22195165
Regular,FDC14,Canned,2016,OUT046,Tier 1,Small,Supermarket Type1,0.0534335745,5.78,163.555,4.4,7,30.60903215
Regular,FDH50,Canned,2016,OUT046,Tier 1,Small,Supermarket Type1,0.162093059,15.85,96.3094,4.4,7,5.941611602
Low Fat,FDI14,Canned,2016,OUT046,Tier 1,Small,Supermarket Type1,0.089243504,19.1,42.5138,4.4,7,4.76379771
Low Fat,FDU25,Canned,2016,OUT046,Tier 1,Small,Supermarket Type1,0.026552056,13.3,151.371,4.4,7,57.0091446
Regular,FDB14,Canned,2016,OUT046,Tier 1,Small,Supermarket Type1,0.102226474,7.85,145.244,4.4,7,14.20806121
Regular,FDH50,Canned,2016,OUT046,Tier 1,Small,Supermarket Type1,0.160653682,8.6,143.215,4.4,7,8.914517129
Low Fat,FDK38,Canned,2016,OUT046,Tier 1,Small,Supermarket Type1,0.053279839,11.395,47.6034,4.4,7,8.93459907
Low Fat,FDD14,Canned,2016,OUT046,Tier 1,Small,Supermarket Type1,0.170152831,15.7,153.202,4.4,7,9.003787895
Regular,FDZ13,Canned,2016,OUT046,Tier 1,Small,Supermarket Type1,0.153806271,18.75,105.728,4.4,7,6.874102032
Low Fat,FDK02,Canned,2016,OUT046,Tier 1,Small,Supermarket Type1,0.112859454,19.1,41.9796,4.4,7,3.71963522
Regular,FDD38,Canned,2016,OUT046,Tier 1,Small,Supermarket Type1,0.008204465,12.15,123.773,4.4,7,150.8605375
Regular,FDS25,Canned,2016,OUT046,Tier 1,Small,Supermarket Type1,0.140008554,17.75,180.366,4.4,7,12.88249859
Low Fat,FDW13,Canned,2016,OUT046,Tier 1,Small,Supermarket Type1,0.098083231,6.48,146.908,4.4,7,14.97789158
Low Fat,FDI14,Canned,2016,OUT046,Tier 1,Small,Supermarket Type1,0.089660816,17.5,102.999,4.4,7,11.48762688
Low Fat,FDT37,Canned,2016,OUT046,Tier 1,Small,Supermarket Type1,0.035263498,18.6,152.137,4.4,7,43.14291225
Low Fat,FDX25,Canned,2016,OUT046,Tier 1,Small,Supermarket Type1,0.10203648,7.435,165.216,4.4,7,16.19185609
Regular,FDB14,Canned,2016,OUT046,Tier 1,Small,Supermarket Type1,0.103142373,14,144.281,4.4,7,13.98852826
Low Fat,FDW49,Canned,2016,OUT046,Tier 1,Small,Supermarket Type1,0.082152451,14.35,231.298,4.4,7,28.15472907
Low Fat,FDI14,Canned,2016,OUT046,Tier 1,Small,Supermarket Type1,0.090185027,17.35,93.0804,4.4,7,10.32104808
Regular,FDH50,Canned,2016,OUT046,Tier 1,Small,Supermarket Type1,0.162348584,5.82,255.433,4.4,7,15.73361428
Low Fat,FDS37,Canned,2016,OUT046,Tier 1,Small,Supermarket Type1,0.031918284,8.96,196.477,4.4,7,61.55625409
Low Fat,FDK14,Canned,2016,OUT046,Tier 1,Small,Supermarket Type1,0.041273236,6.985,184.961,4.4,7,44.81378683
Regular,FDK26,Canned,2016,OUT046,Tier 1,Small,Supermarket Type1,0.032308482,5.59,63.2168,4.4,7,19.5666265
Regular,FDY49,Canned,2016,OUT046,Tier 1,Small,Supermarket Type1,0.011953902,13.65,81.2302,4.4,7,67.9528743
Regular,FDG14,Canned,2016,OUT046,Tier 1,Small,Supermarket Type1,0.050786366,13.8,231.198,4.4,7,45.52363522
Low Fat,FDK38,Canned,2020,OUT017,Tier 2,Medium,Supermarket Type1,0.053372768,9.8,101.702,4.4,3,19.05503571
Regular,FDL14,Canned,2020,OUT017,Tier 2,Medium,Supermarket Type1,0.032208865,16.7,113.189,4.4,3,35.14218834
Regular,FDQ01,Canned,2015,OUT045,Tier 2,Medium,Supermarket Type1,0.160951491,12.3,35.6874,4.4,8,2.217276757
Regular,FDL14,Canned,2015,OUT045,Tier 2,Medium,Supermarket Type1,0.032158866,12.65,231.401,4.4,8,71.9555845
Regular,FDZ01,Canned,2015,OUT045,Tier 2,Medium,Supermarket Type1,0.009058845,4.635,127.099,4.4,8,140.3037584
Regular,FDJ14,Canned,2015,OUT045,Tier 2,Medium,Supermarket Type1,0.050070476,9.3,64.6826,4.4,8,12.91831138
Regular,FDA25,Canned,2015,OUT045,Tier 2,Medium,Supermarket Type1,0.068263916,10.195,34.5558,4.4,8,5.062088732
Low Fat,FDV49,Canned,2015,OUT045,Tier 2,Medium,Supermarket Type1,0.025822315,7.55,152.934,4.4,8,59.2255187
Low Fat,FDA13,Canned,2015,OUT045,Tier 2,Medium,Supermarket Type1,0.078540095,12.35,57.4246,4.4,8,7.311501215
Regular,FDZ49,Canned,2015,OUT045,Tier 2,Medium,Supermarket Type1,0.13312044,14.15,253.701,4.4,8,19.05800492
Regular,FDJ02,Canned,2015,OUT045,Tier 2,Medium,Supermarket Type1,0.025162022,17.7,181.429,4.4,8,72.10430068
Regular,FDF26,Canned,2015,OUT045,Tier 2,Medium,Supermarket Type1,0.078057026,17.85,149.105,4.4,8,19.10206008
Regular,FDV37,Canned,2015,OUT045,Tier 2,Medium,Supermarket Type1,0.139785104,9.21,119.841,4.4,8,8.573231093
Low Fat,FDW13,Canned,2015,OUT045,Tier 2,Medium,Supermarket Type1,0.163838951,18.2,197.211,4.4,8,12.03688127
Low Fat,FDD14,Canned,2015,OUT045,Tier 2,Small,Supermarket Type1,0.169667145,8.85,106.796,4.4,8,6.294441979
Regular,FDH02,Canned,2015,OUT045,Tier 2,Small,Supermarket Type1,0.02076385,17.1,166.484,4.4,8,80.17973545
Low Fat,FDD14,Canned,2015,OUT045,Tier 2,Small,Supermarket Type1,0.170500183,18.35,224.075,4.4,8,13.14221463
Regular,FDF26,Canned,2015,OUT045,Tier 2,Small,Supermarket Type1,0.046408928,20.2,188.39,4.4,8,40.59348236
Low Fat,FDG02,Canned,2015,OUT045,Tier 2,Small,Supermarket Type1,0.011307038,14.8,189.285,4.4,8,167.4045846
Regular,FDU01,Canned,2015,OUT045,Tier 2,Small,Supermarket Type1,0.011995271,11.65,111.586,4.4,8,93.02499293
Regular,FDV01,Canned,2015,OUT045,Tier 2,Small,Supermarket Type1,0.0534335745,17.85,211.656,4.4,8,39.61105016
Low Fat,FDE26,Canned,2020,OUT017,Tier 2,Small,Supermarket Type1,0.089144149,7.445,75.5354,4.4,3,8.473399639
Low Fat,FDB50,Canned,2020,OUT017,Tier 2,Small,Supermarket Type1,0.153857402,13.5,85.154,4.4,3,5.534605348
Low Fat,FDC50,Canned,2020,OUT017,Tier 2,Small,Supermarket Type1,0.136497913,17.6,173.742,4.4,3,12.72854626
Low Fat,FDF14,Canned,2020,OUT017,Tier 2,Small,Supermarket Type1,0.027224917,20.7,74.667,4.4,3,27.42597893
Low Fat,FDU25,Canned,2020,OUT017,Tier 2,Small,Supermarket Type1,0.026735372,7.36,56.3588,4.4,3,21.08023782
Low Fat,FDT37,Canned,2020,OUT017,Tier 2,Small,Supermarket Type1,0.0534335745,19.7,108.691,4.4,3,20.34133052
Regular,FDD26,Canned,2020,OUT017,Tier 2,Small,Supermarket Type1,0.072301795,7.365,228.372,4.4,3,31.5859378
Low Fat,FDH38,Canned,2020,OUT017,Tier 2,Small,Supermarket Type1,0.010436256,15.6,114.452,4.4,3,109.6676816
Low Fat,FDX37,Canned,2020,OUT017,Tier 2,Small,Supermarket Type1,0.063017421,8.395,251.504,4.4,3,39.91023371
Low Fat,FDN02,Canned,2020,OUT017,Tier 2,Small,Supermarket Type1,0.073813788,10.195,114.486,4.4,3,15.51011039
Regular,FDU37,Canned,2020,OUT017,Tier 2,Small,Supermarket Type1,0.104488444,18.35,188.187,4.4,3,18.01031701
Regular,FDE14,Canned,2020,OUT017,Tier 2,Small,Supermarket Type1,0.031439206,7.5,175.303,4.4,3,55.75935983
Regular,FDB14,Canned,2020,OUT017,Tier 2,Small,Supermarket Type1,0.102704495,8.645,95.441,4.4,3,9.292777302
Regular,FDL38,Canned,2020,OUT017,Tier 2,Small,Supermarket Type1,0.014730322,9.695,156.46,4.4,3,106.2162796
Low Fat,FDK38,Canned,2020,OUT017,Tier 2,Small,Supermarket Type1,0.089196394,11.395,47.2034,4.4,3,5.292074924
Regular,FDM02,Canned,2020,OUT017,Tier 2,Small,Supermarket Type1,0.12341737,14.35,109.823,4.4,3,8.898504319
Regular,FDA01,Canned,2020,OUT017,Tier 2,High,Supermarket Type1,0.091018048,20.7,151.737,4.4,3,16.67108923
Low Fat,FDC02,Canned,2020,OUT017,Tier 2,High,Supermarket Type1,0.068765205,12.65,53.5324,4.4,3,7.784809192
Regular,FDZ49,Canned,2020,OUT017,Tier 2,High,Supermarket Type1,0.133034816,16.35,165.784,4.4,3,12.46170025
Low Fat,FDO25,Canned,2020,OUT017,Tier 2,High,Supermarket Type1,0.127968205,8.395,100.104,4.4,3,7.822568114
Low Fat,FDY25,Canned,2015,OUT045,Tier 2,High,Supermarket Type1,0.034112833,6.215,224.506,4.4,8,65.81276905
Regular,FDG38,Canned,2015,OUT045,Tier 2,High,Supermarket Type1,0.0534335745,8.71,185.692,4.4,8,34.75193298
Regular,FDM02,Canned,2015,OUT045,Tier 2,High,Supermarket Type1,0.074035423,12.6,105.099,4.4,8,14.1957722
Low Fat,FDC02,Canned,2015,OUT045,Tier 2,High,Supermarket Type1,0.068489201,13.3,60.8536,4.4,8,8.885137965
Low Fat,FDS01,Canned,2015,OUT045,Tier 2,High,Supermarket Type1,0.017659068,13.6,157.795,4.4,8,89.35635788
Regular,FDB02,Canned,2015,OUT045,Tier 2,High,Supermarket Type1,0.029023048,16.1,97.841,4.4,8,33.71148337
Low Fat,FDY25,Canned,2015,OUT045,Tier 2,High,Supermarket Type1,0.033809913,16.25,154.268,4.4,8,45.62803814
Low Fat,FDF14,Canned,2015,OUT045,Tier 2,High,Supermarket Type1,0.027164679,15.15,129.928,4.4,8,47.82975716
Regular,FDH26,Canned,2020,OUT017,Tier 2,High,Supermarket Type1,0.034699737,10.5,164.121,4.4,3,47.29747664
Low Fat,FDU25,Canned,2020,OUT017,Tier 2,High,Supermarket Type1,0.026681262,7.05,222.109,4.4,3,83.24531276
Regular,FDZ01,Canned,2020,OUT017,Tier 2,High,Supermarket Type1,0.01516265,13.85,233.83,4.4,3,154.2144678
Regular,FDA01,Canned,2020,OUT017,Tier 2,High,Supermarket Type1,0.054367971,11.3,258.196,4.4,3,47.49046088
Low Fat,FDS49,Canned,2020,OUT017,Tier 2,Medium,Supermarket Type1,0.079794329,10.3,191.553,4.4,3,24.00584132
Low Fat,FDK02,Canned,2020,OUT017,Tier 2,Medium,Supermarket Type1,0.112399145,9.3,156.131,4.4,3,13.89076403
Low Fat,FDD02,Canned,2020,OUT017,Tier 2,Medium,Supermarket Type1,0.050369191,11.8,99.8674,4.4,3,19.82708041
Regular,FDK26,Canned,2020,OUT017,Tier 2,Medium,Supermarket Type1,0.032227432,7.21,103.133,4.4,3,32.00161899
Regular,FDZ49,Canned,2020,OUT017,Tier 2,Medium,Supermarket Type1,0.133352623,7.64,95.012,4.4,3,7.124869227
Regular,FDE14,Canned,2020,OUT017,Tier 2,Medium,Supermarket Type1,0.031494041,11.65,85.1908,4.4,3,27.04981555
Low Fat,FDD14,Canned,2020,OUT017,Tier 2,Medium,Supermarket Type1,0.297312685,14.5,159.726,4.4,3,5.372323754
Low Fat,FDV49,Canned,2020,OUT017,Tier 2,Medium,Supermarket Type1,0.025827199,13.35,229.935,4.4,3,89.02823725
Regular,FDN38,Canned,2020,OUT017,Tier 2,Medium,Supermarket Type1,0.091971856,17.7,80.8276,4.4,3,8.78829715
Regular,FDT01,Canned,2020,OUT017,Tier 2,Medium,Supermarket Type1,0.184167712,20.25,220.577,4.4,3,11.97696369
Regular,FDY37,Canned,2017,OUT035,Tier 2,Small,Supermarket Type1,0.026568875,20.7,152.837,4.4,6,57.52482934
Regular,FDK26,Canned,2017,OUT035,Tier 2,Small,Supermarket Type1,0.032177405,11,126.005,4.4,6,39.15946609
Low Fat,FDJ50,Canned,2017,OUT035,Tier 2,Small,Supermarket Type1,0.021629781,6.425,115.581,4.4,6,53.43604727
Low Fat,FDO38,Canned,2017,OUT035,Tier 2,Small,Supermarket Type1,0.072986772,16.2,100.37,4.4,6,13.75180697
Low Fat,FDP38,Canned,2017,OUT035,Tier 2,Small,Supermarket Type1,0.032283676,16.5,207.264,4.4,6,64.20086734
Low Fat,FDX37,Canned,2017,OUT035,Tier 2,Small,Supermarket Type1,0.063385859,7.93,121.541,4.4,6,19.17478155
Regular,FDY49,Canned,2017,OUT035,Tier 2,Small,Supermarket Type1,0.012080016,12.85,38.3164,4.4,6,31.71883216
Low Fat,FDG26,Canned,2017,OUT035,Tier 2,Small,Supermarket Type1,0.042736348,7.365,225.172,4.4,6,52.68863872
Regular,FDB26,Canned,2017,OUT035,Tier 2,Small,Supermarket Type1,0.031444357,15.1,216.117,4.4,6,68.72997912
Low Fat,FDQ13,Canned,2017,OUT035,Tier 2,Small,Supermarket Type1,0.010639596,8.21,149.539,4.4,6,140.5495096
Low Fat,FDW49,Canned,2017,OUT035,Tier 2,Small,Supermarket Type1,0.082536604,18.35,105.294,4.4,6,12.75724889
Regular,FDI50,Canned,2017,OUT035,Tier 2,Small,Supermarket Type1,0.0534335745,8.235,184.795,4.4,6,34.584061
Regular,FDB02,Canned,2017,OUT035,Tier 2,Small,Supermarket Type1,0.029158763,8.42,216.019,4.4,6,74.08373256
Regular,FDH50,Canned,2017,OUT035,Tier 2,Small,Supermarket Type1,0.161404914,6.48,147.008,4.4,6,9.108025051
Regular,FDG38,Canned,2017,OUT035,Tier 2,Small,Supermarket Type1,0.088257771,13.15,182.895,4.4,6,20.72282111
Low Fat,FDG50,Canned,2017,OUT035,Tier 2,Small,Supermarket Type1,0.015259084,13.65,185.292,4.4,6,121.430618
Low Fat,FDT37,Canned,2017,OUT035,Tier 2,Small,Supermarket Type1,0.035240817,15.85,37.5164,4.4,6,10.64572368
Low Fat,FDA13,Canned,2017,OUT035,Tier 2,Small,Supermarket Type1,0.078489577,15.85,60.222,4.4,6,7.672611104
Regular,FDY01,Canned,2017,OUT035,Tier 2,Small,Supermarket Type1,0.170141787,9.5,77.896,4.4,6,4.578299157
Low Fat,FDK38,Canned,2017,OUT035,Tier 2,Small,Supermarket Type1,0.053506996,13.65,100.07,4.4,6,18.70222728
Regular,FDA37,Canned,2017,OUT035,Tier 2,Small,Supermarket Type1,0.055451725,20.25,94.312,4.4,6,17.007947
Regular,FDP13,Canned,2017,OUT035,Tier 2,Small,Supermarket Type1,0.134870732,18.85,119.044,4.4,6,8.826525832
Regular,FDQ25,Canned,2017,OUT035,Tier 2,Small,Supermarket Type1,0.028391879,13.8,75.8012,4.4,6,26.69819775
Regular,FDE14,Canned,2017,OUT035,Tier 2,Small,Supermarket Type1,0.031573246,12,99.9042,4.4,6,31.64204276
Regular,FDA01,Canned,2017,OUT035,Tier 2,Small,Supermarket Type1,0.054599767,16.75,73.2038,4.4,6,13.40734659
Low Fat,FDA13,Canned,2017,OUT035,Tier 2,Small,Supermarket Type1,0.078174543,11.5,109.525,4.4,6,14.01031535
Low Fat,FDF50,Canned,2017,OUT035,Tier 2,Small,Supermarket Type1,0.116762173,13.5,95.4068,4.4,6,8.171036694
Low Fat,FDN02,Canned,2017,OUT035,Tier 2,Small,Supermarket Type1,0.073470234,13.8,90.9172,4.4,6,12.37469858
Regular,FDD38,Canned,2011,OUT010,Tier 3,Medium,Grocery Store,0.0534335745,8.52,153.568,4.4,12,28.73998257
Regular,FDU01,Canned,2011,OUT010,Tier 3,Medium,Grocery Store,0.011937183,6.65,147.073,4.4,12,123.2057848
Regular,FDB38,Canned,2011,OUT010,Tier 3,Medium,Grocery Store,0.0534335745,16.7,109.189,4.4,12,20.43453035
Low Fat,FDM14,Canned,2011,OUT010,Tier 3,Medium,Grocery Store,0.013263968,17.25,170.376,4.4,12,128.4502496
Low Fat,FDW49,Canned,2011,OUT010,Tier 3,Medium,Grocery Store,0.082552214,15.6,77.367,4.4,12,9.371886743
Low Fat,FDW25,Canned,2011,OUT010,Tier 3,Medium,Grocery Store,0.037457098,6.825,262.723,4.4,12,70.13971024
Low Fat,FDC38,Canned,2011,OUT010,Tier 3,Medium,Grocery Store,0.122684413,8.6,141.115,4.4,12,11.50227617
Regular,FDV13,Canned,2011,OUT010,Tier 3,Medium,Grocery Store,0.027653795,12.15,226.54,4.4,12,81.92004027
Low Fat,FDA13,Canned,2011,OUT010,Tier 3,Medium,Grocery Store,0.137539574,6.235,258.996,4.4,12,18.83065306
Low Fat,FDH38,Canned,2011,OUT010,Tier 3,Medium,Grocery Store,0.018275994,6.26,111.023,4.4,12,60.74799543
Low Fat,FDS01,Canned,2011,OUT010,Tier 3,Medium,Grocery Store,0.031069203,8.88,207.727,4.4,12,66.85945565
Low Fat,FDY13,Canned,2011,OUT010,Tier 3,Medium,Grocery Store,0.052749199,9.6,166.918,4.4,12,31.64370325
Regular,FDH14,Canned,2011,OUT010,Tier 3,Medium,Grocery Store,0.081955735,16.6,176.634,4.4,12,21.55236604
Low Fat,FDB50,Canned,2011,OUT010,Tier 3,Medium,Grocery Store,0.153618566,17.35,177.571,4.4,12,11.55921479
Low Fat,FDX13,Canned,2011,OUT010,Tier 3,High,Grocery Store,0.047782959,15.2,256.033,4.4,12,53.58249162
Low Fat,FDG02,Canned,2011,OUT010,Tier 3,High,Grocery Store,0.011261165,12.3,107.094,4.4,12,95.10028492
Low Fat,FDO50,Canned,2011,OUT010,Tier 3,High,Grocery Store,0.078168739,12.5,86.0198,4.4,12,11.0043735
Regular,FDG38,Canned,2011,OUT010,Tier 3,High,Grocery Store,0.05272914,15,60.2904,4.4,12,11.43398129
Regular,FDI38,Canned,2011,OUT010,Tier 3,High,Grocery Store,0.014626901,14,54.364,4.4,12,37.16713472
Regular,FDI02,Canned,2011,OUT010,Tier 3,High,Grocery Store,0.114565093,16.1,34.9558,4.4,12,3.051173711
Regular,FDD38,Canned,2011,OUT010,Tier 3,High,Grocery Store,0.008191729,14.3,88.2856,4.4,12,107.7740731
Regular,FDY49,Canned,2011,OUT010,Tier 3,High,Grocery Store,0.012012071,6.155,213.756,4.4,12,177.9509961
Low Fat,FDS37,Canned,2011,OUT010,Tier 3,High,Grocery Store,0.032009653,10.5,140.615,4.4,12,43.92893606
Low Fat,FDU13,Canned,2011,OUT010,Tier 3,Small,Grocery Store,0.187939003,6.63,166.85,4.4,12,8.877880447
Low Fat,FDX01,Canned,2014,OUT013,Tier 3,High,Supermarket Type1,0.024213342,7.09,48.1034,4.4,9,19.86648518
Low Fat,FDA13,Canned,2014,OUT013,Tier 3,High,Supermarket Type1,0.07871426,7.935,50.035,4.4,9,6.356535652
Low Fat,FDK38,Canned,2014,OUT013,Tier 3,High,Supermarket Type1,0.053591345,15.15,150.471,4.4,9,28.07748154
Low Fat,FDE02,Canned,2014,OUT013,Tier 3,High,Supermarket Type1,0.121936216,21.35,260.428,4.4,9,21.35772362
Low Fat,FDY25,Canned,2014,OUT013,Tier 3,High,Supermarket Type1,0.034166609,13.8,263.788,4.4,9,77.20637421
Low Fat,FDB50,Canned,2014,OUT013,Tier 3,High,Supermarket Type1,0.154487495,20.25,217.548,4.4,9,14.08191647
Low Fat,FDT37,Canned,2014,OUT013,Tier 3,High,Supermarket Type1,0.03546967,5.985,125.868,4.4,9,35.48609277
Regular,FDH02,Canned,2014,OUT013,Tier 3,High,Supermarket Type1,0.020898691,8.905,61.6878,4.4,9,29.51754251
Regular,FDI02,Canned,2014,OUT013,Tier 3,High,Supermarket Type1,0.11521312,13.3,149.971,4.4,9,13.0168335
Regular,FDV01,Canned,2014,OUT013,Tier 3,High,Supermarket Type1,0.0534335745,14.3,86.8224,4.4,9,16.24866029
Low Fat,FDP25,Canned,2014,OUT013,Tier 3,High,Supermarket Type1,0.021203509,12.1,180,4.4,9,84.89160921
Low Fat,FDD50,Canned,2014,OUT013,Tier 3,High,Supermarket Type1,0.141615436,16.1,255.236,4.4,9,18.02317651
Low Fat,FDT13,Canned,2014,OUT013,Tier 3,High,Supermarket Type1,0.0534335745,19.75,189.987,4.4,9,35.55573472
Low Fat,FDX37,Canned,2014,OUT013,Tier 3,High,Supermarket Type1,0.105498192,19.85,128.102,4.4,9,12.14257776
Regular,FDQ25,Canned,2014,OUT013,Tier 3,High,Supermarket Type1,0.047329385,5.88,155.6,4.4,9,32.8759818
Regular,FDL38,Canned,2014,OUT013,Tier 3,High,Supermarket Type1,0.024660202,15.7,44.777,4.4,9,18.1575966
Regular,FDI50,Canned,2014,OUT013,Tier 3,High,Supermarket Type1,0.030816999,18.85,127.134,4.4,9,41.25450372
Regular,FDH50,Canned,2014,OUT013,Tier 3,High,Supermarket Type1,0.161301097,5.32,101.767,4.4,9,6.309132541
Low Fat,FDW13,Canned,2014,OUT013,Tier 3,High,Supermarket Type1,0.098283459,5.485,164.884,4.4,9,16.77637333
Low Fat,FDC50,Canned,2014,OUT013,Tier 3,High,Supermarket Type1,0.137053947,10.895,256.567,4.4,9,18.72014675
Regular,FDJ38,Canned,2014,OUT013,Tier 3,High,Supermarket Type1,0.040369315,6.57,192.382,4.4,9,47.6555027
Regular,FDU37,Canned,2014,OUT013,Tier 3,High,Supermarket Type1,0.104933928,11.1,116.512,4.4,9,11.10336783
Regular,FDJ26,Canned,2014,OUT013,Tier 3,High,Supermarket Type1,0.08511049,13,47.9034,4.4,9,5.628377889
Regular,FDI02,Canned,2014,OUT013,Tier 3,High,Supermarket Type1,0.115031783,16,212.69,4.4,9,18.48967255
Regular,FDE50,Canned,2014,OUT013,Tier 3,High,Supermarket Type1,0.01612717,20.25,234.862,4.4,9,145.6312546
Regular,FDY37,Canned,2014,OUT013,Tier 3,High,Supermarket Type1,0.026440214,7.42,248.009,4.4,9,93.79992159
Low Fat,FDV25,Canned,2014,OUT013,Tier 3,High,Supermarket Type1,0.045838211,15.2,238.725,4.4,9,52.07991211
Low Fat,FDT25,Canned,2014,OUT013,Tier 3,High,Supermarket Type1,0.051038045,15.35,91.883,4.4,9,18.00284474
Regular,FDV13,Canned,2014,OUT013,Tier 3,High,Supermarket Type1,0.02747716,17.6,165.287,4.4,9,60.15432454
Low Fat,FDW49,Canned,2014,OUT013,Tier 3,High,Supermarket Type1,0.082719632,12.1,145.144,4.4,9,17.54649972
Low Fat,FDK14,Canned,2014,OUT013,Tier 3,High,Supermarket Type1,0.041105789,14.15,171.811,4.4,9,41.7972758
Low Fat,FDT25,Canned,2014,OUT013,Tier 3,High,Supermarket Type1,0.050829881,8.895,209.03,4.4,9,41.12344863
Low Fat,FDI14,Canned,2014,OUT013,Tier 3,High,Supermarket Type1,0.089817198,11,222.08,4.4,9,24.72577691
Regular,FDI50,Canned,2014,OUT013,Tier 3,High,Supermarket Type1,0.030890618,14,164.253,4.4,9,53.17245514
Low Fat,FDW01,Canned,2014,OUT013,Tier 3,High,Supermarket Type1,0.112161697,18.35,184.827,4.4,9,16.47862015
Regular,FDK26,Canned,2014,OUT013,Tier 3,High,Supermarket Type1,0.056338482,11,241.951,4.4,9,42.94595655
Regular,FDV01,Canned,2014,OUT013,Tier 3,High,Supermarket Type1,0.148737487,19.35,77.0644,4.4,9,5.181235851
Low Fat,FDW25,Canned,2014,OUT013,Tier 3,High,Supermarket Type1,0.037398953,19.35,238.656,4.4,9,63.81355114
Regular,FDZ13,Canned,2014,OUT013,Tier 3,High,Supermarket Type1,0.153494979,20.2,178.503,4.4,9,11.62924033
Regular,FDA25,Canned,2014,OUT013,Tier 3,High,Supermarket Type1,0.068125756,5.34,101.636,4.4,9,14.91888031
Low Fat,FDF50,Canned,2014,OUT013,Tier 3,High,Supermarket Type1,0.1175683,5.59,62.6168,4.4,9,5.325993486
Low Fat,FDY13,Canned,2014,OUT013,Tier 3,High,Supermarket Type1,0.030188505,7.64,91.212,4.4,9,30.21414939
Low Fat,FDK50,Canned,2014,OUT013,Tier 3,High,Supermarket Type1,0.0534335745,16.7,147.51,4.4,9,27.60623847
Low Fat,FDS01,Canned,2014,OUT013,Tier 3,High,Supermarket Type1,0.017845372,10.6,84.4224,4.4,9,47.30772774
Low Fat,FDL26,Canned,2014,OUT013,Tier 3,High,Supermarket Type1,0.073606829,13.65,81.1302,4.4,9,11.02210231
Regular,FDS25,Canned,2022,OUT018,Tier 3,Medium,Supermarket Type2,0.140292495,20.85,104.631,4.4,1,7.458061103
Regular,FDH02,Canned,2022,OUT018,Tier 3,Medium,Supermarket Type2,0.020823289,8.06,232.733,4.4,1,111.7657254
Regular,FDM50,Canned,2022,OUT018,Tier 3,Medium,Supermarket Type2,0.030150193,6.3,209.627,4.4,1,69.52758147
Regular,FDL50,Canned,2022,OUT018,Tier 3,Medium,Supermarket Type2,0.042552418,12,180.198,4.4,1,42.34729975
Regular,FDC14,Canned,2022,OUT018,Tier 3,Medium,Supermarket Type2,0.041482394,16,224.34,4.4,1,54.08077461
Low Fat,FDO50,Canned,2022,OUT018,Tier 3,Medium,Supermarket Type2,0.0534335745,9.065,95.3094,4.4,1,17.83698749
Low Fat,FDX01,Canned,2022,OUT018,Tier 3,Medium,Supermarket Type2,0.024159767,6.055,160.358,4.4,1,66.37398448
Low Fat,FDC38,Canned,2022,OUT018,Tier 3,Medium,Supermarket Type2,0.122470805,7.02,148.173,4.4,1,12.09863853
Low Fat,FDA49,Canned,2022,OUT018,Tier 3,Medium,Supermarket Type2,0.064909488,16.2,260.328,4.4,1,40.10630927
Regular,FDQ25,Canned,2022,OUT018,Tier 3,Medium,Supermarket Type2,0.028271345,6.86,229.601,4.4,1,81.21332749
Regular,FDD38,Canned,2022,OUT018,Tier 3,Medium,Supermarket Type2,0.00819018,11.15,66.2142,4.4,1,80.84584222
Regular,FDY37,Canned,2022,OUT018,Tier 3,Medium,Supermarket Type2,0.026563851,9.8,215.685,4.4,1,81.19492915
Low Fat,FDS37,Canned,2022,OUT018,Tier 3,Medium,Supermarket Type2,0.05346916,10.195,42.5428,4.4,1,7.956511754
Low Fat,FDC50,Canned,2022,OUT018,Tier 3,Medium,Supermarket Type2,0.228469522,11.1,220.048,4.4,1,9.631394073
Low Fat,FDW13,Canned,2022,OUT018,Tier 3,Medium,Supermarket Type2,0.097803261,9.195,77.4644,4.4,1,7.920431201
Low Fat,FDK02,Canned,2022,OUT018,Tier 3,Medium,Supermarket Type2,0.112681821,16.5,98.9068,4.4,1,8.77752943
Low Fat,FDO38,Canned,2022,OUT018,Tier 3,Medium,Supermarket Type2,0.073135768,14.8,109.057,4.4,1,14.91158198
Regular,FDY01,Canned,2022,OUT018,Tier 3,Medium,Supermarket Type2,0.170977155,7.895,57.7588,4.4,1,3.378158913
Low Fat,FDM14,Canned,2022,OUT018,Tier 3,Medium,Supermarket Type2,0.013199737,8.975,84.9224,4.4,1,64.33643337
Low Fat,FDP25,Canned,2022,OUT018,Tier 3,Medium,Supermarket Type2,0.02110482,12.5,87.9198,4.4,1,41.65863533
Low Fat,FDP38,Canned,2022,OUT018,Tier 3,Medium,Supermarket Type2,0.031946638,7.47,214.422,4.4,1,67.11879979
Regular,FDH02,Canned,2022,OUT018,Tier 3,Medium,Supermarket Type2,0.0534335745,9.895,260.228,4.4,1,48.701215
Regular,FDJ26,Canned,2022,OUT018,Tier 3,Medium,Supermarket Type2,0.084354713,11.1,176.071,4.4,1,20.87269267
Low Fat,FDV49,Canned,2022,OUT018,Tier 3,Medium,Supermarket Type2,0.025879577,19.2,187.521,4.4,1,72.45906685
Regular,FDR13,Canned,2022,OUT018,Tier 3,Medium,Supermarket Type2,0.028696932,20.1,194.282,4.4,1,67.70131385
Low Fat,FDP25,Canned,2022,OUT018,Tier 3,Medium,Supermarket Type2,0.021327477,7.21,103.133,4.4,1,48.35686847
Low Fat,FDY25,Canned,2022,OUT018,Tier 3,Medium,Supermarket Type2,0.033946163,16.7,60.6562,4.4,1,17.86835231
Low Fat,FDW49,Canned,2022,OUT018,Tier 3,Medium,Supermarket Type2,0.082888496,10.195,146.508,4.4,1,17.67531166
Low Fat,FDC02,Canned,2018,OUT027,Tier 3,Medium,Supermarket Type3,0.115194717,12.6,152.368,4.4,5,13.22699547
Regular,FDP13,Canned,2018,OUT027,Tier 3,Medium,Supermarket Type3,0.134532392,12.6,177.937,4.4,5,13.2263314
Low Fat,FDU13,Canned,2018,OUT027,Tier 3,Medium,Supermarket Type3,0.188322664,12.6,259.328,4.4,5,13.77040843
Regular,FDK26,Canned,2018,OUT027,Tier 3,Medium,Supermarket Type3,0.03217132,12.6,175.969,4.4,5,54.69747589
Low Fat,FDH38,Canned,2018,OUT027,Tier 3,Medium,Supermarket Type3,0.010454459,12.6,54.893,4.4,5,52.50678203
Low Fat,FDG50,Canned,2018,OUT027,Tier 3,Medium,Supermarket Type3,0.015295536,12.6,147.539,4.4,5,96.45886225
Low Fat,FDU13,Canned,2018,OUT027,Tier 3,Medium,Supermarket Type3,0.187850233,12.6,79.0302,4.4,5,4.207085546
Regular,FDT01,Canned,2018,OUT027,Tier 3,Medium,Supermarket Type3,0.184454044,12.6,106.762,4.4,5,5.787999964
Regular,FDN50,Canned,2018,OUT027,Tier 3,Medium,Supermarket Type3,0.026561057,12.6,39.0164,4.4,5,14.68932505
Regular,FDJ02,Canned,2018,OUT027,Tier 3,Medium,Supermarket Type3,0.025205909,12.6,41.877,4.4,5,16.61396143
Regular,FDV01,Canned,2018,OUT027,Tier 3,Medium,Supermarket Type3,0.085082648,12.6,139.915,4.4,5,16.44459867
Regular,FDH26,Canned,2018,OUT027,Tier 3,Medium,Supermarket Type3,0.034753686,12.6,125.173,4.4,5,36.01718678
Low Fat,FDE02,Canned,2018,OUT027,Tier 3,Medium,Supermarket Type3,0.212293753,12.6,263.723,4.4,5,12.42255112
Regular,FDZ25,Canned,2018,OUT027,Tier 3,Medium,Supermarket Type3,0.0534335745,12.6,164.153,4.4,5,30.72094681
Low Fat,FDT13,Canned,2018,OUT027,Tier 3,Medium,Supermarket Type3,0.018571641,12.6,62.2168,4.4,5,33.50097065
Low Fat,FDA49,Canned,2018,OUT027,Tier 3,Medium,Supermarket Type3,0.064921764,12.6,234.996,4.4,5,36.19679835
Low Fat,FDC02,Canned,2018,OUT027,Tier 3,Medium,Supermarket Type3,0.068822477,12.6,208.495,4.4,5,30.29460855
Regular,FDM38,Canned,2018,OUT027,Tier 3,Medium,Supermarket Type3,0.092771309,12.6,168.347,4.4,5,18.14645086
Regular,FDR25,Canned,2018,OUT027,Tier 3,Medium,Supermarket Type3,0.139521931,12.6,187.456,4.4,5,13.43559386
Regular,FDH14,Canned,2018,OUT027,Tier 3,Medium,Supermarket Type3,0.046808553,12.6,49.3008,4.4,5,10.5324341
Low Fat,FDG50,Canned,2018,OUT027,Tier 3,Medium,Supermarket Type3,0.015302764,12.6,177.837,4.4,5,116.2123392
Low Fat,FDU13,Canned,2018,OUT027,Tier 3,Medium,Supermarket Type3,0.188619537,12.6,43.7086,4.4,5,2.317289115
Low Fat,FDX25,Canned,2018,OUT027,Tier 3,Medium,Supermarket Type3,0.102633047,12.6,145.51,4.4,5,14.17769464
Regular,FDR01,Canned,2018,OUT027,Tier 3,Medium,Supermarket Type3,0.053730029,12.6,147.41,4.4,5,27.43530996
Regular,FDQ01,Canned,2018,OUT027,Tier 3,Medium,Supermarket Type3,0.16102755,12.6,257.133,4.4,5,15.96826133
Regular,FDS25,Canned,2018,OUT027,Tier 3,Medium,Supermarket Type3,0.1408005,12.6,197.243,4.4,5,14.00868605
Regular,FDJ02,Canned,2020,OUT017,Tier 2,Small,Supermarket Type1,0.025309134,19.2,187.821,4.3,3,74.21075727
Low Fat,FDW13,Canned,2018,OUT027,Tier 3,Medium,Supermarket Type3,0.097866209,12.6,113.283,4.3,5,11.57529255
Low Fat,FDK02,Canned,2011,OUT010,Tier 3,Small,Grocery Store,0.112203445,5.925,45.5086,4.3,12,4.055900423
Regular,FDR01,Canned,2016,OUT046,Tier 1,Small,Supermarket Type1,0.053611144,13.35,230.635,4.3,7,43.01997361
Regular,FDY01,Canned,2012,OUT049,Tier 1,Medium,Supermarket Type1,0.170251293,13.6,192.914,4.3,11,11.33113274
Regular,FDB38,Canned,2018,OUT027,Tier 3,Medium,Supermarket Type3,0.027341529,12.6,38.2848,4.3,5,14.00243564
Low Fat,FDO25,Canned,2014,OUT013,Tier 3,High,Supermarket Type1,0.21332355,15.85,59.222,4.3,9,2.776158563
Low Fat,FDS13,Canned,2012,OUT049,Tier 1,Medium,Supermarket Type1,0.208397715,12.85,172.342,4.3,11,8.269860349
Low Fat,FDK02,Canned,2020,OUT017,Tier 2,Small,Supermarket Type1,0.187841082,16.85,192.448,4.3,3,10.24525615
Low Fat,FDD02,Canned,2018,OUT027,Tier 3,Medium,Supermarket Type3,0.084176826,12.6,180.598,4.3,5,21.45459844
Low Fat,FDA49,Canned,2022,OUT018,Tier 3,Medium,Supermarket Type2,0.108665723,13.85,161.521,4.3,1,14.86402479
Low Fat,FDW25,Canned,2016,OUT046,Tier 1,Small,Supermarket Type1,0.03736783,7.365,226.172,4.3,7,60.52585874
Low Fat,FDW01,Canned,2016,OUT046,Tier 1,Small,Supermarket Type1,0.0534335745,7.27,114.252,4.3,7,21.38206195
Regular,FDX49,Canned,2020,OUT017,Tier 2,Small,Supermarket Type1,0.101747034,19.5,233.496,4.3,3,22.94867878
Regular,FDZ37,Canned,2015,OUT045,Tier 2,Small,Supermarket Type1,0.0534335745,12.3,92.6804,4.3,8,17.34497474
Regular,FDV37,Canned,2012,OUT049,Tier 1,Medium,Supermarket Type1,0.083444376,14.6,238.854,4.3,11,28.62433773
Regular,FDZ25,Canned,2012,OUT049,Tier 1,Medium,Supermarket Type1,0.027594064,13.65,45.7402,4.3,11,16.57610129
Low Fat,FDS01,Canned,2011,OUT010,Tier 3,Small,Grocery Store,0.017817285,6.11,131.297,4.3,12,73.69080082
Low Fat,FDG26,Canned,2014,OUT013,Tier 3,High,Supermarket Type1,0.04282359,17.2,160.658,4.3,9,37.51623813
Regular,FDN38,Canned,2014,OUT013,Tier 3,High,Supermarket Type1,0.09234651,12.65,161.558,4.3,9,17.49475968
Regular,FDV13,Canned,2017,OUT035,Tier 2,Small,Supermarket Type1,0.027723342,7.55,152.334,4.3,6,54.94792078
Regular,FDV01,Canned,2017,OUT035,Tier 2,Small,Supermarket Type1,0.085296625,12.15,163.455,4.3,6,19.16312633
Regular,FDB38,Canned,2017,OUT035,Tier 2,Small,Supermarket Type1,0.027458099,6.26,151.137,4.3,6,55.04277627
Regular,FDG38,Canned,2011,OUT010,Tier 3,Small,Grocery Store,0.052473797,18.2,147.373,4.3,12,28.08506501
Regular,FDQ25,Canned,2018,OUT027,Tier 3,Medium,Supermarket Type3,0.028139761,12.6,196.211,4.3,5,69.72731574
Low Fat,FDV25,Canned,2017,OUT035,Tier 2,Small,Supermarket Type1,0.0534335745,17.7,167.047,4.3,6,31.26255385
Regular,FDT01,Canned,2017,OUT035,Tier 2,Small,Supermarket Type1,0.18454121,19.1,235.096,4.3,6,12.73948513
Low Fat,FDF14,Canned,2016,OUT046,Tier 1,Small,Supermarket Type1,0.027212058,6.67,89.1514,4.3,7,32.76172644
Regular,FDR13,Canned,2018,OUT027,Tier 3,Medium,Supermarket Type3,0.028765486,12.6,122.439,4.3,5,42.56455114
Regular,FDH14,Canned,2012,OUT049,Tier 1,Medium,Supermarket Type1,0.046881328,15.85,59.5904,4.3,11,12.71090273
Low Fat,FDT37,Canned,2012,OUT049,Tier 1,Medium,Supermarket Type1,0.061753511,7.71,55.2956,4.3,11,8.954243913
Low Fat,FDD02,Canned,2016,OUT046,Tier 1,Small,Supermarket Type1,0.0534335745,19.25,141.75,4.3,7,26.52826455
Low Fat,FDG50,Canned,2022,OUT018,Tier 3,Medium,Supermarket Type2,0.015271793,20.7,212.588,4.3,1,139.2030392
Low Fat,FDU13,Canned,2015,OUT045,Tier 2,Small,Supermarket Type1,0.187558629,16.5,180.032,4.3,8,9.598705267
Low Fat,FDP25,Canned,2017,OUT035,Tier 2,Small,Supermarket Type1,0.021207519,15.25,86.2198,4.3,6,40.65529777
Regular,FDU37,Canned,2011,OUT010,Tier 3,Small,Grocery Store,0.0534335745,15.2,235.125,4.3,12,44.00323246
Low Fat,FDS37,Canned,2015,OUT045,Tier 2,Small,Supermarket Type1,0.032125561,8.97,52.7956,4.3,8,16.43414103
Regular,FDX49,Canned,2022,OUT018,Tier 3,Medium,Supermarket Type2,0.102038294,17.6,174.242,4.3,1,17.0761381
Regular,FDV37,Canned,2012,OUT049,Tier 1,Medium,Supermarket Type1,0.083683243,15.5,149.142,4.3,11,17.82220605
Regular,FDA25,Canned,2018,OUT027,Tier 3,Medium,Supermarket Type3,0.068511103,12.6,56.7614,4.3,5,8.284992872
Regular,FDM02,Canned,2017,OUT035,Tier 2,Small,Supermarket Type1,0.073721115,5.765,119.91,4.3,6,16.26535356
Regular,FDQ01,Canned,2016,OUT046,Tier 1,Small,Supermarket Type1,0.160671255,12.35,56.4246,4.3,7,3.511804274
Low Fat,FDP38,Canned,2017,OUT035,Tier 2,Small,Supermarket Type1,0.053732324,16,87.4856,4.3,6,16.28174504
Low Fat,FDU13,Canned,2011,OUT010,Tier 3,Medium,Grocery Store,0.0534335745,20.75,192.848,4.3,12,36.09116586
Regular,FDY49,Canned,2015,OUT045,Tier 2,Medium,Supermarket Type1,0.012002075,6.36,163.653,4.3,8,136.3539221
Regular,FDL02,Canned,2011,OUT010,Tier 3,Medium,Grocery Store,0.10399676,8.93,56.0614,4.3,12,5.390687171
Low Fat,FDV25,Canned,2017,OUT035,Tier 2,Small,Supermarket Type1,0.045614252,14.8,76.467,4.3,6,16.76383951
Low Fat,FDG02,Canned,2022,OUT018,Tier 3,Medium,Supermarket Type2,0.011206632,8.575,106.328,4.3,1,94.87953205
Low Fat,FDO50,Canned,2020,OUT017,Tier 2,Medium,Supermarket Type1,0.078290271,13.5,81.596,4.3,3,10.42224008
Low Fat,FDG02,Canned,2017,OUT035,Tier 2,Small,Supermarket Type1,0.019716846,15.35,92.112,4.3,6,46.71741109
Low Fat,FDE38,Canned,2016,OUT046,Tier 1,Small,Supermarket Type1,0.044607161,17.35,175.671,4.3,7,39.38179343
Low Fat,FDW37,Canned,2011,OUT010,Tier 3,Medium,Grocery Store,0.12475207,8.975,101.899,4.3,12,8.168120978
Low Fat,FDW49,Canned,2022,OUT018,Tier 3,Medium,Supermarket Type2,0.083019163,12.5,220.78,4.3,1,26.59386002
Regular,FDH50,Canned,2018,OUT027,Tier 3,Medium,Supermarket Type3,0.161762835,12.6,174.408,4.3,5,10.78171015
Low Fat,FDI26,Canned,2014,OUT013,Tier 3,High,Supermarket Type1,0.034880143,13.8,76.9012,4.3,9,22.047272
Low Fat,FDR49,Canned,2011,OUT010,Tier 3,Medium,Grocery Store,0.139202085,15.5,178.203,4.3,12,12.8017479
Low Fat,FDY13,Canned,2015,OUT045,Tier 2,Medium,Supermarket Type1,0.030121709,17.35,87.983,4.3,8,29.20916605
Regular,FDB26,Canned,2017,OUT035,Tier 2,Small,Supermarket Type1,0.031261583,19.85,46.3376,4.3,6,14.82253794
Low Fat,FDX01,Canned,2022,OUT018,Tier 3,Medium,Supermarket Type2,0.040446145,17.35,149.605,4.3,1,36.988692
Low Fat,FDW49,Canned,2020,OUT017,Tier 2,Medium,Supermarket Type1,0.082483516,20.25,248.409,4.3,3,30.11619922
Regular,FDJ38,Canned,2018,OUT019,Tier 1,Small,Grocery Store,0.040172077,12.6,66.0826,4.3,5,16.44988383
Regular,FDD38,Canned,2017,OUT035,Tier 2,Small,Supermarket Type1,0.008184912,15,58.5904,4.3,6,71.58342081
Regular,FDU49,Canned,2020,OUT017,Tier 2,Medium,Supermarket Type1,0.030819397,17.85,189.119,4.3,3,61.36362759
Low Fat,FDO50,Canned,2015,OUT045,Tier 2,Medium,Supermarket Type1,0.077790204,17.6,47.2402,4.3,8,6.07276978
Low Fat,FDV49,Canned,2014,OUT013,Tier 3,High,Supermarket Type1,0.025702129,16.1,95.141,4.3,9,37.01677787
Regular,FDB38,Canned,2018,OUT027,Tier 3,Medium,Supermarket Type3,0.027214272,12.6,94.5462,4.3,5,34.74140333
Regular,FDD26,Canned,2018,OUT019,Tier 1,Small,Grocery Store,0.071806046,12.6,145.242,4.3,5,20.22698757
Regular,FDR01,Canned,2015,OUT045,Tier 2,Medium,Supermarket Type1,0.05336162,9.3,250.209,4.3,8,46.88931858
Regular,FDR25,Canned,2018,OUT019,Tier 1,Small,Grocery Store,0.138846289,12.6,181.163,4.3,5,13.04773799
Regular,FDX49,Canned,2012,OUT049,Tier 1,Medium,Supermarket Type1,0.101338651,13.1,178.932,4.3,11,17.65683658
Low Fat,FDD50,Canned,2020,OUT017,Tier 2,Medium,Supermarket Type1,0.141642219,9,80.1644,4.3,3,5.659640224
Regular,FDR01,Canned,2018,OUT027,Tier 3,Medium,Supermarket Type3,0.093883945,12.6,33.7216,4.3,5,3.591838839
Regular,FDU01,Canned,2016,OUT046,Tier 1,Small,Supermarket Type1,0.021002171,9.6,102.499,4.3,7,48.80400221
Low Fat,FDT25,Canned,2015,OUT045,Tier 2,Medium,Supermarket Type1,0.050853901,15.2,38.6848,4.3,8,7.607046704
Low Fat,FDE26,Canned,2020,OUT017,Tier 2,Medium,Supermarket Type1,0.089186275,20.75,146.673,4.3,3,16.4456919
Low Fat,FDU25,Canned,2022,OUT018,Tier 3,Medium,Supermarket Type2,0.026832182,15.5,102.133,4.3,1,38.06362077
Regular,FDD38,Canned,2018,OUT019,Tier 1,Small,Grocery Store,0.008238064,12.6,250.472,4.3,5,304.042309
Low Fat,FDJ50,Canned,2022,OUT018,Tier 3,Medium,Supermarket Type2,0.021581922,21.25,120.876,4.3,1,56.00798668
Regular,FDL14,Canned,2018,OUT027,Tier 3,Medium,Supermarket Type3,0.032152786,12.6,114.715,4.3,5,35.67809023
Low Fat,FDT25,Canned,2020,OUT017,Tier 2,Medium,Supermarket Type1,0.050708743,5.695,259.265,4.3,3,51.12826402
Low Fat,FDR49,Canned,2012,OUT049,Tier 1,Medium,Supermarket Type1,0.0534335745,8.985,100.27,4.3,11,18.7653551
Low Fat,FDV49,Canned,2012,OUT049,Tier 1,Medium,Supermarket Type1,0.025932408,6.15,97.3384,4.3,11,37.53542671
Low Fat,FDG02,Canned,2012,OUT049,Tier 1,Medium,Supermarket Type1,0.011324862,15.85,177.637,4.3,11,156.8557745
Regular,FDH14,Canned,2012,OUT049,Tier 1,Medium,Supermarket Type1,0.0467696,18.6,98.9358,4.3,11,21.15386918
Regular,FDV37,Canned,2012,OUT049,Tier 1,Medium,Supermarket Type1,0.083643716,12.5,120.444,4.3,11,14.39964719
Regular,FDP13,Canned,2012,OUT049,Tier 1,Medium,Supermarket Type1,0.235183205,16.6,117.212,4.3,11,4.983859285
Low Fat,FDW13,Canned,2012,OUT049,Tier 1,Medium,Supermarket Type1,0.097884718,10.6,231.964,4.3,11,23.6976726
Low Fat,FDX13,Canned,2012,OUT049,Tier 1,Medium,Supermarket Type1,0.047879864,8.905,62.0878,4.3,11,12.96741361
Low Fat,FDF02,Canned,2012,OUT049,Tier 1,Medium,Supermarket Type1,0.104058452,10.695,56.7904,4.3,11,5.457548033
Low Fat,FDE26,Canned,2012,OUT049,Tier 1,Medium,Supermarket Type1,0.14897741,12.15,254.77,4.3,11,17.10125045
Low Fat,FDP38,Canned,2012,OUT049,Tier 1,Medium,Supermarket Type1,0.032075379,8.775,111.323,4.3,11,34.70668266
Low Fat,FDD50,Canned,2012,OUT049,Tier 1,Medium,Supermarket Type1,0.141524348,13.1,175.605,4.3,11,12.40811228
Regular,FDZ13,Canned,2012,OUT049,Tier 1,Medium,Supermarket Type1,0.154120252,14,216.019,4.3,11,14.01626309
Regular,FDL38,Canned,2012,OUT049,Tier 1,Medium,Supermarket Type1,0.02579577,16.1,253.436,4.3,11,98.24711571
Regular,FDL02,Canned,2012,OUT049,Tier 1,Medium,Supermarket Type1,0.104083376,16.35,52.1324,4.3,11,5.008715321
Low Fat,FDG50,Canned,2012,OUT049,Tier 1,Medium,Supermarket Type1,0.015358176,16.6,117.247,4.3,11,76.34174787
Low Fat,FDF14,Canned,2012,OUT049,Tier 1,Medium,Supermarket Type1,0.0273235,17.5,185.127,4.3,11,67.75376507
Low Fat,FDN02,Canned,2012,OUT049,Tier 1,Medium,Supermarket Type1,0.074245348,18.7,111.089,4.3,11,14.96241892
Low Fat,FDW01,Canned,2012,OUT049,Tier 1,Medium,Supermarket Type1,0.064048405,8.01,36.8532,4.3,11,5.753960618
Low Fat,FDG50,Canned,2012,OUT049,Tier 1,Medium,Supermarket Type1,0.02556185,14.65,54.9614,4.3,11,21.50133891
Low Fat,FDP25,Canned,2012,OUT049,Tier 1,Medium,Supermarket Type1,0.035497039,11,38.448,4.3,11,10.83132596
Low Fat,FDF02,Canned,2012,OUT049,Tier 1,Medium,Supermarket Type1,0.103894671,11.5,131.394,4.3,11,12.64684692
Low Fat,FDX13,Canned,2012,OUT049,Tier 1,Medium,Supermarket Type1,0.047551568,11.6,98.4042,4.3,11,20.69420718
Low Fat,FDX25,Canned,2012,OUT049,Tier 1,Medium,Supermarket Type1,0.0534335745,17.85,96.6094,4.3,11,18.08028022
Low Fat,FDS13,Canned,2012,OUT049,Tier 1,Medium,Supermarket Type1,0.124758619,18.6,92.5436,4.3,11,7.417812151
Regular,FDN38,Canned,2012,OUT049,Tier 1,Medium,Supermarket Type1,0.092158377,18.85,130.263,4.3,11,14.13468903
Regular,FDA01,Canned,2012,OUT049,Tier 1,Medium,Supermarket Type1,0.054488534,19.6,42.877,4.3,11,7.868994971
Regular,FDB14,Canned,2012,OUT049,Tier 1,Medium,Supermarket Type1,0.102932246,6.59,119.01,4.3,11,11.56197447
Regular,FDJ38,Canned,2012,OUT049,Tier 1,Medium,Supermarket Type1,0.040432954,7.67,32.9216,4.3,11,8.142269298
Regular,FDH14,Canned,2012,OUT049,Tier 1,Medium,Supermarket Type1,0.047073322,8.43,174.042,4.3,11,36.97253404
Low Fat,FDS13,Canned,2012,OUT049,Tier 1,Medium,Supermarket Type1,0.124402507,8.97,55.7956,4.3,11,4.485086462
Low Fat,FDC26,Canned,2012,OUT049,Tier 1,Medium,Supermarket Type1,0.126579586,19.5,53.7614,4.3,11,4.247240941
Regular,FDJ38,Canned,2012,OUT049,Tier 1,Medium,Supermarket Type1,0.040205535,20.5,34.719,4.3,11,8.635378189
Regular,FDZ25,Canned,2012,OUT049,Tier 1,Medium,Supermarket Type1,0.027729547,15.35,141.147,4.3,11,50.90130033
Regular,FDI50,Canned,2012,OUT049,Tier 1,Medium,Supermarket Type1,0.030693309,15.6,185.592,4.3,11,60.46659876
Low Fat,FDU25,Canned,2012,OUT049,Tier 1,Medium,Supermarket Type1,0.026722744,20,36.819,4.3,11,13.77815093
Regular,FDJ38,Canned,2012,OUT049,Tier 1,Medium,Supermarket Type1,0.040268044,6.195,119.31,4.3,11,29.62895342
Low Fat,FDQ13,Canned,2012,OUT049,Tier 1,Medium,Supermarket Type1,0.010663189,7.365,93.512,4.3,11,87.69609167
Regular,FDA01,Canned,2012,OUT049,Tier 1,Medium,Supermarket Type1,0.054685839,7.945,163.821,4.3,11,29.95674986
Low Fat,FDD50,Canned,2012,OUT049,Tier 1,Medium,Supermarket Type1,0.141862435,16,141.25,4.3,11,9.956828952
Regular,FDY49,Canned,2012,OUT049,Tier 1,Medium,Supermarket Type1,0.012030747,18.25,212.922,4.3,11,176.9815291
Regular,FDG14,Canned,2012,OUT049,Tier 1,Medium,Supermarket Type1,0.05060313,19.6,166.053,4.3,11,32.81476857
Low Fat,FDC26,Canned,2012,OUT049,Tier 1,Medium,Supermarket Type1,0.211539389,9.8,45.106,4.3,11,2.132274288
Regular,FDD38,Canned,2012,OUT049,Tier 1,Medium,Supermarket Type1,0.013711274,13.15,143.481,4.3,11,104.6445429
Regular,FDZ25,Canned,2012,OUT049,Tier 1,Medium,Supermarket Type1,0.02748331,15.2,35.8848,4.3,11,13.05694256
Regular,FDJ38,Canned,2012,OUT049,Tier 1,Medium,Supermarket Type1,0.040197932,6.78,95.012,4.3,11,23.63604177
Regular,FDG38,Canned,2012,OUT049,Tier 1,Medium,Supermarket Type1,0.05268526,9.195,79.2644,4.3,11,15.04489111
Low Fat,FDT49,Canned,2012,OUT049,Tier 1,Medium,Supermarket Type1,0.152261999,9.395,88.8856,4.3,11,5.837674573
Low Fat,FDC26,Canned,2012,OUT049,Tier 1,Medium,Supermarket Type1,0.126897925,11.85,53.0666,4.3,11,4.181833548
Low Fat,FDI26,Canned,2012,OUT049,Tier 1,Medium,Supermarket Type1,0.034940979,11.6,166.647,4.3,11,47.6938554
Regular,FDY01,Canned,2012,OUT049,Tier 1,Medium,Supermarket Type1,0.170548238,5.46,186.824,4.3,11,10.95432015
Low Fat,FDQ13,Canned,2012,OUT049,Tier 1,Medium,Supermarket Type1,0.018632082,11,219.78,4.3,11,117.9578321
Low Fat,FDW13,Canned,2012,OUT049,Tier 1,Medium,Supermarket Type1,0.171383506,13.65,98.87,4.3,11,5.768933213
Regular,FDZ49,Canned,2012,OUT049,Tier 1,Medium,Supermarket Type1,0.133145617,6.75,96.7752,4.3,11,7.268372942
Low Fat,FDI26,Canned,2012,OUT049,Tier 1,Medium,Supermarket Type1,0.035084073,11.6,239.422,4.3,11,68.24236171
Regular,FDX49,Canned,2012,OUT049,Tier 1,Medium,Supermarket Type1,0.102407778,4.555,111.354,4.3,11,10.87358814
Regular,FDM02,Canned,2012,OUT049,Tier 1,Medium,Supermarket Type1,0.074152133,6.765,105.331,4.3,11,14.20471613
Regular,FDM50,Canned,2012,OUT049,Tier 1,Medium,Supermarket Type1,0.030083482,7.75,35.7558,4.3,11,11.88552575
Low Fat,FDT49,Canned,2012,OUT049,Tier 1,Medium,Supermarket Type1,0.151279591,8.84,110.723,4.3,11,7.319096996
Regular,FDJ14,Canned,2012,OUT049,Tier 1,Medium,Supermarket Type1,0.050028809,9.195,52.8666,4.3,11,10.56723137
Regular,FDF26,Canned,2012,OUT049,Tier 1,Medium,Supermarket Type1,0.046824729,6.46,144.41,4.3,11,30.84054154
Low Fat,FDD50,Canned,2012,OUT049,Tier 1,Medium,Supermarket Type1,0.14095631,8.05,257.165,4.3,11,18.24430563
Low Fat,FDS13,Canned,2012,OUT049,Tier 1,Medium,Supermarket Type1,0.21799414,8.365,191.319,4.3,11,8.776336832
Low Fat,FDC50,Canned,2012,OUT049,Tier 1,Medium,Supermarket Type1,0.135836915,10.1,223.009,4.3,11,16.41740759
Regular,FDV37,Canned,2012,OUT049,Tier 1,Medium,Supermarket Type1,0.083109455,12.35,109.857,4.3,11,13.21835163
Low Fat,FDP38,Canned,2012,OUT049,Tier 1,Medium,Supermarket Type1,0.032152004,14.5,169.745,4.3,11,52.79453187
Regular,FDN38,Canned,2012,OUT049,Tier 1,Medium,Supermarket Type1,0.091954465,15.1,219.846,4.3,11,23.90813758
Regular,FDN50,Canned,2012,OUT049,Tier 1,Medium,Supermarket Type1,0.026391403,15.35,193.05,4.3,11,73.14882047
Low Fat,FDX13,Canned,2012,OUT049,Tier 1,Medium,Supermarket Type1,0.047743195,11.3,93.3094,4.3,11,19.54402088
Low Fat,FDC02,Canned,2012,OUT049,Tier 1,Medium,Supermarket Type1,0.069102831,12.35,157.295,4.3,11,22.76245383
Regular,FDA01,Canned,2012,OUT049,Tier 1,Medium,Supermarket Type1,0.054378253,15,235.625,4.3,11,43.33074106
Regular,FDK26,Canned,2012,OUT049,Tier 1,Medium,Supermarket Type1,0.032359413,9.395,42.3112,4.3,11,13.0753917
Regular,FDG38,Canned,2012,OUT049,Tier 1,Medium,Supermarket Type1,0.053027398,18.1,96.2094,4.3,11,18.1433379
Regular,FDH26,Canned,2018,OUT019,Tier 1,Small,Grocery Store,0.034693175,12.6,185.427,4.3,5,53.4476882
Low Fat,FDW13,Canned,2018,OUT019,Tier 1,Small,Grocery Store,0.097410707,12.6,179.766,4.3,5,18.45443951
Low Fat,FDE02,Canned,2018,OUT019,Tier 1,Small,Grocery Store,0.121250374,12.6,98.8384,4.3,5,8.151595475
Low Fat,FDV25,Canned,2018,OUT019,Tier 1,Small,Grocery Store,0.079931185,12.6,106.06,4.3,5,13.26891375
Regular,FDD26,Canned,2018,OUT019,Tier 1,Small,Grocery Store,0.120773451,12.6,129.799,4.3,5,10.74731234
Low Fat,FDX01,Canned,2018,OUT019,Tier 1,Small,Grocery Store,0.024262772,12.6,176.903,4.3,5,72.91128977
Low Fat,FDY13,Canned,2018,OUT019,Tier 1,Small,Grocery Store,0.030250132,12.6,105.931,4.3,5,35.01835959
Low Fat,FDD14,Canned,2018,OUT019,Tier 1,Small,Grocery Store,0.170072462,12.6,109.925,4.3,5,6.463421456
Regular,FDD26,Canned,2018,OUT019,Tier 1,Small,Grocery Store,0.1263349,12.6,215.019,4.3,5,17.01976255
Low Fat,FDU25,Canned,2018,OUT019,Tier 1,Small,Grocery Store,0.02678995,12.6,157.526,4.3,5,58.80040836
Regular,FDC14,Canned,2018,OUT019,Tier 1,Small,Grocery Store,0.072221801,12.6,211.359,4.3,5,29.26526299
Low Fat,FDI26,Canned,2018,OUT019,Tier 1,Small,Grocery Store,0.035028853,12.6,94.1094,4.3,5,26.86625223
Regular,FDV37,Canned,2018,OUT019,Tier 1,Small,Grocery Store,0.083498083,12.6,40.348,4.3,5,4.832206747
Low Fat,FDF02,Canned,2018,OUT019,Tier 1,Small,Grocery Store,0.103634038,12.6,44.077,4.3,5,4.253139302
Low Fat,FDE26,Canned,2018,OUT019,Tier 1,Small,Grocery Store,0.089005769,12.6,258.828,4.3,5,29.07991279
Regular,FDZ01,Canned,2018,OUT019,Tier 1,Small,Grocery Store,0.009057132,12.6,144.31,4.3,5,159.3329986
Low Fat,FDI26,Canned,2018,OUT019,Tier 1,Small,Grocery Store,0.061082177,12.6,196.508,4.3,5,32.1710865
Regular,FDB14,Canned,2018,OUT019,Tier 1,Small,Grocery Store,0.171938781,12.6,75.5354,4.3,5,4.393156655
Regular,FDL50,Canned,2018,OUT019,Tier 1,Small,Grocery Store,0.042485444,12.6,228.001,4.3,5,53.6656743
Low Fat,FDS49,Canned,2018,OUT019,Tier 1,Small,Grocery Store,0.0534335745,12.6,152.568,4.3,5,28.55283432
Low Fat,FDW13,Canned,2018,OUT019,Tier 1,Small,Grocery Store,0.098438394,12.6,83.9908,4.3,5,8.53232124
Regular,FDM50,Canned,2018,OUT019,Tier 1,Small,Grocery Store,0.029943463,12.6,181.766,4.3,5,60.70306564
Low Fat,FDC50,Canned,2018,OUT019,Tier 1,Small,Grocery Store,0.0534335745,12.6,156.463,4.3,5,29.28177676
Regular,FDB14,Canned,2018,OUT019,Tier 1,Small,Grocery Store,0.102723919,12.6,147.31,4.3,5,14.34037967
Low Fat,FDA13,Canned,2018,OUT019,Tier 1,Small,Grocery Store,0.078999287,12.6,150.668,4.3,5,19.07207087
Low Fat,FDR49,Canned,2018,OUT019,Tier 1,Small,Grocery Store,0.233039817,12.6,92.812,4.3,5,3.982667048
Low Fat,FDI14,Canned,2018,OUT019,Tier 1,Small,Grocery Store,0.089677773,12.6,55.5588,4.3,5,6.195381324
Regular,FDJ14,Canned,2018,OUT019,Tier 1,Small,Grocery Store,0.050353695,12.6,55.9298,4.3,5,11.10738745
Regular,FDD38,Canned,2018,OUT019,Tier 1,Small,Grocery Store,0.008208342,12.6,49.4376,4.3,5,60.22848463
Regular,FDL02,Canned,2018,OUT019,Tier 1,Small,Grocery Store,0.104245198,12.6,162.553,4.3,5,15.59333217
Regular,FDT01,Canned,2018,OUT019,Tier 1,Small,Grocery Store,0.18520944,12.6,78.8644,4.3,5,4.258119888
Regular,FDP13,Canned,2018,OUT019,Tier 1,Small,Grocery Store,0.133673087,12.6,172.076,4.3,5,12.87289789
Low Fat,FDE38,Canned,2018,OUT019,Tier 1,Small,Grocery Store,0.044391149,12.6,122.339,4.3,5,27.55932269
Regular,FDB38,Canned,2018,OUT019,Tier 1,Small,Grocery Store,0.0273467,12.6,206.864,4.3,5,75.64495899
Low Fat,FDW01,Canned,2018,OUT019,Tier 1,Small,Grocery Store,0.063750302,12.6,44.7744,4.3,5,7.023402022
Low Fat,FDE02,Canned,2018,OUT019,Tier 1,Small,Grocery Store,0.121149472,12.6,103.002,4.3,5,8.50205934
Low Fat,FDW49,Canned,2018,OUT019,Tier 1,Small,Grocery Store,0.0534335745,12.6,168.882,4.3,5,31.60597089
Regular,FDZ01,Canned,2018,OUT019,Tier 1,Small,Grocery Store,0.009014978,12.6,52.364,4.3,5,58.08555495
Low Fat,FDN02,Canned,2018,OUT019,Tier 1,Small,Grocery Store,0.07376631,12.6,41.0112,4.3,5,5.559611156
Low Fat,FDU13,Canned,2016,OUT046,Tier 1,Small,Supermarket Type1,0.328390948,9.895,230.664,4.3,7,7.024066936
Low Fat,FDW49,Canned,2016,OUT046,Tier 1,Small,Supermarket Type1,0.14453827,20.25,179.598,4.3,7,12.42563648
Low Fat,FDU25,Canned,2016,OUT046,Tier 1,Small,Supermarket Type1,0.026676216,6.8,49.9034,4.3,7,18.707076
Low Fat,FDY13,Canned,2016,OUT046,Tier 1,Small,Supermarket Type1,0.030174246,12.3,35.0874,4.3,7,11.62826074
Low Fat,FDA49,Canned,2016,OUT046,Tier 1,Small,Supermarket Type1,0.0650227,20.85,177.866,4.3,7,27.35444699
Low Fat,FDV25,Canned,2016,OUT046,Tier 1,Small,Supermarket Type1,0.04572322,12.15,164.718,4.3,7,36.02502186
Low Fat,FDO25,Canned,2016,OUT046,Tier 1,Small,Supermarket Type1,0.127647181,15,122.841,4.3,7,9.623479268
Low Fat,FDT49,Canned,2016,OUT046,Tier 1,Small,Supermarket Type1,0.0534335745,10,263.223,4.3,7,49.26172401
Low Fat,FDS37,Canned,2016,OUT046,Tier 1,Small,Supermarket Type1,0.031994534,6.03,177.903,4.3,7,55.60418539
Low Fat,FDW13,Canned,2016,OUT046,Tier 1,Small,Supermarket Type1,0.098036903,10.8,193.75,4.3,7,19.7629662
Low Fat,FDJ50,Canned,2016,OUT046,Tier 1,Small,Supermarket Type1,0.021619564,16.7,110.589,4.3,7,51.15228041
Low Fat,FDQ13,Canned,2016,OUT046,Tier 1,Small,Supermarket Type1,0.010658153,17.75,248.775,4.3,7,233.4128624
Low Fat,FDS01,Canned,2016,OUT046,Tier 1,Small,Supermarket Type1,0.0534335745,5.695,258.265,4.3,7,48.33384298
Low Fat,FDP25,Canned,2016,OUT046,Tier 1,Small,Supermarket Type1,0.021240491,7.075,97.3068,4.3,7,45.81193533
Low Fat,FDA13,Canned,2016,OUT046,Tier 1,Small,Supermarket Type1,0.07867708,10.8,246.714,4.3,7,31.35779823
Low Fat,FDX37,Canned,2016,OUT046,Tier 1,Small,Supermarket Type1,0.063127333,14.7,48.2034,4.3,7,7.635899967
Low Fat,FDO38,Canned,2016,OUT046,Tier 1,Small,Supermarket Type1,0.072952298,16.35,198.543,4.3,7,27.21545523
Low Fat,FDL26,Canned,2016,OUT046,Tier 1,Small,Supermarket Type1,0.073306615,17.1,111.989,4.3,7,15.27679323
Low Fat,FDG26,Canned,2016,OUT046,Tier 1,Small,Supermarket Type1,0.042716162,8.365,37.9506,4.3,7,8.884365594
Regular,FDQ25,Canned,2016,OUT046,Tier 1,Small,Supermarket Type1,0.028320655,18.85,127.334,4.3,7,44.96153073
Regular,FDG38,Canned,2016,OUT046,Tier 1,Small,Supermarket Type1,0.05281112,8.235,181.895,4.3,7,34.44255679
Regular,FDL50,Canned,2016,OUT046,Tier 1,Small,Supermarket Type1,0.042378864,11.6,98.9042,4.3,7,23.33809608
Regular,FDI38,Canned,2016,OUT046,Tier 1,Small,Supermarket Type1,0.014649641,12.5,96.7384,4.3,7,66.03465573
Regular,FDC14,Canned,2016,OUT046,Tier 1,Small,Supermarket Type1,0.041313203,17.85,95.9094,4.3,7,23.21519346
Low Fat,FDA49,Canned,2016,OUT046,Tier 1,Small,Supermarket Type1,0.113669629,5.88,147.539,4.3,7,12.9796324
Low Fat,FDT13,Canned,2016,OUT046,Tier 1,Small,Supermarket Type1,0.032516546,11.1,119.112,4.3,7,36.63119693
Regular,FDB14,Canned,2016,OUT046,Tier 1,Small,Supermarket Type1,0.0534335745,12.5,41.7112,4.3,7,7.806178117
Regular,FDJ02,Canned,2016,OUT046,Tier 1,Small,Supermarket Type1,0.044063785,19.6,105.696,4.3,7,23.98704514
Regular,FDJ14,Canned,2016,OUT046,Tier 1,Small,Supermarket Type1,0.0534335745,20.2,64.851,4.3,7,12.13675121
Regular,FDN38,Canned,2016,OUT046,Tier 1,Small,Supermarket Type1,0.161030847,20.25,148.942,4.3,7,9.249283772
Regular,FDY49,Canned,2016,OUT046,Tier 1,Small,Supermarket Type1,0.021031586,9.8,193.648,4.3,7,92.074844
Low Fat,FDP25,Canned,2016,OUT046,Tier 1,Small,Supermarket Type1,0.037131628,12.15,254.904,4.3,7,68.6487541
Low Fat,FDS13,Canned,2016,OUT046,Tier 1,Small,Supermarket Type1,0.124506117,12.1,150.473,4.3,7,12.08559094
Low Fat,FDX25,Canned,2016,OUT046,Tier 1,Small,Supermarket Type1,0.102055777,12.85,45.1428,4.3,7,4.423345873
Low Fat,FDO25,Canned,2016,OUT046,Tier 1,Small,Supermarket Type1,0.127449031,15.2,228.535,4.3,7,17.93148196
Low Fat,FDT25,Canned,2016,OUT046,Tier 1,Small,Supermarket Type1,0.050750977,15.85,53.3956,4.3,7,10.52109795
Low Fat,FDR49,Canned,2016,OUT046,Tier 1,Small,Supermarket Type1,0.139228412,19,132.963,4.3,7,9.549990414
Low Fat,FDC26,Canned,2016,OUT046,Tier 1,Small,Supermarket Type1,0.126383094,6.96,89.9146,4.3,7,7.114448393
Low Fat,FDS01,Canned,2016,OUT046,Tier 1,Small,Supermarket Type1,0.017744999,10.1,241.751,4.3,7,136.2361305
Low Fat,FDY25,Canned,2016,OUT046,Tier 1,Small,Supermarket Type1,0.033974436,16.1,192.685,4.3,7,56.71470161
Regular,FDA37,Canned,2016,OUT046,Tier 1,Small,Supermarket Type1,0.055226755,12.8,260.325,4.3,7,47.13747893
Regular,FDD26,Canned,2016,OUT046,Tier 1,Small,Supermarket Type1,0.072155462,7.52,183.095,4.3,7,25.3750714
Regular,FDF38,Canned,2016,OUT046,Tier 1,Small,Supermarket Type1,0.026358005,8.315,144.444,4.3,7,54.80080909
Regular,FDM02,Canned,2016,OUT046,Tier 1,Small,Supermarket Type1,0.073735058,11.65,171.942,4.3,7,23.31889398
Regular,FDC14,Canned,2016,OUT046,Tier 1,Small,Supermarket Type1,0.041249072,15.5,262.857,4.3,7,63.7243427
Regular,FDH50,Canned,2016,OUT046,Tier 1,Small,Supermarket Type1,0.16143544,7.05,224.709,4.3,7,13.9194343
Regular,FDJ26,Canned,2016,OUT046,Tier 1,Small,Supermarket Type1,0.084765192,9.8,84.6908,4.3,7,9.991223756
Regular,FDZ25,Canned,2016,OUT046,Tier 1,Small,Supermarket Type1,0.027617046,14.5,262.359,4.3,7,94.99893653
Regular,FDB26,Canned,2016,OUT046,Tier 1,Small,Supermarket Type1,0.031267496,20.85,103.665,4.3,7,33.15423787
Low Fat,FDI26,Canned,2016,OUT046,Tier 1,Small,Supermarket Type1,0.03495749,6.615,251.641,4.3,7,71.98485932
Low Fat,FDK38,Canned,2016,OUT046,Tier 1,Small,Supermarket Type1,0.053397989,13.65,213.79,4.3,7,40.03708829
Low Fat,FDK14,Canned,2016,OUT046,Tier 1,Small,Supermarket Type1,0.041189152,17,142.047,4.3,7,34.48650752
Low Fat,FDT49,Canned,2016,OUT046,Tier 1,Small,Supermarket Type1,0.151712642,13.65,184.824,4.3,7,12.18250487
Low Fat,FDS49,Canned,2016,OUT046,Tier 1,Small,Supermarket Type1,0.079506434,14,153.566,4.3,7,19.31491482
Low Fat,FDS01,Canned,2016,OUT046,Tier 1,Small,Supermarket Type1,0.017780986,19.2,189.821,4.3,7,106.7550472
Low Fat,FDB50,Canned,2016,OUT046,Tier 1,Small,Supermarket Type1,0.153930108,6.78,227.469,4.3,7,14.77742093
Low Fat,FDP25,Canned,2016,OUT046,Tier 1,Small,Supermarket Type1,0.021250528,8.77,173.942,4.3,7,81.85302502
Low Fat,FDC38,Canned,2016,OUT046,Tier 1,Small,Supermarket Type1,0.122742389,12.3,172.84,4.3,7,14.08152484
Low Fat,FDC50,Canned,2016,OUT046,Tier 1,Small,Supermarket Type1,0.136774734,14.5,172.245,4.3,7,12.59333467
Low Fat,FDN02,Canned,2016,OUT046,Tier 1,Small,Supermarket Type1,0.073977473,15.2,175.605,4.3,7,23.73763159
Low Fat,FDD02,Canned,2016,OUT046,Tier 1,Small,Supermarket Type1,0.050392993,19,225.472,4.3,7,44.74272842
Low Fat,FDH38,Canned,2016,OUT046,Tier 1,Small,Supermarket Type1,0.010497273,12.8,223.54,4.3,7,212.9505444
Low Fat,FDK14,Canned,2016,OUT046,Tier 1,Small,Supermarket Type1,0.0413383,5.675,156.129,4.3,7,37.76860684
Low Fat,FDY13,Canned,2016,OUT046,Tier 1,Small,Supermarket Type1,0.030297819,15.6,112.452,4.3,7,37.11554287
Low Fat,FDT13,Canned,2016,OUT046,Tier 1,Small,Supermarket Type1,0.01867669,8.27,184.892,4.3,7,98.99612833
Low Fat,FDO38,Canned,2016,OUT046,Tier 1,Small,Supermarket Type1,0.07325106,12.3,89.8804,4.3,7,12.27018421
Low Fat,FDD50,Canned,2016,OUT046,Tier 1,Small,Supermarket Type1,0.142443405,5.46,185.424,4.3,7,13.01738048
Low Fat,FDG26,Canned,2015,OUT045,Tier 2,Medium,Supermarket Type1,0.042891098,19.6,89.2514,4.3,8,20.8088401
Regular,FDF26,Canned,2020,OUT017,Tier 2,Medium,Supermarket Type1,0.046729336,9.5,32.09,4.3,3,6.867206502
Regular,FDG38,Canned,2015,OUT045,Tier 2,Medium,Supermarket Type1,0.052836076,12.1,222.011,4.3,8,42.0188282
Regular,FDB02,Canned,2015,OUT045,Tier 2,Medium,Supermarket Type1,0.029223424,14.85,141.581,4.3,8,48.44777943
Regular,FDZ49,Canned,2015,OUT045,Tier 2,Medium,Supermarket Type1,0.13341564,18,79.0618,4.3,8,5.925976894
Regular,FDI38,Canned,2015,OUT045,Tier 2,Medium,Supermarket Type1,0.014656564,8.645,51.9982,4.3,8,35.47775591
Regular,FDE14,Canned,2015,OUT045,Tier 2,Medium,Supermarket Type1,0.031508924,17.25,78.8986,4.3,8,25.04008071
Regular,FDL38,Canned,2015,OUT045,Tier 2,Medium,Supermarket Type1,0.014762987,6.615,199.443,4.3,8,135.0966441
Regular,FDJ26,Canned,2015,OUT045,Tier 2,Medium,Supermarket Type1,0.084937098,12.1,164.953,4.3,8,19.420607
Regular,FDZ25,Canned,2015,OUT045,Tier 2,Medium,Supermarket Type1,0.027673055,13.35,75.1012,4.3,8,27.13874561
Regular,FDR25,Canned,2015,OUT045,Tier 2,Medium,Supermarket Type1,0.139804885,16.7,110.889,4.3,8,7.931697093
Regular,FDY37,Canned,2015,OUT045,Tier 2,Medium,Supermarket Type1,0.026622757,8.89,99.3016,4.3,8,37.29951785
Regular,FDH14,Canned,2015,OUT045,Tier 2,Medium,Supermarket Type1,0.046903482,8.935,52.6298,4.3,8,11.22087268
Regular,FDV01,Canned,2015,OUT045,Tier 2,Medium,Supermarket Type1,0.085122855,15.7,181.366,4.3,8,21.30638123
Regular,FDH26,Canned,2015,OUT045,Tier 2,Medium,Supermarket Type1,0.034770109,20.85,192.748,4.3,8,55.43497146
Regular,FDU49,Canned,2015,OUT045,Tier 2,Medium,Supermarket Type1,0.03075661,5.88,152.3,4.3,8,49.51781097
Regular,FDE50,Canned,2015,OUT045,Tier 2,Medium,Supermarket Type1,0.016238512,8.365,38.3506,4.3,8,23.61706541
Regular,FDR01,Canned,2015,OUT045,Tier 2,Medium,Supermarket Type1,0.053924587,9.3,191.085,4.3,8,35.43559824
Regular,FDF26,Canned,2015,OUT045,Tier 2,Medium,Supermarket Type1,0.046898544,11.65,40.3164,4.3,8,8.596514212
Regular,FDI38,Canned,2015,OUT045,Tier 2,Small,Supermarket Type1,0.0534335745,11.5,129.263,4.3,8,24.19134434
Regular,FDR25,Canned,2015,OUT045,Tier 2,Small,Supermarket Type1,0.140311123,12.5,98.8384,4.3,8,7.044231269
Regular,FDQ01,Canned,2015,OUT045,Tier 2,Small,Supermarket Type1,0.161610636,5.82,171.479,4.3,8,10.6106259
Regular,FDU01,Canned,2015,OUT045,Tier 2,Small,Supermarket Type1,0.012063121,12.1,170.811,4.3,8,141.5976844
Low Fat,FDF50,Canned,2015,OUT045,Tier 2,Small,Supermarket Type1,0.117308165,15.25,128.897,4.3,8,10.98789671
Low Fat,FDW25,Canned,2015,OUT045,Tier 2,Small,Supermarket Type1,0.037391881,8.155,188.453,4.3,8,50.39944367
Low Fat,FDO25,Canned,2015,OUT045,Tier 2,Small,Supermarket Type1,0.127424932,7.39,142.247,4.3,8,11.16319999
Low Fat,FDK14,Canned,2015,OUT045,Tier 2,Small,Supermarket Type1,0.041098016,11.15,65.9142,4.3,8,16.03829246
Low Fat,FDT25,Canned,2015,OUT045,Tier 2,Small,Supermarket Type1,0.05074138,12.15,254.004,4.3,8,50.05855182
Low Fat,FDU13,Canned,2015,OUT045,Tier 2,Small,Supermarket Type1,0.187523164,17.75,110.291,4.3,8,5.881460063
Low Fat,FDC26,Canned,2015,OUT045,Tier 2,Small,Supermarket Type1,0.126359196,7.05,108.691,4.3,8,8.601748305
Low Fat,FDM14,Canned,2015,OUT045,Tier 2,Small,Supermarket Type1,0.01326146,10.85,107.462,4.3,8,81.03331006
Low Fat,FDT13,Canned,2015,OUT045,Tier 2,Small,Supermarket Type1,0.018568129,13.6,193.614,4.3,8,104.2722183
Low Fat,FDC02,Canned,2015,OUT045,Tier 2,Small,Supermarket Type1,0.068809463,15.6,124.97,4.3,8,18.16174615
Regular,FDX49,Canned,2015,OUT045,Tier 2,Small,Supermarket Type1,0.101812521,17.7,169.782,4.3,8,16.675945
Regular,FDF26,Canned,2015,OUT045,Tier 2,Small,Supermarket Type1,0.046625941,19,106.562,4.3,8,22.85465938
Regular,FDA37,Canned,2015,OUT045,Tier 2,Small,Supermarket Type1,0.055216312,8.43,196.277,4.3,8,35.54692316
Regular,FDJ26,Canned,2015,OUT045,Tier 2,Small,Supermarket Type1,0.084749164,9.5,33.39,4.3,8,3.939861873
Regular,FDA25,Canned,2020,OUT017,Tier 2,Small,Supermarket Type1,0.068112874,7.09,50.4034,4.3,3,7.39998139
Regular,FDY49,Canned,2020,OUT017,Tier 2,Small,Supermarket Type1,0.0120098,18.7,124.902,4.3,3,104.0000666
Regular,FDU49,Canned,2020,OUT017,Tier 2,Small,Supermarket Type1,0.030688557,10.1,52.2008,4.3,3,17.0098581
Regular,FDE50,Canned,2020,OUT017,Tier 2,Small,Supermarket Type1,0.016202582,16.2,98.17,4.3,3,60.58910858
Regular,FDI38,Canned,2020,OUT017,Tier 2,Small,Supermarket Type1,0.024482433,6.13,63.0536,4.3,3,25.75462986
Regular,FDC14,Canned,2020,OUT017,Tier 2,Small,Supermarket Type1,0.06904249,16.2,43.3454,4.3,3,6.278076008
Regular,FDH14,Canned,2020,OUT017,Tier 2,Small,Supermarket Type1,0.078347922,17.35,72.2038,4.3,3,9.21579005
Regular,FDV01,Canned,2020,OUT017,Tier 2,Small,Supermarket Type1,0.142189843,7.02,148.073,4.3,3,10.41375367
Regular,FDL14,Canned,2020,OUT017,Tier 2,Small,Supermarket Type1,0.05382735,7.785,64.251,4.3,3,11.93649697
Low Fat,FDK14,Canned,2020,OUT017,Tier 2,Small,Supermarket Type1,0.041071581,8.1,213.79,4.3,3,52.05302421
Low Fat,FDD02,Canned,2020,OUT017,Tier 2,Small,Supermarket Type1,0.0534335745,8.85,183.929,4.3,3,34.42199062
Low Fat,FDK50,Canned,2020,OUT017,Tier 2,Small,Supermarket Type1,0.028339599,20.7,39.9506,4.3,3,14.09709432
Low Fat,FDS49,Canned,2020,OUT017,Tier 2,Small,Supermarket Type1,0.079279489,14.65,54.0614,4.3,3,6.81909037
Low Fat,FDE26,Canned,2020,OUT017,Tier 2,Small,Supermarket Type1,0.088931701,18.85,158.458,4.3,3,17.81794323
Low Fat,FDQ13,Canned,2020,OUT017,Tier 2,Small,Supermarket Type1,0.010632752,5.32,101.267,4.3,3,95.24063008
Low Fat,FDY13,Canned,2020,OUT017,Tier 2,Small,Supermarket Type1,0.030102335,7.27,99.3384,4.3,3,33.00023071
Low Fat,FDC38,Canned,2020,OUT017,Tier 2,Small,Supermarket Type1,0.122392031,7.93,44.5086,4.3,3,3.636560292
Low Fat,FDX37,Canned,2020,OUT017,Tier 2,Small,Supermarket Type1,0.0534335745,16.2,184.061,4.3,3,34.44669418
Low Fat,FDO50,Canned,2020,OUT017,Tier 2,Small,Supermarket Type1,0.078103689,17.85,94.9094,4.3,3,12.15171796
Low Fat,FDG26,Canned,2020,OUT017,Tier 2,Small,Supermarket Type1,0.042614361,9,169.647,4.3,3,39.80981904
Regular,FDR01,Canned,2020,OUT017,Tier 2,Small,Supermarket Type1,0.053576661,10.5,236.525,4.3,3,44.14702141
Regular,FDM38,Canned,2020,OUT017,Tier 2,Small,Supermarket Type1,0.092694107,11.3,194.048,4.3,3,20.93423264
Regular,FDN38,Canned,2020,OUT017,Tier 2,High,Supermarket Type1,0.091895319,19.1,40.8796,4.3,3,4.448496446
Regular,FDZ01,Canned,2020,OUT017,Tier 2,High,Supermarket Type1,0.009051307,9.8,127.302,4.3,3,140.6448815
Regular,FDU37,Canned,2020,OUT017,Tier 2,High,Supermarket Type1,0.104421237,7.42,249.709,4.3,3,23.91362209
Regular,FDB02,Canned,2020,OUT017,Tier 2,High,Supermarket Type1,0.029140008,9.6,241.317,4.3,3,82.81294912
Regular,FDF38,Canned,2020,OUT017,Tier 2,High,Supermarket Type1,0.02633607,10.85,107.462,4.3,3,40.8041139
Regular,FDM50,Canned,2020,OUT017,Tier 2,High,Supermarket Type1,0.030064132,13.35,239.356,4.3,3,79.6151374
Regular,FDE14,Canned,2020,OUT017,Tier 2,High,Supermarket Type1,0.031418984,15.6,124.17,4.3,3,39.52069233
Regular,FDC14,Canned,2020,OUT017,Tier 2,High,Supermarket Type1,0.041214746,15.6,220.18,4.3,3,53.42262694
Regular,FDY37,Canned,2020,OUT017,Tier 2,High,Supermarket Type1,0.026546765,9.8,45.006,4.3,3,16.95347814
Regular,FDH26,Canned,2020,OUT017,Tier 2,High,Supermarket Type1,0.03467086,11.8,198.308,4.3,3,57.19731209
Low Fat,FDO50,Canned,2020,OUT017,Tier 2,High,Supermarket Type1,0.0534335745,12.1,146.344,4.3,3,27.38802361
Low Fat,FDH38,Canned,2020,OUT017,Tier 2,High,Supermarket Type1,0.010480751,12.3,107.494,4.3,3,102.563261
Low Fat,FDS13,Canned,2020,OUT017,Tier 2,High,Supermarket Type1,0.0534335745,12.65,159.258,4.3,3,29.80485612
Low Fat,FDT49,Canned,2020,OUT017,Tier 2,High,Supermarket Type1,0.15202235,17.25,165.653,4.3,3,10.89662145
Low Fat,FDG50,Canned,2015,OUT045,Tier 2,High,Supermarket Type1,0.015334003,8.6,130.531,4.3,8,85.12519529
Low Fat,FDT25,Canned,2015,OUT045,Tier 2,High,Supermarket Type1,0.050957715,4.805,123.97,4.3,8,24.32801392
Low Fat,FDX13,Canned,2015,OUT045,Tier 2,High,Supermarket Type1,0.047977607,18.25,156.463,4.3,8,32.61167236
Low Fat,FDK50,Canned,2015,OUT045,Tier 2,High,Supermarket Type1,0.028478742,20.25,190.716,4.3,8,66.9678457
Low Fat,FDR49,Canned,2015,OUT045,Tier 2,High,Supermarket Type1,0.139795569,17.7,165.021,4.3,8,11.8044514
Low Fat,FDS49,Canned,2015,OUT045,Tier 2,High,Supermarket Type1,0.079668739,19.25,82.5908,4.3,8,10.36677636
Low Fat,FDI14,Canned,2015,OUT045,Tier 2,High,Supermarket Type1,0.090043082,9.395,139.184,4.3,8,15.45748956
Low Fat,FDP25,Canned,2015,OUT045,Tier 2,High,Supermarket Type1,0.021293909,9.5,194.745,4.3,8,91.45573037
Low Fat,FDA13,Canned,2015,OUT045,Tier 2,High,Supermarket Type1,0.078874948,15.85,45.6744,4.3,8,5.790735989
Low Fat,FDL26,Canned,2015,OUT045,Tier 2,High,Supermarket Type1,0.073490977,7.21,100.833,4.3,8,13.72045986
Low Fat,FDD50,Canned,2015,OUT045,Tier 2,High,Supermarket Type1,0.142219209,11.15,167.879,4.3,8,11.80424228
Regular,FDR01,Canned,2015,OUT045,Tier 2,High,Supermarket Type1,0.053839714,11.5,107.525,4.3,8,19.97131708
Regular,FDS25,Canned,2015,OUT045,Tier 2,High,Supermarket Type1,0.14057889,19.35,114.852,4.3,8,8.1699322
Regular,FDH02,Canned,2020,OUT017,Tier 2,High,Supermarket Type1,0.020865797,5.26,162.687,4.3,3,77.96826548
Regular,FDI50,Canned,2020,OUT017,Tier 2,High,Supermarket Type1,0.030968306,6.135,152.837,4.3,3,49.35271564
Regular,FDR13,Canned,2020,OUT017,Tier 2,High,Supermarket Type1,0.028837829,6.71,66.6142,4.3,3,23.09958908
Regular,FDL38,Canned,2020,OUT017,Tier 2,High,Supermarket Type1,0.014793124,9.6,102.499,4.3,3,69.28827204
Regular,FDA25,Canned,2020,OUT017,Tier 2,High,Supermarket Type1,0.068403271,17.2,164.418,4.3,3,24.03656983
Regular,FDR25,Canned,2020,OUT017,Tier 2,High,Supermarket Type1,0.140090284,5.925,42.9086,4.3,3,3.062924764
Regular,FDQ01,Canned,2020,OUT017,Tier 2,High,Supermarket Type1,0.161356273,8.575,196.579,4.3,3,12.1829165
Regular,FDN50,Canned,2020,OUT017,Tier 2,High,Supermarket Type1,0.026627857,10.895,122.873,4.3,3,46.14453202
Regular,FDH26,Canned,2020,OUT017,Tier 2,High,Supermarket Type1,0.034841089,13.6,234.53,4.3,3,67.31419905
Low Fat,FDA49,Canned,2020,OUT017,Tier 2,High,Supermarket Type1,0.064607378,8.18,58.5588,4.3,3,9.063794541
Low Fat,FDE02,Canned,2020,OUT017,Tier 2,High,Supermarket Type1,0.120663214,9.195,83.1566,4.3,3,6.891628131
Low Fat,FDI26,Canned,2020,OUT017,Tier 2,High,Supermarket Type1,0.034717799,14,166.453,4.3,3,47.9445716
Low Fat,FDL26,Canned,2020,OUT017,Tier 2,Medium,Supermarket Type1,0.072838381,8.365,190.719,4.3,3,26.1838604
Low Fat,FDO25,Canned,2020,OUT017,Tier 2,Medium,Supermarket Type1,0.126831854,16.1,98.441,4.3,3,7.761535994
Low Fat,FDQ13,Canned,2020,OUT017,Tier 2,Medium,Supermarket Type1,0.010590075,17.7,103.867,4.3,3,98.07956979
Low Fat,FDT49,Canned,2020,OUT017,Tier 2,Medium,Supermarket Type1,0.150672399,5.175,105.262,4.3,3,6.986150131
Low Fat,FDW25,Canned,2020,OUT017,Tier 2,Medium,Supermarket Type1,0.037217847,7.42,189.187,4.3,3,50.83233321
Low Fat,FDW37,Canned,2020,OUT017,Tier 2,Medium,Supermarket Type1,0.123449671,10,128.699,4.3,3,10.42522017
Low Fat,FDX01,Canned,2020,OUT017,Tier 2,Medium,Supermarket Type1,0.024047319,10.3,86.654,4.3,3,36.03478625
Low Fat,FDX37,Canned,2020,OUT017,Tier 2,Medium,Supermarket Type1,0.062724117,10.5,143.215,4.3,3,22.83252549
Regular,FDA01,Canned,2020,OUT017,Tier 2,Medium,Supermarket Type1,0.054114924,11.8,35.7558,4.3,3,6.607382466
Regular,FDB26,Canned,2020,OUT017,Tier 2,Medium,Supermarket Type1,0.031116081,13.65,78.8302,4.3,3,25.33423152
Regular,FDC14,Canned,2020,OUT017,Tier 2,Medium,Supermarket Type1,0.041049322,15.6,172.676,4.3,3,42.0654938
Regular,FDG14,Canned,2020,OUT017,Tier 2,Medium,Supermarket Type1,0.050256161,20.6,177.434,4.3,3,35.30592
Regular,FDH26,Canned,2015,OUT045,Tier 2,Medium,Supermarket Type1,0.034531702,18.85,255.933,4.3,8,74.11537375
Regular,FDL38,Canned,2015,OUT045,Tier 2,Medium,Supermarket Type1,0.014661762,15.1,244.251,4.3,8,166.5904821
Regular,FDS25,Canned,2020,OUT017,Tier 2,Medium,Supermarket Type1,0.139330557,14,53.764,4.3,3,3.858737176
Regular,FDU37,Canned,2017,OUT035,Tier 2,Small,Supermarket Type1,0.10400212,11.1,84.1908,4.3,6,8.095104215
Regular,FDZ37,Canned,2017,OUT035,Tier 2,Small,Supermarket Type1,0.019672774,13.35,219.617,4.3,6,111.6349936
Regular,FDZ49,Canned,2017,OUT035,Tier 2,Small,Supermarket Type1,0.132500853,17.1,83.5566,4.3,6,6.306117893
Low Fat,FDK38,Canned,2017,OUT035,Tier 2,Small,Supermarket Type1,0.053031857,19.5,177.2,4.3,6,33.413878
Low Fat,FDO38,Canned,2017,OUT035,Tier 2,Small,Supermarket Type1,0.072486326,5.8,89.9172,4.3,6,12.40471203
Low Fat,DRI51,Dairy,2017,OUT035,Tier 2,Small,Supermarket Type1,0.042413704,6.13,59.4536,4.3,6,14.0175449
Regular,FDC40,Dairy,2017,OUT035,Tier 2,Small,Supermarket Type1,0.065431917,10.895,265.257,4.3,6,40.53938997
Regular,FDT50,Dairy,2017,OUT035,Tier 2,Small,Supermarket Type1,0.108148913,13.1,168.116,4.3,6,15.54486267
Low Fat,DRF27,Dairy,2017,OUT035,Tier 2,Small,Supermarket Type1,0.028461453,16.25,95.141,4.3,6,33.42801929
Regular,FDA02,Dairy,2017,OUT035,Tier 2,Small,Supermarket Type1,0.02976887,5.88,155.4,4.3,6,52.20218302
Regular,FDV26,Dairy,2017,OUT035,Tier 2,Small,Supermarket Type1,0.0675840825,8.89,100.502,4.3,6,14.8706613
Regular,FDX27,Dairy,2017,OUT035,Tier 2,Small,Supermarket Type1,0.114294512,6.055,162.358,4.3,6,14.20523148
Low Fat,FDI15,Dairy,2017,OUT035,Tier 2,Small,Supermarket Type1,0.24749009,6.36,45.906,4.3,6,1.854862148
Low Fat,DRF27,Dairy,2017,OUT035,Tier 2,Small,Supermarket Type1,0.028417272,7.72,119.744,4.3,6,42.13775341
Low Fat,FDT02,Dairy,2017,OUT035,Tier 2,Small,Supermarket Type1,0.024194731,8.3,38.0506,4.3,6,15.72681259
Regular,FDJ15,Dairy,2017,OUT035,Tier 2,Small,Supermarket Type1,0.023322478,10.65,57.1272,4.3,6,24.49448125
Low Fat,DRI51,Dairy,2017,OUT035,Tier 2,Small,Supermarket Type1,0.0675840825,10.8,246.814,4.3,6,36.51954586
Low Fat,DRC27,Dairy,2017,OUT035,Tier 2,Small,Supermarket Type1,0.058220302,11.65,186.924,4.3,6,32.10632607
Low Fat,FDK51,Dairy,2017,OUT035,Tier 2,Small,Supermarket Type1,0.005264755,13.65,150.005,4.3,6,284.9230401
Regular,FDB04,Dairy,2017,OUT035,Tier 2,Small,Supermarket Type1,0.063354531,9.3,125.439,4.3,6,19.79953099
Regular,FDA02,Dairy,2017,OUT035,Tier 2,Small,Supermarket Type1,0.029782937,18.85,126.634,4.3,6,42.51897655
Regular,FDA03,Dairy,2017,OUT035,Tier 2,Small,Supermarket Type1,0.076097035,6.825,264.323,4.3,6,34.73499329
Low Fat,DRF27,Dairy,2017,OUT035,Tier 2,Small,Supermarket Type1,0.028393624,15.2,116.849,4.3,6,41.15325328
Low Fat,FDB15,Dairy,2017,OUT035,Tier 2,Small,Supermarket Type1,0.136696892,18,159.26,4.3,6,11.65059407
Low Fat,FDC04,Dairy,2017,OUT035,Tier 2,Small,Supermarket Type1,0.045168898,6.775,84.225,4.3,6,18.64668029
Low Fat,DRF03,Dairy,2017,OUT035,Tier 2,Small,Supermarket Type1,0.045492697,7.935,261.091,4.3,6,57.39184907
Regular,FDD52,Dairy,2017,OUT035,Tier 2,Small,Supermarket Type1,0.184041545,8.895,111.954,4.3,6,6.083083034
Regular,FDZ02,Dairy,2017,OUT035,Tier 2,Small,Supermarket Type1,0.037962696,9,169.447,4.3,6,44.6351334
Low Fat,FDZ27,Dairy,2017,OUT035,Tier 2,Small,Supermarket Type1,0.0675840825,16.35,98.541,4.3,6,14.58050422
Regular,FDW02,Dairy,2017,OUT035,Tier 2,Small,Supermarket Type1,0.066006824,18.85,193.114,4.3,6,29.25667201
Low Fat,FDW50,Dairy,2017,OUT035,Tier 2,Small,Supermarket Type1,0.075885921,18.5,87.2172,4.3,6,11.49319911
Low Fat,DRJ39,Dairy,2017,OUT035,Tier 2,Small,Supermarket Type1,0.036474041,20.85,116.881,4.3,6,32.04498235
Low Fat,DRI03,Dairy,2017,OUT035,Tier 2,Small,Supermarket Type1,0.0675840825,17.75,35.1216,4.3,6,5.196726611
Regular,FDT26,Dairy,2017,OUT035,Tier 2,Small,Supermarket Type1,0.068059156,7.42,247.109,4.3,6,36.30797302
Low Fat,DRH51,Dairy,2017,OUT035,Tier 2,Small,Supermarket Type1,0.170213676,10.195,44.6428,4.3,6,2.622750477
Low Fat,FDY27,Dairy,2017,OUT035,Tier 2,Small,Supermarket Type1,0.031898175,12.85,42.7428,4.3,6,13.39976347
Regular,FDC16,Dairy,2017,OUT035,Tier 2,Small,Supermarket Type1,0.0675840825,18.6,152.937,4.3,6,22.62914496
Low Fat,DRD15,Dairy,2017,OUT035,Tier 2,Small,Supermarket Type1,0.056911107,19.6,165.953,4.3,6,29.16003725
Low Fat,DRH03,Dairy,2017,OUT035,Tier 2,Small,Supermarket Type1,0.035057688,12.65,160.958,4.3,6,45.91232599
Low Fat,FDK51,Dairy,2017,OUT035,Tier 2,Small,Supermarket Type1,0.008762556,14.15,82.0276,4.3,6,93.61149875
Low Fat,FDV38,Dairy,2017,OUT035,Tier 2,Small,Supermarket Type1,0.102188428,18.7,52.2324,4.3,6,5.111381105
Low Fat,DRG27,Dairy,2017,OUT035,Tier 2,Small,Supermarket Type1,0.105274111,4.88,53.1298,4.3,6,5.046805857
Low Fat,FDD03,Dairy,2017,OUT035,Tier 2,Small,Supermarket Type1,0.079806266,20.75,153.768,4.3,6,19.26766001
Low Fat,DRK39,Dairy,2017,OUT035,Tier 2,Small,Supermarket Type1,0.049942926,8.42,229.035,4.3,6,45.85934753
Regular,FDW26,Dairy,2017,OUT035,Tier 2,Small,Supermarket Type1,0.187443314,9.695,174.537,4.3,6,9.311455089
Regular,FDA02,Dairy,2017,OUT035,Tier 2,Small,Supermarket Type1,0.029722659,15,185.827,4.3,6,62.52031489
Regular,FDD40,Dairy,2017,OUT035,Tier 2,Small,Supermarket Type1,0.014793357,5.325,55.8298,4.3,6,37.73977739
Low Fat,FDQ14,Dairy,2017,OUT035,Tier 2,Small,Supermarket Type1,0.103419257,13.5,60.1562,4.3,6,5.816731018
Low Fat,DRC27,Dairy,2017,OUT035,Tier 2,Small,Supermarket Type1,0.097251621,17.75,242.154,4.3,6,24.8997392
Low Fat,DRE03,Dairy,2017,OUT035,Tier 2,Small,Supermarket Type1,0.040550868,7.75,34.9558,4.3,6,8.620234714
Low Fat,DRG03,Dairy,2017,OUT035,Tier 2,Small,Supermarket Type1,0.061934991,8.39,112.618,4.3,6,18.18325928
Low Fat,FDB52,Dairy,2017,OUT035,Tier 2,Small,Supermarket Type1,0.030410273,8.84,109.523,4.3,6,36.01513212
Regular,FDX38,Dairy,2017,OUT035,Tier 2,Small,Supermarket Type1,0.0481669,11.8,179.234,4.3,6,37.21103081
Low Fat,FDT02,Dairy,2017,OUT035,Tier 2,Small,Supermarket Type1,0.02429329,16.2,97.4726,4.3,6,40.12326037
Low Fat,DRC27,Dairy,2017,OUT035,Tier 2,Small,Supermarket Type1,0.058339153,16.85,195.548,4.3,6,33.51917022
Low Fat,DRE27,Dairy,2017,OUT035,Tier 2,Small,Supermarket Type1,0.13267058,10.3,114.418,4.3,6,8.624217969
Low Fat,FDR02,Dairy,2017,OUT035,Tier 2,Small,Supermarket Type1,0.022099982,13.6,155.795,4.3,6,70.49553253
Regular,FDW26,Dairy,2017,OUT035,Tier 2,Small,Supermarket Type1,0.107223632,17.7,46.9034,4.3,6,4.374352848
Low Fat,DRH03,Dairy,2017,OUT035,Tier 2,Small,Supermarket Type1,0.035118834,17.75,142.484,4.3,6,40.57196204
Low Fat,DRD15,Dairy,2017,OUT035,Tier 2,Small,Supermarket Type1,0.099442329,19.35,168.982,4.3,6,16.99296484
Low Fat,DRG51,Dairy,2017,OUT035,Tier 2,Small,Supermarket Type1,0.011539622,7.63,47.0402,4.3,6,40.76407355
Low Fat,DRH03,Dairy,2017,OUT035,Tier 2,Small,Supermarket Type1,0.035064318,11.65,82.9908,4.3,6,23.66816317
Regular,FDB04,Dairy,2017,OUT035,Tier 2,Small,Supermarket Type1,0.063226306,13,64.3484,4.3,6,10.17747265
Low Fat,FDH27,Dairy,2017,OUT035,Tier 2,Small,Supermarket Type1,0.058465268,19.6,166.882,4.3,6,28.54378432
Low Fat,FDZ27,Dairy,2017,OUT035,Tier 2,Small,Supermarket Type1,0.017253305,20.6,178.134,4.3,6,103.2463056
Low Fat,DRE03,Dairy,2017,OUT035,Tier 2,Small,Supermarket Type1,0.024363939,6.115,190.353,4.3,6,78.1289922
Regular,FDU50,Dairy,2017,OUT035,Tier 2,Small,Supermarket Type1,0.075322658,9.6,167.316,4.3,6,22.21323629
Regular,FDW38,Dairy,2017,OUT035,Tier 2,Small,Supermarket Type1,0.139464425,9.8,118.61,4.3,6,8.504677806
Regular,FDZ14,Dairy,2011,OUT010,Tier 3,Medium,Grocery Store,0.047857877,10.8,73.938,4.3,12,15.44949434
Regular,FDJ15,Dairy,2011,OUT010,Tier 3,Medium,Grocery Store,0.023318068,15.6,111.554,4.3,12,47.84015554
Regular,FDW38,Dairy,2011,OUT010,Tier 3,Medium,Grocery Store,0.23212188,20,43.1086,4.3,12,1.857153664
Low Fat,FDV38,Dairy,2011,OUT010,Tier 3,Medium,Grocery Store,0.101689151,15.85,218.317,4.3,12,21.46905524
Regular,FDC51,Dairy,2011,OUT010,Tier 3,Medium,Grocery Store,0.009613854,17.25,37.5822,4.3,12,39.09171077
Regular,FDY26,Dairy,2011,OUT010,Tier 3,Medium,Grocery Store,0.030634813,8.1,213.99,4.3,12,69.85190345
Low Fat,FDB27,Dairy,2011,OUT010,Tier 3,Medium,Grocery Store,0.055121892,14,214.719,4.3,12,38.95348875
Low Fat,FDK51,Dairy,2011,OUT010,Tier 3,Medium,Grocery Store,0.005209791,18.2,38.319,4.3,12,73.55189488
Regular,FDT26,Dairy,2011,OUT010,Tier 3,Medium,Grocery Store,0.067624438,20.6,94.4778,4.3,12,13.97095529
Low Fat,FDZ15,Dairy,2011,OUT010,Tier 3,Medium,Grocery Store,0.020870744,6.385,109.16,4.3,12,52.30287909
Low Fat,FDC04,Dairy,2011,OUT010,Tier 3,Medium,Grocery Store,0.044767801,17,125.073,4.3,12,27.93816029
Low Fat,FDD04,Dairy,2011,OUT010,Tier 3,Medium,Grocery Store,0.090153756,7.105,61.0562,4.3,12,6.772452165
Regular,FDC51,Dairy,2011,OUT010,Tier 3,Medium,Grocery Store,0.009636821,9.1,48.0718,4.3,12,49.88346261
Regular,FDY15,Dairy,2011,OUT010,Tier 3,Medium,Grocery Store,0.171093639,9.105,33.39,4.3,12,1.95156291
Regular,FDC03,Dairy,2011,OUT010,Tier 3,Medium,Grocery Store,0.071958197,12.5,168.445,4.3,12,23.40872993
Low Fat,DRG27,Dairy,2011,OUT010,Tier 3,Medium,Grocery Store,0.184035253,14,43.4454,4.3,12,2.360710749
Regular,FDY38,Dairy,2011,OUT010,Tier 3,High,Grocery Store,0.208662546,16.85,146.576,4.3,12,7.024547664
Low Fat,FDD51,Dairy,2011,OUT010,Tier 3,High,Grocery Store,0.210021713,18.25,166.353,4.3,12,7.92075246
Low Fat,DRF03,Dairy,2011,OUT010,Tier 3,High,Grocery Store,0.045308131,8.3,97.6384,4.3,12,21.54986265
Low Fat,FDR02,Dairy,2011,OUT010,Tier 3,High,Grocery Store,0.022190488,9.8,50.8008,4.3,12,22.89305219
Low Fat,FDX26,Dairy,2011,OUT010,Tier 3,High,Grocery Store,0.087986599,5.94,186.456,4.3,12,21.19140893
Low Fat,FDZ38,Dairy,2011,OUT010,Tier 3,High,Grocery Store,0.008046275,14.5,260.459,4.3,12,323.7013401
Low Fat,DRH39,Dairy,2011,OUT010,Tier 3,High,Grocery Store,0.093214498,8.975,84.1224,4.3,12,9.024604735
Low Fat,FDU02,Dairy,2011,OUT010,Tier 3,High,Grocery Store,0.103091351,11.8,224.277,4.3,12,21.75517129
Regular,FDT26,Dairy,2011,OUT010,Tier 3,High,Grocery Store,0.067940657,12.6,253.036,4.3,12,37.2436787
Low Fat,FDR02,Dairy,2011,OUT010,Tier 3,High,Grocery Store,0.036933417,11.1,175.871,4.3,12,47.61839393
Low Fat,DRI51,Dairy,2011,OUT010,Tier 3,High,Grocery Store,0.070703828,12.65,191.785,4.3,12,27.12512256
Low Fat,FDZ27,Dairy,2011,OUT010,Tier 3,High,Grocery Store,0.017141985,11.1,164.053,4.3,12,95.7024522
Low Fat,FDI15,Dairy,2011,OUT010,Tier 3,High,Grocery Store,0.141234932,12.6,250.309,4.3,12,17.72288176
Low Fat,DRJ39,Dairy,2011,OUT010,Tier 3,High,Grocery Store,0.036295834,15.5,102.033,4.3,12,28.1114907
Low Fat,FDX02,Dairy,2011,OUT010,Tier 3,High,Grocery Store,0.057292529,17.75,140.284,4.3,12,24.485566
Low Fat,DRI39,Dairy,2011,OUT010,Tier 3,High,Grocery Store,0.096592065,20.2,125.268,4.3,12,12.96876715
Regular,FDE51,Dairy,2011,OUT010,Tier 3,High,Grocery Store,0.096000183,9.195,106.46,4.3,12,11.08956219
Regular,FDE51,Dairy,2011,OUT010,Tier 3,High,Grocery Store,0.161466534,11.3,96.9094,4.3,12,6.001825741
Low Fat,FDU02,Dairy,2011,OUT010,Tier 3,High,Grocery Store,0.102511504,6.61,188.49,4.3,12,18.38720462
Regular,FDL51,Dairy,2011,OUT010,Tier 3,High,Grocery Store,0.047684831,9.5,182.361,4.3,12,38.2429792
Low Fat,FDZ38,Dairy,2011,OUT010,Tier 3,High,Grocery Store,0.008033611,10.3,87.854,4.3,12,109.3580458
Regular,FDF40,Dairy,2014,OUT013,Tier 3,High,Supermarket Type1,0.022639471,11.65,151.902,4.3,9,67.09609072
Low Fat,FDA15,Dairy,2014,OUT013,Tier 3,High,Supermarket Type1,0.016054884,15,120.041,4.3,9,74.76914813
Low Fat,DRD15,Dairy,2014,OUT013,Tier 3,High,Supermarket Type1,0.056884225,15.6,130.399,4.3,9,22.92357855
Regular,FDT50,Dairy,2014,OUT013,Tier 3,High,Supermarket Type1,0.0675840825,7.405,91.0146,4.3,9,13.46686921
Regular,FDZ26,Dairy,2014,OUT013,Tier 3,High,Supermarket Type1,0.144241314,14.15,255.501,4.3,9,17.71344096
Low Fat,DRI03,Dairy,2014,OUT013,Tier 3,High,Supermarket Type1,0.039751236,15.85,39.9506,4.3,9,10.05015291
Low Fat,FDP26,Dairy,2014,OUT013,Tier 3,High,Supermarket Type1,0.244338986,7.785,103.031,4.3,9,4.216723728
Regular,FDW38,Dairy,2014,OUT013,Tier 3,High,Supermarket Type1,0.0675840825,13.1,117.478,4.3,9,17.38249535
Low Fat,DRI03,Dairy,2014,OUT013,Tier 3,High,Supermarket Type1,0.022703693,13.3,233.03,4.3,9,102.6396895
Low Fat,FDU38,Dairy,2014,OUT013,Tier 3,High,Supermarket Type1,0.082549896,19.1,38.8138,4.3,9,4.701859346
Low Fat,FDR02,Dairy,2014,OUT013,Tier 3,High,Supermarket Type1,0.022065676,10.5,90.783,4.3,9,41.14217937
Low Fat,FDU14,Dairy,2014,OUT013,Tier 3,High,Supermarket Type1,0.034752647,12.15,251.67,4.3,9,72.41750535
Regular,FDZ03,Dairy,2014,OUT013,Tier 3,High,Supermarket Type1,0.078786674,17.7,97.741,4.3,9,12.40577816
Low Fat,FDB28,Dairy,2014,OUT013,Tier 3,High,Supermarket Type1,0.093574769,5.98,148.442,4.3,9,15.86346422
Low Fat,DRG51,Dairy,2014,OUT013,Tier 3,High,Supermarket Type1,0.011563024,6.36,45.406,4.3,9,39.26827446
Low Fat,DRE15,Dairy,2014,OUT013,Tier 3,High,Supermarket Type1,0.017821466,19.85,222.077,4.3,9,124.612083
Low Fat,FDR02,Dairy,2014,OUT013,Tier 3,High,Supermarket Type1,0.022110425,8.42,65.9168,4.3,9,29.81254318
Low Fat,DRG15,Dairy,2014,OUT013,Tier 3,High,Supermarket Type1,0.077169953,9,266.688,4.3,9,34.55852824
Regular,FDW02,Dairy,2014,OUT013,Tier 3,High,Supermarket Type1,0.0675840825,17.6,160.492,4.3,9,23.74701173
Regular,FDY15,Dairy,2014,OUT013,Tier 3,High,Supermarket Type1,0.171174491,17.6,236.259,4.3,9,13.80223178
Regular,FDD40,Dairy,2014,OUT013,Tier 3,High,Supermarket Type1,0.014823358,18.35,191.316,4.3,9,129.0638734
Regular,FDE51,Dairy,2014,OUT013,Tier 3,High,Supermarket Type1,0.097012989,6.59,121.51,4.3,9,12.52512692
Regular,FDC03,Dairy,2014,OUT013,Tier 3,High,Supermarket Type1,0.072252888,10.5,170.911,4.3,9,23.6545562
Regular,FDC51,Dairy,2014,OUT013,Tier 3,High,Supermarket Type1,0.009676286,10.85,119.081,4.3,9,123.0647792
Regular,FDY38,Dairy,2014,OUT013,Tier 3,High,Supermarket Type1,0.119850541,12.35,117.612,4.3,9,9.813222287
Low Fat,FDY50,Dairy,2014,OUT013,Tier 3,High,Supermarket Type1,0.130931048,12.65,106.494,4.3,9,8.133594104
Low Fat,DRG15,Dairy,2014,OUT013,Tier 3,High,Supermarket Type1,0.076721393,16.35,256.965,4.3,9,33.49326569
Low Fat,FDB15,Dairy,2014,OUT013,Tier 3,High,Supermarket Type1,0.136784873,16.7,245.878,4.3,9,17.9755257
Low Fat,FDW50,Dairy,2014,OUT013,Tier 3,High,Supermarket Type1,0.075563757,17.1,165.084,4.3,9,21.84698148
Low Fat,FDA50,Dairy,2014,OUT013,Tier 3,High,Supermarket Type1,0.087158654,18.35,192.85,4.3,9,22.12631691
Regular,FDW38,Dairy,2014,OUT013,Tier 3,High,Supermarket Type1,0.0675840825,19.6,88.8514,4.3,9,13.14679385
Regular,FDQ26,Dairy,2014,OUT013,Tier 3,High,Supermarket Type1,0.067859568,20.1,118.978,4.3,9,17.53297339
Regular,FDB03,Dairy,2014,OUT013,Tier 3,High,Supermarket Type1,0.156802171,20.5,34.919,4.3,9,2.226946207
Regular,FDW26,Dairy,2014,OUT013,Tier 3,High,Supermarket Type1,0.179191782,21.1,234.296,4.3,9,13.07515319
Regular,FDK03,Dairy,2014,OUT013,Tier 3,High,Supermarket Type1,0.123727659,14.65,53.8614,4.3,9,4.353222265
Low Fat,FDP26,Dairy,2014,OUT013,Tier 3,High,Supermarket Type1,0.139436695,19.85,196.877,4.3,9,14.11945399
Low Fat,FDZ15,Dairy,2014,OUT013,Tier 3,High,Supermarket Type1,0.020853376,10.195,149.808,4.3,9,71.8387277
Low Fat,FDD03,Dairy,2014,OUT013,Tier 3,High,Supermarket Type1,0.079739853,15.85,55.1956,4.3,9,6.921959086
Low Fat,DRF03,Dairy,2014,OUT013,Tier 3,High,Supermarket Type1,0.045270426,18.2,141.218,4.3,9,31.19431657
Low Fat,DRG27,Dairy,2014,OUT013,Tier 3,High,Supermarket Type1,0.0675840825,18.25,213.422,4.3,9,31.57873749
Low Fat,DRF27,Dairy,2014,OUT013,Tier 3,High,Supermarket Type1,0.028533032,9.8,45.306,4.3,9,15.87843872
Low Fat,FDB15,Dairy,2014,OUT013,Tier 3,High,Supermarket Type1,0.137368051,14.8,78.367,4.3,9,5.704892763
Low Fat,DRE03,Dairy,2014,OUT013,Tier 3,High,Supermarket Type1,0.024325592,15,108.594,4.3,9,44.64187346
Regular,FDW38,Dairy,2014,OUT013,Tier 3,High,Supermarket Type1,0.139244918,6.215,227.406,4.3,9,16.33136801
Regular,FDJ03,Dairy,2014,OUT013,Tier 3,High,Supermarket Type1,0.072689818,6.63,166.85,4.3,9,22.95369621
Regular,FDK03,Dairy,2014,OUT013,Tier 3,High,Supermarket Type1,0.074221559,6.71,67.5142,4.3,9,9.096305832
Regular,FDC40,Dairy,2014,OUT013,Tier 3,High,Supermarket Type1,0.065328932,11.85,50.5666,4.3,9,7.740307158
Regular,FDT26,Dairy,2014,OUT013,Tier 3,High,Supermarket Type1,0.06823032,8.6,128.831,4.3,9,18.88178159
Low Fat,DRE15,Dairy,2014,OUT013,Tier 3,High,Supermarket Type1,0.01769927,14.5,263.259,4.3,9,148.7400328
Low Fat,DRF27,Dairy,2014,OUT013,Tier 3,High,Supermarket Type1,0.02827966,11.8,116.783,4.3,9,41.29575815
Low Fat,DRC27,Dairy,2014,OUT013,Tier 3,High,Supermarket Type1,0.058091482,7.825,159.029,4.3,9,27.37561421
Low Fat,DRJ51,Dairy,2014,OUT013,Tier 3,High,Supermarket Type1,0.087977262,12.65,192.385,4.3,9,21.8675821
Low Fat,FDH27,Dairy,2014,OUT013,Tier 3,High,Supermarket Type1,0.058346939,16.2,95.8726,4.3,9,16.43147038
Low Fat,FDZ27,Dairy,2014,OUT013,Tier 3,High,Supermarket Type1,0.017191055,20.1,151.337,4.3,9,88.03240988
Regular,FDL51,Dairy,2014,OUT013,Tier 3,High,Supermarket Type1,0.047565208,7.55,123.907,4.3,9,26.04992288
Low Fat,DRH15,Dairy,2014,OUT013,Tier 3,High,Supermarket Type1,0.0675840825,11.35,168.279,4.3,9,24.89920611
Low Fat,FDS26,Dairy,2014,OUT013,Tier 3,High,Supermarket Type1,0.089035961,12.6,124.307,4.3,9,13.96143745
Low Fat,FDB16,Dairy,2014,OUT013,Tier 3,High,Supermarket Type1,0.044995631,17.2,222.509,4.3,9,49.45124561
Low Fat,DRK39,Dairy,2014,OUT013,Tier 3,High,Supermarket Type1,0.049823902,18,88.2514,4.3,9,17.71266329
Regular,FDJ03,Dairy,2014,OUT013,Tier 3,High,Supermarket Type1,0.072334667,18.35,83.9882,4.3,9,11.61105781
Low Fat,FDB15,Dairy,2014,OUT013,Tier 3,High,Supermarket Type1,0.137023446,19,226.172,4.3,9,16.50608028
Low Fat,DRC27,Dairy,2014,OUT013,Tier 3,High,Supermarket Type1,0.058192802,11.8,102.467,4.3,9,17.60819147
Low Fat,FDS50,Dairy,2014,OUT013,Tier 3,High,Supermarket Type1,0.055519561,15.1,133.794,4.3,9,24.09853349
Low Fat,DRH51,Dairy,2014,OUT013,Tier 3,High,Supermarket Type1,0.097367722,5.095,140.384,4.3,9,14.41791973
Regular,FDU26,Dairy,2014,OUT013,Tier 3,High,Supermarket Type1,0.042685217,5.785,180.466,4.3,9,42.27833725
Regular,FDA03,Dairy,2014,OUT013,Tier 3,High,Supermarket Type1,0.045534457,15.1,260.33,4.3,9,57.17208838
Regular,FDE51,Dairy,2014,OUT013,Tier 3,High,Supermarket Type1,0.168901843,15.6,170.613,4.3,9,10.10131074
Low Fat,FDV38,Dairy,2014,OUT013,Tier 3,High,Supermarket Type1,0.101980245,16,154.597,4.3,9,15.15950467
Low Fat,FDB51,Dairy,2014,OUT013,Tier 3,High,Supermarket Type1,0.038671588,6.115,189.253,4.3,9,48.93851269
Low Fat,FDZ15,Dairy,2014,OUT013,Tier 3,High,Supermarket Type1,0.020913071,8.85,122.039,4.3,9,58.35537019
Low Fat,DRF51,Dairy,2014,OUT013,Tier 3,High,Supermarket Type1,0.166174549,19.5,232.896,4.3,9,14.0151426
Low Fat,FDD39,Dairy,2022,OUT018,Tier 3,Medium,Supermarket Type2,0.070297175,14.15,245.383,4.3,1,34.90652363
Low Fat,FDS50,Dairy,2022,OUT018,Tier 3,Medium,Supermarket Type2,0.055545797,6.135,111.286,4.3,1,20.03499923
Low Fat,FDH27,Dairy,2022,OUT018,Tier 3,Medium,Supermarket Type2,0.058676973,13.5,84.554,4.3,1,14.41008213
Low Fat,FDP26,Dairy,2022,OUT018,Tier 3,Medium,Supermarket Type2,0.140342195,15.1,88.483,4.3,1,6.304803769
Low Fat,FDZ15,Dairy,2022,OUT018,Tier 3,Medium,Supermarket Type2,0.020988798,17.75,113.154,4.3,1,53.91161514
Low Fat,FDD03,Dairy,2022,OUT018,Tier 3,Medium,Supermarket Type2,0.080257683,20,43.4086,4.3,1,5.408653524
Regular,FDQ26,Dairy,2022,OUT018,Tier 3,Medium,Supermarket Type2,0.068256316,6.65,150.073,4.3,1,21.98668325
Regular,FDU26,Dairy,2022,OUT018,Tier 3,Medium,Supermarket Type2,0.042860026,8.895,42.0138,4.3,1,9.802560549
Low Fat,DRF27,Dairy,2022,OUT018,Tier 3,Medium,Supermarket Type2,0.028578012,8.93,151.434,4.3,1,52.98969012
Low Fat,FDZ15,Dairy,2022,OUT018,Tier 3,Medium,Supermarket Type2,0.0675840825,10.895,264.357,4.3,1,39.11527541
Regular,FDT50,Dairy,2022,OUT018,Tier 3,Medium,Supermarket Type2,0.10821852,19.6,48.5718,4.3,1,4.488307547
Regular,FDT14,Dairy,2022,OUT018,Tier 3,Medium,Supermarket Type2,0.12770295,12.85,46.406,4.3,1,3.633901958
Regular,FDY15,Dairy,2022,OUT018,Tier 3,Medium,Supermarket Type2,0.170795745,17.5,262.591,4.3,1,15.37456334
Low Fat,FDR26,Dairy,2022,OUT018,Tier 3,Medium,Supermarket Type2,0.071699984,7.475,241.685,4.3,1,33.70781784
Regular,FDZ02,Dairy,2022,OUT018,Tier 3,Medium,Supermarket Type2,0.063850971,13.5,179.598,4.3,1,28.12768501
Low Fat,FDB51,Dairy,2022,OUT018,Tier 3,Medium,Supermarket Type2,0.038422076,14.7,48.5034,4.3,1,12.62383636
Low Fat,DRD15,Dairy,2022,OUT018,Tier 3,Medium,Supermarket Type2,0.056748659,19.1,234.496,4.3,1,41.32185749
Low Fat,FDU38,Dairy,2022,OUT018,Tier 3,Medium,Supermarket Type2,0.0824812,9.3,121.939,4.3,1,14.78385378
Low Fat,FDX50,Dairy,2022,OUT018,Tier 3,Medium,Supermarket Type2,0.074565098,8.42,65.8168,4.3,1,8.82675699
Low Fat,FDP26,Dairy,2022,OUT018,Tier 3,Medium,Supermarket Type2,0.140121306,12.15,224.44,4.3,1,16.01754982
Low Fat,FDA15,Dairy,2022,OUT018,Tier 3,Medium,Supermarket Type2,0.016087659,17.6,237.059,4.3,1,147.3545654
Regular,FDQ26,Dairy,2022,OUT018,Tier 3,Medium,Supermarket Type2,0.068148886,5.88,150.339,4.3,1,22.06037528
Regular,FDB40,Dairy,2022,OUT018,Tier 3,Medium,Supermarket Type2,0.007570599,9.1,47.4718,4.3,1,62.70547416
Low Fat,DRI51,Dairy,2022,OUT018,Tier 3,Medium,Supermarket Type2,0.042037073,11.3,179.866,4.3,1,42.78747
Low Fat,FDB52,Dairy,2022,OUT018,Tier 3,Medium,Supermarket Type2,0.030288215,14.85,253.07,4.3,1,83.55394994
Regular,FDI27,Dairy,2022,OUT018,Tier 3,Medium,Supermarket Type2,0.045763623,16.2,191.616,4.3,1,41.8708108
Regular,FDL39,Dairy,2022,OUT018,Tier 3,Medium,Supermarket Type2,0.06302467,18.75,209.495,4.3,1,33.24015818
Regular,FDW26,Dairy,2022,OUT018,Tier 3,Medium,Supermarket Type2,0.106538757,20.2,61.451,4.3,1,5.767947903
Low Fat,FDA15,Dairy,2022,OUT018,Tier 3,Medium,Supermarket Type2,0.016047301,20.7,149.837,4.3,1,93.37208793
Low Fat,FDV02,Dairy,2022,OUT018,Tier 3,Medium,Supermarket Type2,0.060252433,17.5,138.518,4.3,1,22.98961106
Low Fat,DRF03,Dairy,2022,OUT018,Tier 3,Medium,Supermarket Type2,0.045378573,13.1,191.353,4.3,1,42.16813958
Low Fat,FDV14,Dairy,2022,OUT018,Tier 3,Medium,Supermarket Type2,0.044566659,7.05,107.491,4.3,1,24.11915149
Regular,FDK03,Dairy,2022,OUT018,Tier 3,Medium,Supermarket Type2,0.074035365,9,168.082,4.3,1,22.70293393
Regular,FDL39,Dairy,2022,OUT018,Tier 3,Medium,Supermarket Type2,0.063429818,10.395,59.022,4.3,1,9.305087396
Regular,FDB04,Dairy,2022,OUT018,Tier 3,Medium,Supermarket Type2,0.1107011,17.5,255.136,4.3,1,23.04728679
Low Fat,FDX02,Dairy,2022,OUT018,Tier 3,Medium,Supermarket Type2,0.05706009,18.25,123.105,4.3,1,21.57462423
Low Fat,FDB16,Dairy,2022,OUT018,Tier 3,Medium,Supermarket Type2,0.044925784,18.6,160.624,4.3,1,35.75318797
Low Fat,FDX14,Dairy,2022,OUT018,Tier 3,Medium,Supermarket Type2,0.07494003,19.6,163.753,4.3,1,21.85120556
Low Fat,DRG03,Dairy,2022,OUT018,Tier 3,Medium,Supermarket Type2,0.061986574,7.81,242.649,4.3,1,39.14541236
Low Fat,DRF15,Dairy,2022,OUT018,Tier 3,Medium,Supermarket Type2,0.03321399,8.43,196.077,4.3,1,59.03446108
Low Fat,DRH39,Dairy,2022,OUT018,Tier 3,Medium,Supermarket Type2,0.0675840825,14.15,82.4276,4.3,1,12.19630377
Regular,FDZ14,Dairy,2022,OUT018,Tier 3,Medium,Supermarket Type2,0.047588696,15,65.7168,4.3,1,13.80932985
Regular,FDW14,Dairy,2022,OUT018,Tier 3,Medium,Supermarket Type2,0.038211537,15.85,57.3904,4.3,1,15.01912891
Regular,FDS02,Dairy,2022,OUT018,Tier 3,Medium,Supermarket Type2,0.145867347,17.25,163.753,4.3,1,11.22615879
Regular,FDD52,Dairy,2022,OUT018,Tier 3,Medium,Supermarket Type2,0.18329488,17.75,154.266,4.3,1,8.416274366
Low Fat,DRG15,Dairy,2022,OUT018,Tier 3,Medium,Supermarket Type2,0.076891526,6.55,158.829,4.3,1,20.65624241
Low Fat,DRE03,Dairy,2022,OUT018,Tier 3,Medium,Supermarket Type2,0.024276035,13.85,232.73,4.3,1,95.86820912
Low Fat,DRC27,Dairy,2022,OUT018,Tier 3,Medium,Supermarket Type2,0.05843112,7.81,122.605,4.3,1,20.98282559
Low Fat,FDI15,Dairy,2022,OUT018,Tier 3,Medium,Supermarket Type2,0.14215211,8.1,41.948,4.3,1,2.950923486
Low Fat,FDS26,Dairy,2022,OUT018,Tier 3,Medium,Supermarket Type2,0.089975294,8.63,173.942,4.3,1,19.33219579
Regular,FDC52,Dairy,2022,OUT018,Tier 3,Medium,Supermarket Type2,0.008296692,13.65,99.47,4.3,1,119.8911566
Regular,FDW26,Dairy,2022,OUT018,Tier 3,Medium,Supermarket Type2,0.107274301,15,59.4904,4.3,1,5.545633898
Low Fat,FDB39,Dairy,2022,OUT018,Tier 3,Medium,Supermarket Type2,0.038511676,5.325,53.0298,4.3,1,13.76979802
Low Fat,FDA15,Dairy,2022,OUT018,Tier 3,Medium,Supermarket Type2,0.01601936,12.35,48.7692,4.3,1,30.44391287
Low Fat,FDV38,Dairy,2022,OUT018,Tier 3,Medium,Supermarket Type2,0.1017546,12.6,255.936,4.3,1,25.15227813
Low Fat,FDH27,Dairy,2022,OUT018,Tier 3,Medium,Supermarket Type2,0.097660814,16,78.4986,4.3,1,8.037880987
Regular,FDZ03,Dairy,2022,OUT018,Tier 3,Medium,Supermarket Type2,0.13187274,18.85,121.044,4.3,1,9.178849245
Regular,FDX27,Dairy,2022,OUT018,Tier 3,Medium,Supermarket Type2,0.191008614,8.155,76.2354,4.3,1,3.991202198
Low Fat,FDY27,Dairy,2022,OUT018,Tier 3,Medium,Supermarket Type2,0.03187163,14.35,232.698,4.3,1,73.01101324
Low Fat,DRH51,Dairy,2022,OUT018,Tier 3,Medium,Supermarket Type2,0.097135675,6.76,80.696,4.3,1,8.307555386
Regular,FDL51,Dairy,2022,OUT018,Tier 3,Medium,Supermarket Type2,0.04745185,7.72,117.747,4.3,1,24.81399566
Regular,FDC16,Dairy,2022,OUT018,Tier 3,Medium,Supermarket Type2,0.0204702,8.96,196.577,4.3,1,96.03081553
Regular,FDW02,Dairy,2022,OUT018,Tier 3,Medium,Supermarket Type2,0.037516862,11.1,165.553,4.3,1,44.12762453
Regular,FDZ03,Dairy,2022,OUT018,Tier 3,Medium,Supermarket Type2,0.078946455,12.35,110.257,4.3,1,13.96604825
Low Fat,FDB15,Dairy,2022,OUT018,Tier 3,Medium,Supermarket Type2,0.228993134,12.5,92.2488,4.3,1,4.028452661
Regular,FDU50,Dairy,2022,OUT018,Tier 3,Medium,Supermarket Type2,0.075595405,14.85,161.958,4.3,1,21.42431805
Regular,FDJ03,Dairy,2022,OUT018,Tier 3,Medium,Supermarket Type2,0.072541731,18.2,59.9904,4.3,1,8.269777847
Regular,FDA03,Dairy,2022,OUT018,Tier 3,Medium,Supermarket Type2,0.0675840825,5.19,102.899,4.3,1,15.22533061
Low Fat,FDH27,Dairy,2022,OUT018,Tier 3,Medium,Supermarket Type2,0.058437653,5.305,181.961,4.3,1,31.13762971
Low Fat,FDB39,Dairy,2022,OUT018,Tier 3,Medium,Supermarket Type2,0.038578846,12.35,158.195,4.3,1,41.00563298
Low Fat,DRE27,Dairy,2022,OUT018,Tier 3,Medium,Supermarket Type2,0.132876847,20.2,175.503,4.3,1,13.20794435
Low Fat,FDX14,Dairy,2022,OUT018,Tier 3,Medium,Supermarket Type2,0.075056542,5.175,107.762,4.3,1,14.35744269
Low Fat,DRE03,Dairy,2022,OUT018,Tier 3,Medium,Supermarket Type2,0.024264569,5.785,177.866,4.3,1,73.30276503
Regular,FDB03,Dairy,2022,OUT018,Tier 3,Medium,Supermarket Type2,0.157075658,9.6,187.387,4.3,1,11.92972879
Low Fat,DRE15,Dairy,2022,OUT018,Tier 3,Medium,Supermarket Type2,0.031139933,15.1,257.33,4.3,1,82.63665821
Low Fat,FDA38,Dairy,2022,OUT018,Tier 3,Medium,Supermarket Type2,0.04461205,17.6,118.178,4.3,1,26.49015232
Low Fat,FDD39,Dairy,2022,OUT018,Tier 3,Medium,Supermarket Type2,0.122832172,8.26,125.073,4.3,1,10.18243006
Regular,FDX38,Dairy,2022,OUT018,Tier 3,Medium,Supermarket Type2,0.084404264,17.6,46.706,4.3,1,5.533606691
Low Fat,FDQ14,Dairy,2022,OUT018,Tier 3,Medium,Supermarket Type2,0.10818157,6.135,161.124,4.3,1,14.89384929
Low Fat,FDK51,Dairy,2022,OUT018,Tier 3,Medium,Supermarket Type2,0.005235143,11.3,259.196,4.3,1,495.1077745
Regular,FDW26,Dairy,2022,OUT018,Tier 3,Medium,Supermarket Type2,0.107057186,13.1,180.332,4.3,1,16.84445545
Regular,FDK03,Dairy,2018,OUT027,Tier 3,Medium,Supermarket Type3,0.073920438,12.6,77.996,4.3,5,10.55134441
Low Fat,FDA15,Dairy,2018,OUT027,Tier 3,Medium,Supermarket Type3,0.016113019,12.6,245.014,4.3,5,152.0596482
Low Fat,FDS14,Dairy,2018,OUT027,Tier 3,Medium,Supermarket Type3,0.050065211,12.6,106.028,4.3,5,21.17797926
Low Fat,DRE27,Dairy,2018,OUT027,Tier 3,Medium,Supermarket Type3,0.132939639,12.6,153.534,4.3,5,11.54915127
Low Fat,DRJ39,Dairy,2018,OUT027,Tier 3,Medium,Supermarket Type3,0.036399734,12.6,143.081,4.3,5,39.30825429
Low Fat,FDY50,Dairy,2018,OUT027,Tier 3,Medium,Supermarket Type3,0.13169655,12.6,246.912,4.3,5,18.74855492
Low Fat,FDA50,Dairy,2018,OUT027,Tier 3,Medium,Supermarket Type3,0.087668236,12.6,43.3086,4.3,5,4.940056054
Low Fat,FDS50,Dairy,2018,OUT027,Tier 3,Medium,Supermarket Type3,0.055746931,12.6,150.802,4.3,5,27.05117525
Low Fat,DRI51,Dairy,2018,OUT027,Tier 3,Medium,Supermarket Type3,0.042480566,12.6,39.9506,4.3,5,9.404441551
Low Fat,FDR26,Dairy,2018,OUT027,Tier 3,Medium,Supermarket Type3,0.04307908,12.6,198.977,4.3,5,46.18877655
Regular,FDC51,Dairy,2018,OUT027,Tier 3,Medium,Supermarket Type3,0.009641375,12.6,205.364,4.3,5,213.0028134
Regular,FDK03,Dairy,2018,OUT027,Tier 3,Medium,Supermarket Type3,0.074070351,12.6,74.2012,4.3,5,10.0176655
Regular,FDF39,Dairy,2018,OUT027,Tier 3,Medium,Supermarket Type3,0.019550858,12.6,152.234,4.3,5,77.86563638
Regular,FDE40,Dairy,2018,OUT027,Tier 3,Medium,Supermarket Type3,0.099344826,12.6,208.993,4.3,5,21.0371298
Regular,FDA27,Dairy,2018,OUT027,Tier 3,Medium,Supermarket Type3,0.030990354,12.6,214.753,4.3,5,69.29672375
Regular,FDZ02,Dairy,2018,OUT027,Tier 3,Medium,Supermarket Type3,0.038363204,12.6,100.704,4.3,5,26.25015366
Regular,FDI27,Dairy,2018,OUT027,Tier 3,Medium,Supermarket Type3,0.0675840825,12.6,160.158,4.3,5,23.69759181
Regular,FDS02,Dairy,2018,OUT027,Tier 3,Medium,Supermarket Type3,0.146692433,12.6,90.6462,4.3,5,6.179337144
Regular,FDJ15,Dairy,2018,OUT027,Tier 3,Medium,Supermarket Type3,0.023454399,12.6,115.752,4.3,5,49.35193607
Regular,FDA27,Dairy,2018,OUT027,Tier 3,Medium,Supermarket Type3,0.031102571,12.6,37.8506,4.3,5,12.16960489
Low Fat,DRD15,Dairy,2018,OUT027,Tier 3,Medium,Supermarket Type3,0.095064731,12.6,126.405,4.3,5,13.29672936
Low Fat,FDS26,Dairy,2018,OUT027,Tier 3,Medium,Supermarket Type3,0.149753132,12.6,147.773,4.3,5,9.867773584
Regular,FDY02,Dairy,2018,OUT027,Tier 3,Medium,Supermarket Type3,0.146701312,12.6,140.615,4.3,5,9.585122184
Low Fat,FDC39,Dairy,2018,OUT027,Tier 3,Medium,Supermarket Type3,0.159062948,12.6,111.189,4.3,5,6.990251432
Low Fat,FDV50,Dairy,2018,OUT027,Tier 3,Medium,Supermarket Type3,0.122469209,12.6,169.547,4.3,5,13.8440512
Regular,FDC52,Dairy,2018,OUT027,Tier 3,Medium,Supermarket Type3,0.00827301,12.6,233.962,4.3,5,282.8015438
Low Fat,FDQ14,Dairy,2018,OUT027,Tier 3,Medium,Supermarket Type3,0.062038986,12.6,158.363,4.3,5,25.52636821
Low Fat,FDV50,Dairy,2018,OUT027,Tier 3,Medium,Supermarket Type3,0.123070513,12.6,194.579,4.3,5,15.81036718
Low Fat,DRF51,Dairy,2018,OUT027,Tier 3,Medium,Supermarket Type3,0.166513779,12.6,173.242,4.3,5,10.40406392
Low Fat,FDB52,Dairy,2018,OUT027,Tier 3,Medium,Supermarket Type3,0.030559583,12.6,125.202,4.3,5,40.96979988
Regular,FDW14,Dairy,2018,OUT027,Tier 3,Medium,Supermarket Type3,0.038367194,12.6,176.905,4.3,5,46.10840188
Regular,FDB03,Dairy,2018,OUT027,Tier 3,Medium,Supermarket Type3,0.157470693,12.6,46.2086,4.3,5,2.934425392
Low Fat,FDR14,Dairy,2018,OUT027,Tier 3,Medium,Supermarket Type3,0.173206192,12.6,105.362,4.3,5,6.083038879
Low Fat,FDU14,Dairy,2018,OUT027,Tier 3,Medium,Supermarket Type3,0.034584356,12.6,242.851,4.3,5,70.21989943
Regular,FDF40,Dairy,2018,OUT027,Tier 3,Medium,Supermarket Type3,0.022403117,12.6,78.467,4.3,5,35.02503692
Regular,FDU50,Dairy,2018,OUT027,Tier 3,Medium,Supermarket Type3,0.074806196,12.6,139.518,4.3,5,18.65059413
Low Fat,FDU02,Dairy,2018,OUT027,Tier 3,Medium,Supermarket Type3,0.10249212,12.6,255.433,4.3,5,24.92220865
Low Fat,FDM39,Dairy,2018,OUT027,Tier 3,Medium,Supermarket Type3,0.089498926,12.6,189.985,4.3,5,21.22762903
Low Fat,DRI39,Dairy,2018,OUT027,Tier 3,Medium,Supermarket Type3,0.162462044,12.6,185.561,4.3,5,11.42180631
Low Fat,FDX26,Dairy,2018,OUT027,Tier 3,Medium,Supermarket Type3,0.146973462,12.6,166.184,4.3,5,11.30707529
Low Fat,FDY27,Dairy,2018,OUT027,Tier 3,Medium,Supermarket Type3,0.032028115,12.6,220.88,4.3,5,68.9644083
Low Fat,FDB39,Dairy,2018,OUT027,Tier 3,Medium,Supermarket Type3,0.038597077,12.6,164.321,4.3,5,42.57343114
Regular,FDC52,Dairy,2018,OUT027,Tier 3,Medium,Supermarket Type3,0.014497036,12.6,254.267,4.3,5,175.3924044
Regular,FDE40,Dairy,2018,OUT027,Tier 3,Medium,Supermarket Type3,0.173587926,12.6,124.87,4.3,5,7.193472661
Regular,FDF40,Dairy,2018,OUT027,Tier 3,Medium,Supermarket Type3,0.03941584,12.6,113.286,4.3,5,28.74123703
Low Fat,DRE15,Dairy,2018,OUT027,Tier 3,Medium,Supermarket Type3,0.0675840825,12.6,94.412,4.3,5,13.96956155
Low Fat,DRD27,Dairy,2018,OUT027,Tier 3,Medium,Supermarket Type3,0.0675840825,12.6,190.685,4.3,5,28.21448379
Low Fat,FDB28,Dairy,2018,OUT027,Tier 3,Medium,Supermarket Type3,0.093913607,12.6,164.753,4.3,5,17.54303825
Low Fat,FDT02,Dairy,2018,OUT027,Tier 3,Medium,Supermarket Type3,0.024331586,12.6,197.008,4.3,5,80.96800595
Regular,FDZ02,Dairy,2018,OUT027,Tier 3,Medium,Supermarket Type3,0.03822479,12.6,145.844,4.3,5,38.15429725
Low Fat,FDS14,Dairy,2018,OUT027,Tier 3,Medium,Supermarket Type3,0.049954435,12.6,110.157,4.3,5,22.05149553
Low Fat,FDU14,Dairy,2018,OUT027,Tier 3,Medium,Supermarket Type3,0.034746076,12.6,105.199,4.3,5,30.27651238
Low Fat,FDB27,Dairy,2018,OUT027,Tier 3,Medium,Supermarket Type3,0.092711708,12.6,100.367,4.3,5,10.82570931
Low Fat,FDZ38,Dairy,2018,OUT027,Tier 3,Medium,Supermarket Type3,0.00799436,12.6,184.792,4.3,5,231.1529628
Regular,FDE51,Dairy,2018,OUT027,Tier 3,Medium,Supermarket Type3,0.096387053,12.6,112.718,4.3,5,11.69430919
Regular,FDE40,Dairy,2018,OUT027,Tier 3,Medium,Supermarket Type3,0.0675840825,12.6,106.231,4.3,5,15.71834611
Low Fat,DRG03,Dairy,2018,OUT027,Tier 3,Medium,Supermarket Type3,0.061686402,12.6,164.253,4.3,5,26.62710009
Low Fat,DRK39,Dairy,2018,OUT027,Tier 3,Medium,Supermarket Type3,0.049623924,12.6,219.846,4.3,5,44.30242155
Low Fat,FDD39,Dairy,2018,OUT027,Tier 3,Medium,Supermarket Type3,0.06981517,12.6,89.7856,4.3,5,12.86047144
Low Fat,FDR02,Dairy,2018,OUT027,Tier 3,Medium,Supermarket Type3,0.022047313,12.6,197.711,4.3,5,89.67578045
Low Fat,FDS26,Dairy,2018,OUT027,Tier 3,Medium,Supermarket Type3,0.089608321,12.6,95.7752,4.3,5,10.68820383
Low Fat,DRH39,Dairy,2018,OUT027,Tier 3,Medium,Supermarket Type3,0.092834313,12.6,121.173,4.3,5,13.05260911
Low Fat,DRD15,Dairy,2018,OUT027,Tier 3,Medium,Supermarket Type3,0.056795923,12.6,80.2302,4.3,5,14.12604915
Regular,FDL51,Dairy,2018,OUT027,Tier 3,Medium,Supermarket Type3,0.047491371,12.6,95.641,4.3,5,20.13860581
Low Fat,FDY27,Dairy,2018,OUT027,Tier 3,Medium,Supermarket Type3,0.031962866,12.6,123.039,4.3,5,38.4943578
Low Fat,FDU02,Dairy,2014,OUT013,Tier 3,High,Supermarket Type1,0.1027194,16.35,196.443,4.2,9,19.12423554
Low Fat,FDD04,Dairy,2014,OUT013,Tier 3,High,Supermarket Type1,0.090480206,18.85,250.872,4.2,9,27.72672732
Regular,FDB04,Dairy,2022,OUT018,Tier 3,Medium,Supermarket Type2,0.06358394,18.6,96.4436,4.2,1,15.16791819
Low Fat,FDT02,Dairy,2014,OUT013,Tier 3,High,Supermarket Type1,0.024190156,9.8,126.002,4.2,9,52.08813039
Low Fat,FDH27,Dairy,2014,OUT013,Tier 3,High,Supermarket Type1,0.058298384,10.195,141.515,4.2,9,24.27425776
Regular,FDD40,Dairy,2016,OUT046,Tier 1,Small,Supermarket Type1,0.014781046,6.305,95.6436,4.2,7,64.70692264
Low Fat,FDA38,Dairy,2018,OUT019,Tier 1,Small,Grocery Store,0.025583714,12.6,176.937,4.2,5,69.16001328
Low Fat,FDB51,Dairy,2015,OUT045,Tier 2,Small,Supermarket Type1,0.038610722,12.65,159.058,4.2,8,41.19529285
Low Fat,FDV02,Dairy,2016,OUT046,Tier 1,Small,Supermarket Type1,0.060792265,14.15,82.4276,4.2,7,13.55889602
Low Fat,FDX50,Dairy,2011,OUT010,Tier 3,Small,Grocery Store,0.074931201,8.89,101.702,4.2,12,13.57271719
Low Fat,FDR26,Dairy,2020,OUT017,Tier 2,Small,Supermarket Type1,0.043011277,9.195,105.162,4.2,3,24.44986695
Regular,FDX27,Dairy,2017,OUT035,Tier 2,Small,Supermarket Type1,0.114581955,14,53.064,4.2,6,4.631095708
Regular,FDY02,Dairy,2014,OUT013,Tier 3,High,Supermarket Type1,0.0675840825,14,54.764,4.2,9,8.103091434
Low Fat,FDR14,Dairy,2018,OUT019,Tier 1,Small,Grocery Store,0.175033524,12.6,117.944,4.2,5,6.738366303
Low Fat,FDV50,Dairy,2022,OUT018,Tier 3,Medium,Supermarket Type2,0.122761775,11.35,100.002,4.2,1,8.146021023
Low Fat,FDX02,Dairy,2015,OUT045,Tier 2,Small,Supermarket Type1,0.057049301,11.85,164.153,4.2,8,28.77388454
Low Fat,DRE03,Dairy,2017,OUT035,Tier 2,Small,Supermarket Type1,0.024222321,13.8,245.18,4.2,6,101.2206881
Regular,FDE51,Dairy,2020,OUT017,Tier 2,Small,Supermarket Type1,0.09644909,5.78,263.757,4.2,3,27.34675879
Regular,FDZ26,Dairy,2017,OUT035,Tier 2,Small,Supermarket Type1,0.143990173,14.1,229.067,4.2,6,15.9085162
Low Fat,FDB28,Dairy,2015,OUT045,Tier 2,Small,Supermarket Type1,0.156307983,17.6,110.92,4.2,8,7.096246645
Regular,FDJ03,Dairy,2014,OUT013,Tier 3,High,Supermarket Type1,0.121174241,17.6,43.3454,4.2,9,3.57711339
Regular,FDU26,Dairy,2020,OUT017,Tier 2,Small,Supermarket Type1,0.071335395,15.75,250.538,4.2,3,35.12113447
Regular,FDA03,Dairy,2015,OUT045,Tier 2,Small,Supermarket Type1,0.045425939,13.35,147.539,4.2,8,32.47902041
Regular,FDZ26,Dairy,2020,OUT017,Tier 2,Small,Supermarket Type1,0.143897558,7.895,104.433,4.2,3,7.25745464
Low Fat,FDT38,Dairy,2018,OUT019,Tier 1,Small,Grocery Store,0.057771828,12.6,190.95,4.2,5,33.0524421
Regular,FDW02,Dairy,2015,OUT045,Tier 2,Small,Supermarket Type1,0.037852995,14.5,260.459,4.2,8,68.80802959
Regular,FDD40,Dairy,2016,OUT046,Tier 1,Small,Supermarket Type1,0.014721719,7.075,142.213,4.2,7,96.60081136
Regular,FDE40,Dairy,2018,OUT019,Tier 1,Small,Grocery Store,0.098663652,12.6,193.816,4.2,5,19.64411372
Low Fat,FDC15,Dairy,2018,OUT019,Tier 1,Small,Grocery Store,0.178975721,12.6,48.9034,4.2,5,2.732404134
Low Fat,FDU02,Dairy,2017,OUT035,Tier 2,Small,Supermarket Type1,0.102670882,10.195,239.654,4.2,6,23.34196369
Low Fat,FDA50,Dairy,2015,OUT045,Tier 2,Small,Supermarket Type1,0.087175137,7.935,51.535,4.2,8,5.911662634
Low Fat,FDR26,Dairy,2012,OUT049,Tier 1,Medium,Supermarket Type1,0.042923652,20.7,213.488,4.2,11,49.73668131
Low Fat,DRI39,Dairy,2016,OUT046,Tier 1,Small,Supermarket Type1,0.097043739,12.85,181.432,4.2,7,18.69589959
Low Fat,FDA50,Dairy,2014,OUT013,Tier 3,High,Supermarket Type1,0.087102593,8.775,45.9428,4.2,9,5.274561688
Regular,FDT14,Dairy,2018,OUT027,Tier 3,Medium,Supermarket Type3,0.128247408,12.6,260.559,4.2,5,20.31690184
Low Fat,DRH51,Dairy,2012,OUT049,Tier 1,Medium,Supermarket Type1,0.0675840825,15.15,132.528,4.2,11,19.60935106
Low Fat,FDU38,Dairy,2016,OUT046,Tier 1,Small,Supermarket Type1,0.082150145,14.3,84.9224,4.2,7,10.33746197
Regular,FDA02,Dairy,2011,OUT010,Tier 3,Small,Grocery Store,0.029578726,14.15,243.983,4.2,12,82.4859732
Low Fat,FDB27,Dairy,2022,OUT018,Tier 3,Medium,Supermarket Type2,0.055390121,9.195,43.6744,4.2,1,7.884871745
Low Fat,FDC15,Dairy,2022,OUT018,Tier 3,Medium,Supermarket Type2,0.297883712,11.35,201.074,4.2,1,6.750083737
Low Fat,FDM39,Dairy,2014,OUT013,Tier 3,High,Supermarket Type1,0.053553794,19.35,49.2034,4.2,9,9.187659048
Low Fat,FDA15,Dairy,2018,OUT019,Tier 1,Small,Grocery Store,0.026818196,12.6,160.692,4.2,5,59.91901916
Low Fat,DRF15,Dairy,2012,OUT049,Tier 1,Medium,Supermarket Type1,0.0675840825,9.5,171.345,4.2,11,25.35286323
Regular,FDY38,Dairy,2018,OUT019,Tier 1,Small,Grocery Store,0.119077255,12.6,157.892,4.2,5,13.25962712
Regular,FDA02,Dairy,2016,OUT046,Tier 1,Small,Supermarket Type1,0.029697925,18.85,189.185,4.2,7,63.70310384
Low Fat,FDD51,Dairy,2018,OUT027,Tier 3,Medium,Supermarket Type3,0.119371835,12.6,117.747,4.2,5,9.863884559
Low Fat,FDY50,Dairy,2017,OUT035,Tier 2,Small,Supermarket Type1,0.130321652,7.475,240.685,4.2,6,18.46853507
Regular,FDZ50,Dairy,2016,OUT046,Tier 1,Small,Supermarket Type1,0.0675840825,19.75,103.033,4.2,7,15.24515776
Low Fat,DRJ39,Dairy,2020,OUT017,Tier 2,Medium,Supermarket Type1,0.036319195,11.1,191.785,4.2,3,52.80541047
Low Fat,FDT38,Dairy,2012,OUT049,Tier 1,Medium,Supermarket Type1,0.0576269,8.21,89.2198,4.2,11,15.48231815
Low Fat,DRD27,Dairy,2012,OUT049,Tier 1,Medium,Supermarket Type1,0.023876985,12.8,226.84,4.2,11,95.00361959
Low Fat,FDB15,Dairy,2018,OUT019,Tier 1,Small,Grocery Store,0.137584599,12.6,255.27,4.2,5,18.55367547
Regular,FDC16,Dairy,2016,OUT046,Tier 1,Small,Supermarket Type1,0.020565921,13.8,106.925,4.2,7,51.99135016
Regular,FDW38,Dairy,2016,OUT046,Tier 1,Small,Supermarket Type1,0.138008431,9.8,100.602,4.2,7,7.28955465
Low Fat,DRF15,Dairy,2016,OUT046,Tier 1,Small,Supermarket Type1,0.03334929,19.5,179.8,4.2,7,53.91419128
Low Fat,FDU38,Dairy,2012,OUT049,Tier 1,Medium,Supermarket Type1,0.144534212,8.395,253.704,4.2,11,17.55321432
Low Fat,FDY50,Dairy,2018,OUT027,Tier 3,Medium,Supermarket Type3,0.130955811,12.6,106.26,4.2,5,8.114187464
Low Fat,FDP26,Dairy,2014,OUT013,Tier 3,High,Supermarket Type1,0.139552827,7.02,82.225,4.2,9,5.892033989
Low Fat,FDA14,Dairy,2015,OUT045,Tier 2,Medium,Supermarket Type1,0.065183228,15.1,147.208,4.2,8,22.58372353
Regular,FDF39,Dairy,2015,OUT045,Tier 2,Medium,Supermarket Type1,0.019511288,12.3,115.183,4.2,8,59.03403199
Regular,FDA27,Dairy,2018,OUT027,Tier 3,Medium,Supermarket Type3,0.030927632,12.6,172.342,4.2,5,55.72427918
Low Fat,FDD51,Dairy,2017,OUT035,Tier 2,Small,Supermarket Type1,0.0675840825,7.07,113.383,4.2,6,16.77658345
Low Fat,DRE15,Dairy,2015,OUT045,Tier 2,Medium,Supermarket Type1,0.0675840825,19.5,57.2614,4.2,8,8.472616315
Low Fat,DRD27,Dairy,2022,OUT018,Tier 3,Medium,Supermarket Type2,0.023974769,9.8,116.249,4.2,1,48.48805843
Regular,FDX27,Dairy,2018,OUT027,Tier 3,Medium,Supermarket Type3,0.114022125,12.6,162.155,4.2,5,14.22136274
Low Fat,DRI03,Dairy,2014,OUT013,Tier 3,High,Supermarket Type1,0.0675840825,12.35,49.1692,4.2,9,7.275263373
Regular,FDZ26,Dairy,2018,OUT027,Tier 3,Medium,Supermarket Type3,0.143319995,12.6,84.1592,4.2,5,5.872118541
Regular,FDA02,Dairy,2016,OUT046,Tier 1,Small,Supermarket Type1,0.052040539,7.475,217.619,4.2,7,41.81720716
Regular,FDC16,Dairy,2011,OUT010,Tier 3,Medium,Grocery Store,0.020611526,9.5,32.89,4.2,12,15.95709119
Low Fat,FDX26,Dairy,2022,OUT018,Tier 3,Medium,Supermarket Type2,0.087791917,20.6,74.4696,4.2,1,8.48251212
Low Fat,FDU38,Dairy,2014,OUT013,Tier 3,High,Supermarket Type1,0.138171603,19.85,126.17,4.2,9,9.131398729
Low Fat,FDU14,Dairy,2018,OUT027,Tier 3,Medium,Supermarket Type3,0.058168807,12.6,86.9198,4.2,5,14.94268225
Low Fat,DRE27,Dairy,2014,OUT013,Tier 3,High,Supermarket Type1,0.132560174,10.895,196.679,4.2,9,14.83696001
Low Fat,FDU02,Dairy,2015,OUT045,Tier 2,Medium,Supermarket Type1,0.102426197,13.15,176.869,4.2,8,17.26794562
Regular,FDB04,Dairy,2017,OUT035,Tier 2,Small,Supermarket Type1,0.06292018,10.195,147.608,4.2,6,23.45956417
Low Fat,DRH03,Dairy,2016,OUT046,Tier 1,Small,Supermarket Type1,0.061393095,13.5,35.2874,4.2,7,5.747779942
Low Fat,FDX50,Dairy,2011,OUT010,Tier 3,Medium,Grocery Store,0.074778547,17.7,165.982,4.2,12,22.19647301
Low Fat,FDA50,Dairy,2012,OUT049,Tier 1,Medium,Supermarket Type1,0.086752988,7.365,227.072,4.2,11,26.17454513
Regular,FDS02,Dairy,2012,OUT049,Tier 1,Medium,Supermarket Type1,0.255394896,8.93,53.2614,4.2,11,2.085452796
Low Fat,DRF27,Dairy,2012,OUT049,Tier 1,Medium,Supermarket Type1,0.049754975,9.17,141.747,4.2,11,28.4890104
Low Fat,FDX14,Dairy,2012,OUT049,Tier 1,Medium,Supermarket Type1,0.13121032,9.8,102.802,4.2,11,7.834902011
Low Fat,FDI15,Dairy,2012,OUT049,Tier 1,Medium,Supermarket Type1,0.0675840825,15.75,194.345,4.2,11,28.75603142
Low Fat,FDA14,Dairy,2012,OUT049,Tier 1,Medium,Supermarket Type1,0.06528457,20.7,156.629,4.2,11,23.99173342
Regular,FDS02,Dairy,2012,OUT049,Tier 1,Medium,Supermarket Type1,0.146094132,15,121.541,4.2,11,8.319362204
Low Fat,FDC04,Dairy,2012,OUT049,Tier 1,Medium,Supermarket Type1,0.078764059,5.175,83.4224,4.2,11,10.59142978
Low Fat,DRH39,Dairy,2012,OUT049,Tier 1,Medium,Supermarket Type1,0.0675840825,15.7,132.294,4.2,11,19.57472753
Low Fat,DRG15,Dairy,2012,OUT049,Tier 1,Medium,Supermarket Type1,0.076735903,10.895,263.757,4.2,11,34.37204616
Low Fat,DRK39,Dairy,2012,OUT049,Tier 1,Medium,Supermarket Type1,0.049865399,13.8,246.98,4.2,11,49.52933396
Low Fat,DRH15,Dairy,2012,OUT049,Tier 1,Medium,Supermarket Type1,0.109911272,17,219.811,4.2,11,19.9989497
Regular,FDA51,Dairy,2012,OUT049,Tier 1,Medium,Supermarket Type1,0.164679597,17.6,89.3856,4.2,11,5.427849086
Regular,FDT14,Dairy,2012,OUT049,Tier 1,Medium,Supermarket Type1,0.127727102,5.155,247.278,4.2,11,19.35986929
Regular,FDV26,Dairy,2012,OUT049,Tier 1,Medium,Supermarket Type1,0.076314907,5.48,83.025,4.2,11,10.87926373
Regular,FDK03,Dairy,2012,OUT049,Tier 1,Medium,Supermarket Type1,0.074338562,9.31,62.351,4.2,11,8.387436927
Low Fat,DRF27,Dairy,2012,OUT049,Tier 1,Medium,Supermarket Type1,0.028411899,10.5,88.583,4.2,11,31.1781342
Low Fat,FDV14,Dairy,2012,OUT049,Tier 1,Medium,Supermarket Type1,0.044489064,12.85,47.306,4.2,11,10.63317493
Regular,FDA26,Dairy,2012,OUT049,Tier 1,Medium,Supermarket Type1,0.073906461,8.3,36.2506,4.2,11,4.90492976
Low Fat,FDA38,Dairy,2012,OUT049,Tier 1,Medium,Supermarket Type1,0.025458716,11.5,189.253,4.2,11,74.33721324
Regular,FDX38,Dairy,2012,OUT049,Tier 1,Medium,Supermarket Type1,0.048403392,16,46.2086,4.2,11,9.546562357
Low Fat,FDZ38,Dairy,2012,OUT049,Tier 1,Medium,Supermarket Type1,0.007962273,17.7,113.283,4.2,11,142.2746997
Regular,FDQ26,Dairy,2012,OUT049,Tier 1,Medium,Supermarket Type1,0.067543727,18.2,146.473,4.2,11,21.68565558
Low Fat,FDV38,Dairy,2012,OUT049,Tier 1,Medium,Supermarket Type1,0.170348551,8.21,149.939,4.2,11,8.801894652
Low Fat,FDD04,Dairy,2012,OUT049,Tier 1,Medium,Supermarket Type1,0.089971292,15.75,252.938,4.2,11,28.11318971
Low Fat,FDB27,Dairy,2012,OUT049,Tier 1,Medium,Supermarket Type1,0.055379648,18.75,104.828,4.2,11,18.9289755
Low Fat,FDD04,Dairy,2012,OUT049,Tier 1,Medium,Supermarket Type1,0.08989642,11.1,119.612,4.2,11,13.30553542
Regular,FDB40,Dairy,2012,OUT049,Tier 1,Medium,Supermarket Type1,0.007538459,19.2,130.131,4.2,11,172.6228132
Regular,FDB03,Dairy,2012,OUT049,Tier 1,Medium,Supermarket Type1,0.156701315,17.6,154.431,4.2,11,9.855118319
Regular,FDF39,Dairy,2012,OUT049,Tier 1,Medium,Supermarket Type1,0.019590769,17.85,152.668,4.2,11,77.92853869
Low Fat,DRK39,Dairy,2012,OUT049,Tier 1,Medium,Supermarket Type1,0.0675840825,8.395,99.1042,4.2,11,14.66383745
Low Fat,FDB28,Dairy,2012,OUT049,Tier 1,Medium,Supermarket Type1,0.093307668,9,175.437,4.2,11,18.80199171
Low Fat,DRJ51,Dairy,2012,OUT049,Tier 1,Medium,Supermarket Type1,0.087920675,9.5,253.672,4.2,11,28.85237175
Regular,FDY38,Dairy,2012,OUT049,Tier 1,Medium,Supermarket Type1,0.119418124,10.195,149.008,4.2,11,12.47783795
Low Fat,FDA50,Dairy,2012,OUT049,Tier 1,Medium,Supermarket Type1,0.087310672,16.75,38.9822,4.2,11,4.464769209
Regular,FDF39,Dairy,2012,OUT049,Tier 1,Medium,Supermarket Type1,0.019495051,16.75,187.956,4.2,11,96.41216122
Low Fat,FDA50,Dairy,2012,OUT049,Tier 1,Medium,Supermarket Type1,0.152632413,18.25,122.605,4.2,11,8.032697485
Regular,FDY15,Dairy,2012,OUT049,Tier 1,Medium,Supermarket Type1,0.299097859,18.6,185.09,4.2,11,6.188275657
Regular,FDX38,Dairy,2012,OUT049,Tier 1,Medium,Supermarket Type1,0.080688663,19,104.962,4.2,11,13.00827106
Low Fat,DRD27,Dairy,2012,OUT049,Tier 1,Medium,Supermarket Type1,0.023820082,19.7,178.337,4.2,11,74.86834008
Regular,FDA03,Dairy,2012,OUT049,Tier 1,Medium,Supermarket Type1,0.045463773,14.15,41.5138,4.2,11,9.131182315
Low Fat,FDD04,Dairy,2012,OUT049,Tier 1,Medium,Supermarket Type1,0.090111173,15.35,91.912,4.2,11,10.19984503
Regular,FDZ03,Dairy,2012,OUT049,Tier 1,Medium,Supermarket Type1,0.078909166,8.3,98.2384,4.2,11,12.44955497
Low Fat,DRF03,Dairy,2012,OUT049,Tier 1,Medium,Supermarket Type1,0.045400017,9.1,173.605,4.2,11,38.23897247
Low Fat,FDU38,Dairy,2012,OUT049,Tier 1,Medium,Supermarket Type1,0.082534287,14.5,263.159,4.2,11,31.88480928
Regular,FDL39,Dairy,2012,OUT049,Tier 1,Medium,Supermarket Type1,0.063278652,17.35,88.0856,4.2,11,13.92027125
Regular,FDA26,Dairy,2012,OUT049,Tier 1,Medium,Supermarket Type1,0.0675840825,16.7,120.778,4.2,11,17.87077601
Low Fat,FDW50,Dairy,2012,OUT049,Tier 1,Medium,Supermarket Type1,0.075731322,18.5,146.31,4.2,11,19.3196152
Low Fat,DRJ51,Dairy,2012,OUT049,Tier 1,Medium,Supermarket Type1,0.088172355,5.88,104.099,4.2,11,11.80630822
Regular,FDT50,Dairy,2012,OUT049,Tier 1,Medium,Supermarket Type1,0.108458498,8.895,162.124,4.2,11,14.94802187
Regular,FDL39,Dairy,2012,OUT049,Tier 1,Medium,Supermarket Type1,0.063689583,13.85,164.921,4.2,11,25.89450146
Low Fat,DRH03,Dairy,2012,OUT049,Tier 1,Medium,Supermarket Type1,0.035207155,15.1,130.531,4.2,11,37.0751343
Low Fat,FDV38,Dairy,2012,OUT049,Tier 1,Medium,Supermarket Type1,0.102349519,17.7,161.921,4.2,11,15.82039677
Low Fat,FDB51,Dairy,2012,OUT049,Tier 1,Medium,Supermarket Type1,0.038532062,14.85,160.958,4.2,11,41.77248547
Regular,FDU50,Dairy,2012,OUT049,Tier 1,Medium,Supermarket Type1,0.075107656,16.1,97.341,4.2,11,12.96019676
Low Fat,DRF15,Dairy,2012,OUT049,Tier 1,Medium,Supermarket Type1,0.058153409,17.7,50.2034,4.2,11,8.632924684
Low Fat,FDS26,Dairy,2012,OUT049,Tier 1,Medium,Supermarket Type1,0.089394766,19.35,122.11,4.2,11,13.6596364
Low Fat,FDK51,Dairy,2012,OUT049,Tier 1,Medium,Supermarket Type1,0.005234153,20,45.5744,4.2,11,87.07120331
Low Fat,FDH27,Dairy,2012,OUT049,Tier 1,Medium,Supermarket Type1,0.05858462,20.2,125.968,4.2,11,21.50188906
Regular,FDD40,Dairy,2012,OUT049,Tier 1,Medium,Supermarket Type1,0.014790559,6.175,94.1752,4.2,11,63.67250893
Regular,FDC52,Dairy,2012,OUT049,Tier 1,Medium,Supermarket Type1,0.008326735,9.5,195.945,4.2,11,235.3203266
Low Fat,DRH39,Dairy,2012,OUT049,Tier 1,Medium,Supermarket Type1,0.09261307,15.1,134.494,4.2,11,14.52214034
Low Fat,FDX26,Dairy,2012,OUT049,Tier 1,Medium,Supermarket Type1,0.153741385,7.63,46.9402,4.2,11,3.053192216
Low Fat,FDV02,Dairy,2012,OUT049,Tier 1,Medium,Supermarket Type1,0.060495243,9.8,121.61,4.2,11,20.10240706
Low Fat,FDU02,Dairy,2012,OUT049,Tier 1,Medium,Supermarket Type1,0.179484411,10.195,240.154,4.2,11,13.38021495
Regular,FDA27,Dairy,2012,OUT049,Tier 1,Medium,Supermarket Type1,0.0675840825,17.7,183.792,4.2,11,27.19456908
Low Fat,FDC15,Dairy,2012,OUT049,Tier 1,Medium,Supermarket Type1,0.17824575,11.1,156.46,4.2,11,8.777768895
Regular,FDI27,Dairy,2012,OUT049,Tier 1,Medium,Supermarket Type1,0.04605781,21.1,144.679,4.2,11,31.41247923
Low Fat,FDW50,Dairy,2018,OUT019,Tier 1,Small,Grocery Store,0.132327406,12.6,44.9428,4.2,5,3.396333485
Low Fat,FDU38,Dairy,2018,OUT019,Tier 1,Small,Grocery Store,0.083016832,12.6,46.6744,4.2,5,5.622281515
Low Fat,DRF03,Dairy,2018,OUT019,Tier 1,Small,Grocery Store,0.075836522,12.6,157.66,4.2,5,20.78945551
Regular,FDD40,Dairy,2018,OUT019,Tier 1,Small,Grocery Store,0.014816356,12.6,107.462,4.2,5,72.52930478
Regular,FDC40,Dairy,2018,OUT019,Tier 1,Small,Grocery Store,0.065009745,12.6,175.837,4.2,5,27.04779107
Low Fat,FDU14,Dairy,2018,OUT019,Tier 1,Small,Grocery Store,0.034823127,12.6,38.8506,4.2,5,11.15655122
Regular,FDZ26,Dairy,2018,OUT019,Tier 1,Small,Grocery Store,0.144017405,12.6,115.281,4.2,5,8.004657493
Low Fat,DRG39,Dairy,2018,OUT019,Tier 1,Small,Grocery Store,0.042352822,12.6,179.669,4.2,5,42.42196659
Low Fat,FDD03,Dairy,2018,OUT019,Tier 1,Small,Grocery Store,0.080131363,12.6,74.967,4.2,5,9.355512897
Low Fat,FDE39,Dairy,2018,OUT019,Tier 1,Small,Grocery Store,0.036207786,12.6,98.241,4.2,5,27.13256204
Low Fat,FDR26,Dairy,2018,OUT019,Tier 1,Small,Grocery Store,0.042836778,12.6,61.1536,4.2,5,14.27595698
Low Fat,FDA14,Dairy,2018,OUT019,Tier 1,Small,Grocery Store,0.114127418,12.6,266.023,4.2,5,23.30929803
Regular,FDA03,Dairy,2018,OUT019,Tier 1,Small,Grocery Store,0.045243613,12.6,56.293,4.2,5,12.44219819
Regular,FDY26,Dairy,2018,OUT019,Tier 1,Small,Grocery Store,0.030510526,12.6,125.805,4.2,5,41.23331076
Regular,FDE51,Dairy,2018,OUT019,Tier 1,Small,Grocery Store,0.09646733,12.6,65.0826,4.2,5,6.746594935
Low Fat,DRF03,Dairy,2018,OUT019,Tier 1,Small,Grocery Store,0.045299563,12.6,103.365,4.2,5,22.81810092
Low Fat,DRG15,Dairy,2018,OUT019,Tier 1,Small,Grocery Store,0.076855207,12.6,149.537,4.2,5,19.45697707
Regular,FDA51,Dairy,2018,OUT019,Tier 1,Small,Grocery Store,0.164542555,12.6,36.019,4.2,5,2.189038574
Low Fat,FDD51,Dairy,2018,OUT019,Tier 1,Small,Grocery Store,0.120189206,12.6,112.052,4.2,5,9.322966989
Low Fat,FDB15,Dairy,2018,OUT019,Tier 1,Small,Grocery Store,0.136810742,12.6,165.253,4.2,5,12.07894918
Low Fat,DRG51,Dairy,2018,OUT019,Tier 1,Small,Grocery Store,0.019314961,12.6,142.084,4.2,5,73.56162925
Low Fat,FDX50,Dairy,2018,OUT019,Tier 1,Small,Grocery Store,0.07461309,12.6,43.4086,4.2,5,5.817826336
Regular,FDX27,Dairy,2018,OUT019,Tier 1,Small,Grocery Store,0.11411709,12.6,39.8506,4.2,5,3.492079933
Low Fat,FDY14,Dairy,2018,OUT019,Tier 1,Small,Grocery Store,0.070149088,12.6,215.622,4.2,5,30.73767687
Low Fat,FDA38,Dairy,2018,OUT019,Tier 1,Small,Grocery Store,0.025519534,12.6,63.2194,4.2,5,24.77294452
Low Fat,FDB27,Dairy,2018,OUT019,Tier 1,Small,Grocery Store,0.055476238,12.6,42.3796,4.2,5,7.639234658
Low Fat,FDZ27,Dairy,2018,OUT019,Tier 1,Small,Grocery Store,0.017182935,12.6,115.949,4.2,5,67.47915883
Low Fat,FDQ14,Dairy,2018,OUT019,Tier 1,Small,Grocery Store,0.061883353,12.6,116.381,4.2,5,18.80651166
Low Fat,DRG51,Dairy,2018,OUT019,Tier 1,Small,Grocery Store,0.011557563,12.6,155.895,4.2,5,134.8857021
Low Fat,FDW50,Dairy,2018,OUT019,Tier 1,Small,Grocery Store,0.075695552,12.6,112.62,4.2,5,14.87802084
Low Fat,FDZ15,Dairy,2018,OUT019,Tier 1,Small,Grocery Store,0.020903193,12.6,62.7194,4.2,5,30.00469833
Low Fat,DRJ51,Dairy,2016,OUT046,Tier 1,Small,Supermarket Type1,0.0675840825,13,79.6986,4.2,7,11.79251046
Low Fat,DRG39,Dairy,2016,OUT046,Tier 1,Small,Supermarket Type1,0.042246575,16.35,95.741,4.2,7,22.66242885
Low Fat,FDC04,Dairy,2016,OUT046,Tier 1,Small,Supermarket Type1,0.045055587,10.3,103.365,4.2,7,22.94166093
Low Fat,FDV02,Dairy,2016,OUT046,Tier 1,Small,Supermarket Type1,0.06063976,9.17,144.947,4.2,7,23.902964
Low Fat,FDB52,Dairy,2016,OUT046,Tier 1,Small,Supermarket Type1,0.03048292,4.635,127.099,4.2,7,41.69515256
Low Fat,FDV38,Dairy,2016,OUT046,Tier 1,Small,Supermarket Type1,0.101932076,12.5,198.874,4.2,7,19.51044341
Low Fat,FDK51,Dairy,2016,OUT046,Tier 1,Small,Supermarket Type1,0.005243282,7.725,249.109,4.2,7,475.101282
Regular,FDU50,Dairy,2016,OUT046,Tier 1,Small,Supermarket Type1,0.075287081,7.855,189.519,4.2,7,25.17284473
Regular,FDJ15,Dairy,2016,OUT046,Tier 1,Small,Supermarket Type1,0.023358738,16.25,91.3804,4.2,7,39.12043536
Regular,FDC16,Dairy,2016,OUT046,Tier 1,Small,Supermarket Type1,0.020601791,7.905,108.625,4.2,7,52.72599843
Regular,FDQ26,Dairy,2016,OUT046,Tier 1,Small,Supermarket Type1,0.0675840825,9,213.353,4.2,7,31.56852799
Regular,FDY38,Dairy,2016,OUT046,Tier 1,Small,Supermarket Type1,0.119361718,12.15,211.893,4.2,7,17.75217411
Regular,FDC40,Dairy,2016,OUT046,Tier 1,Small,Supermarket Type1,0.065165046,13.65,32.8558,4.2,7,5.041936132
Regular,FDB40,Dairy,2016,OUT046,Tier 1,Small,Supermarket Type1,0.007551607,17.6,42.5454,4.2,7,56.33953144
Regular,FDD52,Dairy,2016,OUT046,Tier 1,Small,Supermarket Type1,0.183579854,19.35,122.01,4.2,7,6.646154104
Regular,FDA27,Dairy,2016,OUT046,Tier 1,Small,Supermarket Type1,0.030975716,6.36,45.806,4.2,7,14.78771306
Low Fat,DRD27,Dairy,2016,OUT046,Tier 1,Small,Supermarket Type1,0.041740624,10.8,74.738,4.2,7,17.90533845
Low Fat,DRH15,Dairy,2016,OUT046,Tier 1,Small,Supermarket Type1,0.19244045,7.93,42.7086,4.2,7,2.219315118
Low Fat,FDB39,Dairy,2016,OUT046,Tier 1,Small,Supermarket Type1,0.067441726,8.42,63.2168,4.2,7,9.373544206
Low Fat,FDD04,Dairy,2016,OUT046,Tier 1,Small,Supermarket Type1,0.157528118,17,122.373,4.2,7,7.76832743
Low Fat,FDH27,Dairy,2016,OUT046,Tier 1,Small,Supermarket Type1,0.102157958,19.35,65.6168,4.2,7,6.423072787
Low Fat,FDR14,Dairy,2016,OUT046,Tier 1,Small,Supermarket Type1,0.304737387,20.75,150.073,4.2,7,4.924666497
Low Fat,FDV38,Dairy,2016,OUT046,Tier 1,Small,Supermarket Type1,0.178192864,6.235,261.691,4.2,7,14.68582939
Low Fat,FDZ38,Dairy,2016,OUT046,Tier 1,Small,Supermarket Type1,0.014008751,8.18,142.615,4.2,7,101.8042222
Regular,FDA26,Dairy,2016,OUT046,Tier 1,Small,Supermarket Type1,0.129425145,8.93,55.1614,4.2,7,4.262031153
Regular,FDU26,Dairy,2016,OUT046,Tier 1,Small,Supermarket Type1,0.074620291,12.15,150.471,4.2,7,20.16489054
Regular,FDV26,Dairy,2016,OUT046,Tier 1,Small,Supermarket Type1,0.133347119,16.35,257.665,4.2,7,19.32287716
Regular,FDY02,Dairy,2016,OUT046,Tier 1,Small,Supermarket Type1,0.153456703,16.6,178.734,4.2,7,11.64719406
Low Fat,FDZ38,Dairy,2016,OUT046,Tier 1,Small,Supermarket Type1,0.008001018,20.25,246.646,4.2,7,308.2682729
Low Fat,FDB51,Dairy,2016,OUT046,Tier 1,Small,Supermarket Type1,0.038454076,7.825,63.4826,4.2,7,16.50867908
Low Fat,DRG27,Dairy,2016,OUT046,Tier 1,Small,Supermarket Type1,0.105110692,10.1,76.367,4.2,7,7.265388377
Low Fat,FDY14,Dairy,2016,OUT046,Tier 1,Small,Supermarket Type1,0.070040195,17.6,156.231,4.2,7,22.30590592
Low Fat,FDR14,Dairy,2016,OUT046,Tier 1,Small,Supermarket Type1,0.174049032,7.39,142.747,4.2,7,8.201539437
Low Fat,FDI15,Dairy,2016,OUT046,Tier 1,Small,Supermarket Type1,0.141352562,6.675,92.3462,4.2,7,6.533040413
Low Fat,DRG39,Dairy,2016,OUT046,Tier 1,Small,Supermarket Type1,0.042180995,6.865,214.022,4.2,7,50.73896431
Low Fat,FDV50,Dairy,2016,OUT046,Tier 1,Small,Supermarket Type1,0.122571209,17.85,127.102,4.2,7,10.36964562
Low Fat,DRF51,Dairy,2016,OUT046,Tier 1,Small,Supermarket Type1,0.165838224,18,147.742,4.2,7,8.908802593
Low Fat,FDD39,Dairy,2016,OUT046,Tier 1,Small,Supermarket Type1,0.070154899,19.35,224.809,4.2,7,32.04466163
Low Fat,FDS50,Dairy,2016,OUT046,Tier 1,Small,Supermarket Type1,0.055433377,7.535,120.844,4.2,7,21.79986256
Low Fat,DRE03,Dairy,2016,OUT046,Tier 1,Small,Supermarket Type1,0.024226902,8.38,107.957,4.2,7,44.56079444
Low Fat,FDX50,Dairy,2016,OUT046,Tier 1,Small,Supermarket Type1,0.074627201,19.35,166.918,4.2,7,22.3669115
Low Fat,DRJ39,Dairy,2016,OUT046,Tier 1,Small,Supermarket Type1,0.036326064,20.25,241.854,4.2,7,66.57864172
Regular,FDW02,Dairy,2016,OUT046,Tier 1,Small,Supermarket Type1,0.037699423,8.975,86.4224,4.2,7,22.92406438
Regular,FDW38,Dairy,2016,OUT046,Tier 1,Small,Supermarket Type1,0.138679995,13.35,207.764,4.2,7,14.98154078
Regular,FDX38,Dairy,2016,OUT046,Tier 1,Small,Supermarket Type1,0.048207017,15.7,112.02,4.2,7,23.237281
Regular,FDQ26,Dairy,2016,OUT046,Tier 1,Small,Supermarket Type1,0.067872402,16.75,103.567,4.2,7,15.25907393
Regular,FDB03,Dairy,2016,OUT046,Tier 1,Small,Supermarket Type1,0.156831826,17.2,163.118,4.2,7,10.4008226
Regular,FDT26,Dairy,2016,OUT046,Tier 1,Small,Supermarket Type1,0.067953506,10.895,144.81,4.2,7,21.31015874
Regular,FDV26,Dairy,2016,OUT046,Tier 1,Small,Supermarket Type1,0.076160451,11.1,177.271,4.2,7,23.27599137
Low Fat,FDY50,Dairy,2016,OUT046,Tier 1,Small,Supermarket Type1,0.131221393,14,54.564,4.2,7,4.158163448
Low Fat,FDB27,Dairy,2016,OUT046,Tier 1,Small,Supermarket Type1,0.055502454,16.1,34.3558,4.2,7,6.189960538
Low Fat,FDB16,Dairy,2016,OUT046,Tier 1,Small,Supermarket Type1,0.045016894,11,241.751,4.2,7,53.70228341
Low Fat,DRG27,Dairy,2016,OUT046,Tier 1,Small,Supermarket Type1,0.105323859,14.85,161.258,4.2,7,15.31068094
Low Fat,FDC04,Dairy,2016,OUT046,Tier 1,Small,Supermarket Type1,0.045076878,15.35,191.15,4.2,7,42.40533251
Low Fat,FDV02,Dairy,2016,OUT046,Tier 1,Small,Supermarket Type1,0.060668416,17.75,140.584,4.2,7,23.17251863
Low Fat,FDT38,Dairy,2016,OUT046,Tier 1,Small,Supermarket Type1,0.057654132,17.85,122.939,4.2,7,21.32353671
Low Fat,DRI03,Dairy,2016,OUT046,Tier 1,Small,Supermarket Type1,0.022832115,10.195,196.311,4.2,7,85.98020814
Low Fat,FDS14,Dairy,2016,OUT046,Tier 1,Small,Supermarket Type1,0.0675840825,12,98.6042,4.2,7,14.58985553
Low Fat,FDC39,Dairy,2016,OUT046,Tier 1,Small,Supermarket Type1,0.0675840825,5.78,262.257,4.2,7,38.80455135
Low Fat,FDB39,Dairy,2016,OUT046,Tier 1,Small,Supermarket Type1,0.038736838,6.935,103.533,4.2,7,26.72727185
Low Fat,DRG51,Dairy,2016,OUT046,Tier 1,Small,Supermarket Type1,0.011604894,9.285,161.558,4.2,7,139.2154034
Low Fat,FDW50,Dairy,2016,OUT046,Tier 1,Small,Supermarket Type1,0.076005548,10.3,87.254,4.2,7,11.47995144
Low Fat,FDX14,Dairy,2016,OUT046,Tier 1,Small,Supermarket Type1,0.075363922,20.2,94.5752,4.2,7,12.54913458
Low Fat,DRI39,Dairy,2016,OUT046,Tier 1,Small,Supermarket Type1,0.097611115,13.5,96.4068,4.2,7,9.87662112
Low Fat,DRJ51,Dairy,2016,OUT046,Tier 1,Small,Supermarket Type1,0.08849163,17.7,184.392,4.2,7,20.83722494
Low Fat,FDV50,Dairy,2015,OUT045,Tier 2,Medium,Supermarket Type1,0.123264522,19.25,54.3956,4.2,8,4.412916151
Low Fat,FDD39,Dairy,2015,OUT045,Tier 2,Medium,Supermarket Type1,0.070551723,7.475,155.266,4.2,8,22.00740016
Low Fat,FDX26,Dairy,2015,OUT045,Tier 2,Medium,Supermarket Type1,0.088305201,5.5,103.102,4.2,8,11.67564298
Low Fat,FDX50,Dairy,2020,OUT017,Tier 2,Medium,Supermarket Type1,0.075049323,6.92,64.2852,4.2,3,8.565726835
Regular,FDI27,Dairy,2020,OUT017,Tier 2,Medium,Supermarket Type1,0.046079575,18.7,256.467,4.2,3,55.65741438
Regular,FDY02,Dairy,2015,OUT045,Tier 2,Medium,Supermarket Type1,0.087823675,7.445,74.7354,4.2,8,8.509709939
Regular,FDQ26,Dairy,2015,OUT045,Tier 2,Medium,Supermarket Type1,0.068010049,17.75,111.454,4.2,8,16.38787233
Regular,FDB40,Dairy,2015,OUT045,Tier 2,Medium,Supermarket Type1,0.007555176,20.6,121.076,4.2,8,160.2556976
Regular,FDT26,Dairy,2015,OUT045,Tier 2,Medium,Supermarket Type1,0.068091318,7.655,117.249,4.2,8,17.2193759
Regular,FDL51,Dairy,2015,OUT045,Tier 2,Medium,Supermarket Type1,0.047587685,8.355,146.942,4.2,8,30.87815682
Regular,FDC16,Dairy,2015,OUT045,Tier 2,Medium,Supermarket Type1,0.020686161,10.1,116.715,4.2,8,56.42177879
Regular,FDZ26,Dairy,2015,OUT045,Tier 2,Medium,Supermarket Type1,0.144832027,15.85,37.2506,4.2,8,2.571986374
Regular,FDW26,Dairy,2015,OUT045,Tier 2,Medium,Supermarket Type1,0.107662745,13.1,120.178,4.2,8,11.16244993
Regular,FDZ50,Dairy,2015,OUT045,Tier 2,Medium,Supermarket Type1,0.079523619,15.75,37.4506,4.2,8,4.709368169
Regular,FDE40,Dairy,2015,OUT045,Tier 2,Medium,Supermarket Type1,0.099704558,16.7,216.385,4.2,8,21.70261865
Regular,FDY15,Dairy,2015,OUT045,Tier 2,Medium,Supermarket Type1,0.17179432,17,220.511,4.2,8,12.83575615
Low Fat,FDB52,Dairy,2015,OUT045,Tier 2,Medium,Supermarket Type1,0.030497325,5.48,81.925,4.2,8,26.86301176
Low Fat,FDQ14,Dairy,2015,OUT045,Tier 2,Medium,Supermarket Type1,0.061775607,7.035,262.791,4.2,8,42.53960629
Low Fat,FDD51,Dairy,2015,OUT045,Tier 2,Medium,Supermarket Type1,0.119930029,7.905,109.225,4.2,8,9.107393779
Low Fat,DRI03,Dairy,2015,OUT045,Tier 2,Medium,Supermarket Type1,0.0226994,8.905,61.4878,4.2,8,27.08785254
Low Fat,FDB51,Dairy,2015,OUT045,Tier 2,Medium,Supermarket Type1,0.038446805,9,214.153,4.2,8,55.70111743
Low Fat,FDC39,Dairy,2015,OUT045,Tier 2,Medium,Supermarket Type1,0.159165324,12.85,38.1164,4.2,8,2.394767845
Low Fat,FDE39,Dairy,2015,OUT045,Tier 2,Medium,Supermarket Type1,0.036127671,15.35,36.719,4.2,8,10.16367759
Low Fat,FDB16,Dairy,2015,OUT045,Tier 2,Medium,Supermarket Type1,0.044917289,18,120.312,4.2,8,26.78523185
Low Fat,FDY14,Dairy,2015,OUT045,Tier 2,Medium,Supermarket Type1,0.070026951,11.5,128.865,4.2,8,18.4022006
Low Fat,DRD15,Dairy,2015,OUT045,Tier 2,Medium,Supermarket Type1,0.056785183,12.85,233.264,4.2,8,41.07832143
Low Fat,DRE27,Dairy,2015,OUT045,Tier 2,Medium,Supermarket Type1,0.132645493,16.25,166.947,4.2,8,12.58595345
Low Fat,FDD03,Dairy,2015,OUT045,Tier 2,Medium,Supermarket Type1,0.079791176,16.75,258.099,4.2,8,32.34680988
Low Fat,FDI15,Dairy,2015,OUT045,Tier 2,Medium,Supermarket Type1,0.141325834,17.7,115.083,4.2,8,8.143097178
Low Fat,DRI51,Dairy,2015,OUT045,Tier 2,Medium,Supermarket Type1,0.042233642,18.25,160.489,4.2,8,38.00027476
Low Fat,DRH51,Dairy,2015,OUT045,Tier 2,Medium,Supermarket Type1,0.097198194,7.905,229.469,4.2,8,23.60836046
Regular,FDW14,Dairy,2015,OUT045,Tier 2,Small,Supermarket Type1,0.038204311,18.85,127.434,4.2,8,33.35592153
Regular,FDC03,Dairy,2015,OUT045,Tier 2,Small,Supermarket Type1,0.071832909,5.51,99.7726,4.2,8,13.88953912
Regular,FDY02,Dairy,2015,OUT045,Tier 2,Small,Supermarket Type1,0.087629354,13.5,37.0874,4.2,8,4.232303253
Regular,FDC51,Dairy,2015,OUT045,Tier 2,Small,Supermarket Type1,0.009620042,14.35,109.523,4.2,8,113.8487753
Regular,FDB04,Dairy,2015,OUT045,Tier 2,Small,Supermarket Type1,0.06321435,16.5,95.212,4.2,8,15.06176999
Regular,FDW26,Dairy,2015,OUT045,Tier 2,Small,Supermarket Type1,0.107036943,18,159.36,4.2,8,14.88831758
Regular,FDC40,Dairy,2015,OUT045,Tier 2,Small,Supermarket Type1,0.065051586,20.6,149.639,4.2,8,23.00312862
Regular,FDL39,Dairy,2015,OUT045,Tier 2,Small,Supermarket Type1,0.063319379,7.235,117.349,4.2,8,18.53287285
Regular,FDU26,Dairy,2015,OUT045,Tier 2,Small,Supermarket Type1,0.042610897,9.105,33.89,4.2,8,7.953364605
Regular,FDD52,Dairy,2015,OUT045,Tier 2,Small,Supermarket Type1,0.183260221,17.35,176.371,4.2,8,9.624074392
Regular,FDF40,Dairy,2015,OUT045,Tier 2,Small,Supermarket Type1,0.022507877,12.65,113.82,4.2,8,50.56896303
Regular,FDV26,Dairy,2015,OUT045,Tier 2,Small,Supermarket Type1,0.07614605,16.35,106.028,4.2,8,13.92429417
Regular,FDY26,Dairy,2015,OUT045,Tier 2,Small,Supermarket Type1,0.030504756,7.51,112.454,4.2,8,36.8644155
Regular,FDL51,Dairy,2015,OUT045,Tier 2,Small,Supermarket Type1,0.047482391,12.6,210.861,4.2,8,44.40825231
Low Fat,FDA50,Dairy,2015,OUT045,Tier 2,Small,Supermarket Type1,0.145913308,12.85,43.1428,4.2,8,2.956741958
Low Fat,DRE27,Dairy,2015,OUT045,Tier 2,Small,Supermarket Type1,0.222063351,15.25,87.0198,4.2,8,3.918692554
Low Fat,DRG03,Dairy,2015,OUT045,Tier 2,Small,Supermarket Type1,0.103752817,16.75,187.956,4.2,8,18.11574909
Low Fat,DRH03,Dairy,2015,OUT045,Tier 2,Small,Supermarket Type1,0.05869048,20.2,259.265,4.2,8,44.17496671
Low Fat,FDX50,Dairy,2015,OUT045,Tier 2,Small,Supermarket Type1,0.124910635,7.535,121.644,4.2,8,9.738482236
Regular,FDZ26,Dairy,2015,OUT045,Tier 2,Small,Supermarket Type1,0.241055611,15.5,42.377,4.2,8,1.757976088
Regular,FDB40,Dairy,2015,OUT045,Tier 2,Small,Supermarket Type1,0.012620221,18.7,52.0324,4.2,8,41.22938893
Regular,FDY26,Dairy,2020,OUT017,Tier 2,Small,Supermarket Type1,0.051068365,11.3,247.512,4.2,3,48.46679544
Low Fat,DRI03,Dairy,2020,OUT017,Tier 2,Small,Supermarket Type1,0.0226848,20.7,157.029,4.2,3,69.2221223
Low Fat,DRG15,Dairy,2020,OUT017,Tier 2,Small,Supermarket Type1,0.0675840825,6.65,149.773,4.2,3,22.16098739
Low Fat,FDS14,Dairy,2020,OUT017,Tier 2,Small,Supermarket Type1,0.049922304,8.71,94.4778,4.2,3,18.92496789
Low Fat,FDB16,Dairy,2020,OUT017,Tier 2,Small,Supermarket Type1,0.044888397,12,181.298,4.2,3,40.38861089
Low Fat,FDA15,Dairy,2020,OUT017,Tier 2,Small,Supermarket Type1,0.016009057,13,77.2986,4.2,3,48.28429307
Low Fat,FDY14,Dairy,2020,OUT017,Tier 2,Small,Supermarket Type1,0.069981909,14.15,256.301,4.2,3,36.62389376
Low Fat,FDR14,Dairy,2020,OUT017,Tier 2,Small,Supermarket Type1,0.173904193,7.075,142.013,4.2,3,8.166163078
Low Fat,FDW50,Dairy,2020,OUT017,Tier 2,Small,Supermarket Type1,0.075515154,7.785,105.631,4.2,3,13.98805331
Low Fat,FDX02,Dairy,2020,OUT017,Tier 2,Small,Supermarket Type1,0.057012606,13.1,117.778,4.2,3,20.65823829
Low Fat,FDX26,Dairy,2020,OUT017,Tier 2,Small,Supermarket Type1,0.0675840825,13.3,232.63,4.2,3,34.42082683
Low Fat,FDK51,Dairy,2020,OUT017,Tier 2,Small,Supermarket Type1,0.005230786,10.895,106.328,4.2,3,203.273466
Low Fat,FDV14,Dairy,2020,OUT017,Tier 2,Small,Supermarket Type1,0.044460448,15.35,37.219,4.2,3,8.371260676
Low Fat,FDR26,Dairy,2020,OUT017,Tier 2,Small,Supermarket Type1,0.04280113,5.98,146.842,4.2,3,34.30797271
Regular,FDW02,Dairy,2020,OUT017,Tier 2,Small,Supermarket Type1,0.037668051,6.425,175.571,4.2,3,46.61005689
Regular,FDA26,Dairy,2020,OUT017,Tier 2,Small,Supermarket Type1,0.073858923,8.325,39.5138,4.2,3,5.349902002
Regular,FDC03,Dairy,2020,OUT017,Tier 2,Small,Supermarket Type1,0.071786706,8.985,99.67,4.2,3,13.8841863
Regular,FDT14,Dairy,2020,OUT017,Tier 2,Small,Supermarket Type1,0.127620811,14.7,49.5034,4.2,3,3.878944164
Regular,FDB04,Dairy,2020,OUT017,Tier 2,Small,Supermarket Type1,0.063173691,16.1,78.4328,4.2,3,12.41542148
Regular,FDW26,Dairy,2020,OUT017,Tier 2,Small,Supermarket Type1,0.106968096,4.61,172.54,4.2,3,16.13004311
Regular,FDD52,Dairy,2020,OUT017,Tier 2,Small,Supermarket Type1,0.183142346,8.895,235.962,4.2,3,12.88407652
Regular,FDV26,Dairy,2020,OUT017,Tier 2,Small,Supermarket Type1,0.076097073,15.7,42.177,4.2,3,5.542525926
Low Fat,FDM39,Dairy,2020,OUT017,Tier 2,Small,Supermarket Type1,0.053426165,9.8,117.549,4.2,3,22.00214071
Low Fat,FDD51,Dairy,2020,OUT017,Tier 2,Small,Supermarket Type1,0.119852889,7.235,116.949,4.2,3,9.757712223
Low Fat,FDD39,Dairy,2020,OUT017,Tier 2,Small,Supermarket Type1,0.070096518,7.67,35.4216,4.2,3,5.053260991
Low Fat,FDY50,Dairy,2020,OUT017,Tier 2,Small,Supermarket Type1,0.131489269,7.725,123.841,4.2,3,9.418335119
Low Fat,DRI39,Dairy,2020,OUT017,Tier 2,Small,Supermarket Type1,0.097457483,9.105,33.79,4.2,3,3.467152953
Low Fat,FDR02,Dairy,2020,OUT017,Tier 2,High,Supermarket Type1,0.022155562,18.35,225.475,4.2,3,101.7690276
Low Fat,DRI03,Dairy,2020,OUT017,Tier 2,High,Supermarket Type1,0.022796178,19.75,102.233,4.2,3,44.84655279
Low Fat,FDM39,Dairy,2020,OUT017,Tier 2,High,Supermarket Type1,0.053688479,6.895,143.781,4.2,3,26.78060595
Low Fat,FDC39,Dairy,2020,OUT017,Tier 2,High,Supermarket Type1,0.159843921,7.31,108.457,4.2,3,6.785181402
Low Fat,DRH15,Dairy,2020,OUT017,Tier 2,High,Supermarket Type1,0.110359004,15,43.6744,4.2,3,3.957484067
Low Fat,DRE15,Dairy,2020,OUT017,Tier 2,High,Supermarket Type1,0.017857847,15.2,237.525,4.2,3,133.0087552
Low Fat,DRG03,Dairy,2020,OUT017,Tier 2,High,Supermarket Type1,0.062239081,19.2,180.332,4.2,3,28.9740782
Low Fat,FDD39,Dairy,2020,OUT017,Tier 2,High,Supermarket Type1,0.07044068,15.35,196.577,4.2,3,27.90674366
Low Fat,FDC15,Dairy,2015,OUT045,Tier 2,High,Supermarket Type1,0.178694026,10.3,172.342,4.2,8,9.64453059
Regular,FDT50,Dairy,2015,OUT045,Tier 2,High,Supermarket Type1,0.108679906,12.35,78.7328,4.2,8,7.244467068
Regular,FDY02,Dairy,2015,OUT045,Tier 2,High,Supermarket Type1,0.088002959,11.5,192.682,4.2,8,21.8949456
Regular,FDC16,Dairy,2015,OUT045,Tier 2,High,Supermarket Type1,0.020653603,7.72,117.547,4.2,8,56.91355644
Regular,FDZ26,Dairy,2015,OUT045,Tier 2,High,Supermarket Type1,0.144604071,9.5,170.145,4.2,8,11.76626625
Regular,FDZ03,Dairy,2015,OUT045,Tier 2,High,Supermarket Type1,0.0675840825,11.35,199.474,4.2,8,29.51493793
Regular,FDA02,Dairy,2015,OUT045,Tier 2,High,Supermarket Type1,0.029843736,12.3,173.24,4.2,8,58.04903247
Regular,FDL39,Dairy,2015,OUT045,Tier 2,High,Supermarket Type1,0.06358934,14.3,89.1856,4.2,8,14.02524385
Regular,FDU26,Dairy,2015,OUT045,Tier 2,High,Supermarket Type1,0.042792568,19.1,148.042,4.2,8,34.59525963
Regular,FDY15,Dairy,2015,OUT045,Tier 2,High,Supermarket Type1,0.171523928,19.35,76.8644,4.2,8,4.481263979
Regular,FDV26,Dairy,2015,OUT045,Tier 2,High,Supermarket Type1,0.076470697,10.395,230.535,4.2,8,30.14684174
Low Fat,DRF03,Dairy,2015,OUT045,Tier 2,High,Supermarket Type1,0.045088724,5.175,105.962,4.2,8,23.50077594
Low Fat,DRH39,Dairy,2015,OUT045,Tier 2,High,Supermarket Type1,0.092241348,15.7,253.472,4.2,8,27.4792168
Low Fat,DRJ39,Dairy,2015,OUT045,Tier 2,High,Supermarket Type1,0.036150153,16.85,45.9428,4.2,8,12.7088812
Low Fat,FDA15,Dairy,2015,OUT045,Tier 2,High,Supermarket Type1,0.015944801,6.11,44.4086,4.2,8,27.8514608
Low Fat,FDM39,Dairy,2020,OUT017,Tier 2,High,Supermarket Type1,0.053211728,20.2,155.163,4.2,3,29.15954919
Low Fat,FDV38,Dairy,2020,OUT017,Tier 2,High,Supermarket Type1,0.101281,7.27,92.2488,4.2,3,9.108203908
Low Fat,FDX26,Dairy,2020,OUT017,Tier 2,High,Supermarket Type1,0.087383304,15.7,112.02,4.2,3,12.81938252
Low Fat,FDX50,Dairy,2020,OUT017,Tier 2,High,Supermarket Type1,0.074265816,19.2,153.331,4.2,3,20.64624187
Low Fat,FDY27,Dairy,2020,OUT017,Tier 2,High,Supermarket Type1,0.031743707,13.5,60.9562,4.2,3,19.2026092
Low Fat,FDZ15,Dairy,2020,OUT017,Tier 2,High,Supermarket Type1,0.020769677,16.7,120.378,4.2,3,57.95853253
Regular,FDA26,Dairy,2020,OUT017,Tier 2,High,Supermarket Type1,0.073562475,8.39,113.618,4.2,3,15.44510296
Regular,FDA51,Dairy,2020,OUT017,Tier 2,High,Supermarket Type1,0.163882129,11.8,178.234,4.2,3,10.8757435
Regular,FDB40,Dairy,2020,OUT017,Tier 2,High,Supermarket Type1,0.007503372,12.65,191.885,4.2,3,255.7316897
Regular,FDD52,Dairy,2020,OUT017,Tier 2,High,Supermarket Type1,0.182407266,13.65,261.294,4.2,3,14.32475831
Regular,FDE52,Dairy,2020,OUT017,Tier 2,High,Supermarket Type1,0.02974207,16,87.4856,4.2,3,29.41476501
Regular,FDJ15,Dairy,2020,OUT017,Tier 2,Medium,Supermarket Type1,0.023209537,10.3,115.718,4.2,3,49.85795279
Regular,FDK03,Dairy,2020,OUT017,Tier 2,Medium,Supermarket Type1,0.073562475,11.85,163.853,4.2,3,22.27399228
Regular,FDS02,Dairy,2020,OUT017,Tier 2,Medium,Supermarket Type1,0.0675840825,12.65,238.354,4.2,3,35.26777182
Regular,FDT14,Dairy,2020,OUT017,Tier 2,Medium,Supermarket Type1,0.127108578,13.15,171.976,4.2,3,13.52985005
Regular,FDU26,Dairy,2020,OUT017,Tier 2,Medium,Supermarket Type1,0.042412572,13.6,157.095,4.2,3,37.03972492
Regular,FDV26,Dairy,2020,OUT017,Tier 2,Medium,Supermarket Type1,0.075791641,14.6,110.125,4.2,3,14.52996644
Regular,FDY02,Dairy,2020,OUT017,Tier 2,Medium,Supermarket Type1,0.087221497,14.85,162.258,4.2,3,18.6029827
Regular,FDY15,Dairy,2020,OUT017,Tier 2,Medium,Supermarket Type1,0.170000805,17.7,46.8034,4.2,3,2.75312814
Regular,FDY26,Dairy,2020,OUT017,Tier 2,Medium,Supermarket Type1,0.030362777,19,188.421,4.2,3,62.05657671
Regular,FDZ14,Dairy,2020,OUT017,Tier 2,Medium,Supermarket Type1,0.047358246,7.42,185.358,4.2,3,39.13954077
Regular,FDT50,Dairy,2020,OUT017,Tier 2,Medium,Supermarket Type1,0.107714834,9.3,197.708,4.2,3,18.35476068
Regular,FDR28,Frozen Foods,2020,OUT017,Tier 2,Medium,Supermarket Type1,0.025896485,11.6,223.14,4.2,3,86.16613413
Low Fat,FDS52,Frozen Foods,2020,OUT017,Tier 2,Medium,Supermarket Type1,0.005505481,13.35,179.066,4.2,3,325.2504186
Low Fat,FDJ41,Frozen Foods,2020,OUT017,Tier 2,Medium,Supermarket Type1,0.022976497,15.6,169.213,4.2,3,73.6461263
Low Fat,FDB53,Frozen Foods,2020,OUT017,Tier 2,Medium,Supermarket Type1,0.140241213,17,228.435,4.2,3,16.28872106
Low Fat,FDA16,Frozen Foods,2020,OUT017,Tier 2,Medium,Supermarket Type1,0.033935576,6.11,45.6086,4.2,3,13.43976009
Low Fat,FDO04,Frozen Foods,2015,OUT045,Tier 2,Medium,Supermarket Type1,0.026537206,14.15,171.011,4.2,8,64.4419763
Low Fat,FDZ04,Frozen Foods,2020,OUT017,Tier 2,Medium,Supermarket Type1,0.037923509,8.93,152.234,4.2,3,40.14238239
Low Fat,FDF04,Frozen Foods,2015,OUT045,Tier 2,Medium,Supermarket Type1,0.013658248,12.35,196.943,4.2,8,144.1934573
Low Fat,FDF16,Frozen Foods,2015,OUT045,Tier 2,Medium,Supermarket Type1,0.086266286,7.6,171.745,4.2,8,19.90870454
Low Fat,FDU04,Frozen Foods,2020,OUT017,Tier 2,Medium,Supermarket Type1,0.005557062,17.85,261.594,4.2,3,470.7415537
Low Fat,FDP04,Frozen Foods,2020,OUT017,Tier 2,Medium,Supermarket Type1,0.013834247,16.7,57.6562,4.2,3,41.67642807
Low Fat,FDD05,Frozen Foods,2017,OUT035,Tier 2,Small,Supermarket Type1,0.016637301,10.5,40.1164,4.2,6,24.11232447
Regular,FDA04,Frozen Foods,2017,OUT035,Tier 2,Small,Supermarket Type1,0.066833743,17,126.736,4.2,6,18.96287628
Regular,FDO52,Frozen Foods,2017,OUT035,Tier 2,Small,Supermarket Type1,0.077284566,19.25,33.3558,4.2,6,4.315971704
Regular,FDA40,Frozen Foods,2017,OUT035,Tier 2,Small,Supermarket Type1,0.09942555,21.25,146.01,4.2,6,14.68536005
Regular,FDE41,Frozen Foods,2017,OUT035,Tier 2,Small,Supermarket Type1,0.063079544,7.97,108.46,4.2,6,17.19416361
Low Fat,FDF05,Frozen Foods,2017,OUT035,Tier 2,Small,Supermarket Type1,0.02687089,5.765,40.1164,4.2,6,14.9293157
Regular,FDM04,Frozen Foods,2017,OUT035,Tier 2,Small,Supermarket Type1,0.04712061,6.71,217.517,4.2,6,46.16175385
Regular,FDI40,Frozen Foods,2017,OUT035,Tier 2,Small,Supermarket Type1,0.125602951,15.2,216.382,4.2,6,17.22746148
Regular,FDX04,Frozen Foods,2017,OUT035,Tier 2,Small,Supermarket Type1,0.041571557,18.85,169.013,4.2,6,40.65592251
Low Fat,FDK16,Frozen Foods,2017,OUT035,Tier 2,Small,Supermarket Type1,0.115563679,13.1,117.878,4.2,6,10.2002637
Low Fat,FDK41,Frozen Foods,2017,OUT035,Tier 2,Small,Supermarket Type1,0.12780038,8.68,100.038,4.2,6,7.827676256
Low Fat,FDD17,Frozen Foods,2017,OUT035,Tier 2,Small,Supermarket Type1,0.032811503,12.15,254.77,4.2,6,77.64654975
Low Fat,FDJ28,Frozen Foods,2017,OUT035,Tier 2,Small,Supermarket Type1,0.021984639,18.7,121.207,4.2,6,55.13258598
Low Fat,FDP16,Frozen Foods,2017,OUT035,Tier 2,Small,Supermarket Type1,0.039517121,7.1,172.908,4.2,6,43.75521182
Regular,FDZ28,Frozen Foods,2017,OUT035,Tier 2,Small,Supermarket Type1,0.051596927,7.51,227.901,4.2,6,44.16949095
Regular,FDE17,Frozen Foods,2017,OUT035,Tier 2,Small,Supermarket Type1,0.054565932,13.1,174.205,4.2,6,31.92559783
Regular,FDM04,Frozen Foods,2017,OUT035,Tier 2,Small,Supermarket Type1,0.047387144,14.1,87.1198,4.2,6,18.384691
Regular,FDS04,Frozen Foods,2017,OUT035,Tier 2,Small,Supermarket Type1,0.147492524,18.1,96.5094,4.2,6,6.543341817
Regular,FDV28,Frozen Foods,2017,OUT035,Tier 2,Small,Supermarket Type1,0.063079544,18.35,94.0462,4.2,6,14.90914392
Low Fat,FDK41,Frozen Foods,2017,OUT035,Tier 2,Small,Supermarket Type1,0.127517605,20.75,123.373,4.2,6,9.67497782
Low Fat,FDD16,Frozen Foods,2017,OUT035,Tier 2,Small,Supermarket Type1,0.036346224,8.26,115.783,4.2,6,31.85557873
Regular,FDE04,Frozen Foods,2017,OUT035,Tier 2,Small,Supermarket Type1,0.018019662,8.88,153.868,4.2,6,85.38894903
Low Fat,FDO16,Frozen Foods,2017,OUT035,Tier 2,Small,Supermarket Type1,0.02528802,9.695,158.26,4.2,6,62.58299384
Low Fat,FDE53,Frozen Foods,2017,OUT035,Tier 2,Small,Supermarket Type1,0.044991876,14.8,193.079,4.2,6,42.91419189
Regular,FDY40,Frozen Foods,2017,OUT035,Tier 2,Small,Supermarket Type1,0.143670179,8.51,142.947,4.2,6,9.949663945
Regular,FDZ16,Frozen Foods,2017,OUT035,Tier 2,Small,Supermarket Type1,0.267565911,10.695,36.7848,4.2,6,1.374793966
Low Fat,FDG16,Frozen Foods,2017,OUT035,Tier 2,Small,Supermarket Type1,0.089742065,12.3,191.053,4.2,6,21.28912456
Low Fat,FDJ04,Frozen Foods,2017,OUT035,Tier 2,Small,Supermarket Type1,0.124348482,14.85,254.37,4.2,6,20.45622077
Regular,FDX04,Frozen Foods,2017,OUT035,Tier 2,Small,Supermarket Type1,0.041536962,19.6,106.996,4.2,6,25.7592262
Regular,FDF53,Frozen Foods,2017,OUT035,Tier 2,Small,Supermarket Type1,0.083536989,20.1,120.678,4.2,6,14.44605575
Low Fat,FDG53,Frozen Foods,2017,OUT035,Tier 2,Small,Supermarket Type1,0.046043736,12.15,64.7826,4.2,6,14.0697966
Low Fat,FDP16,Frozen Foods,2017,OUT035,Tier 2,Small,Supermarket Type1,0.039454924,12.5,220.08,4.2,6,55.78010998
Regular,FDH04,Frozen Foods,2017,OUT035,Tier 2,Small,Supermarket Type1,0.011419301,13.1,188.853,4.2,6,165.3805255
Low Fat,FDC53,Frozen Foods,2017,OUT035,Tier 2,Small,Supermarket Type1,0.008792907,18.5,132.528,4.2,6,150.7214849
Low Fat,FDD28,Frozen Foods,2017,OUT035,Tier 2,Small,Supermarket Type1,0.053038775,11.65,112.186,4.2,6,21.15169515
Low Fat,FDO40,Frozen Foods,2017,OUT035,Tier 2,Small,Supermarket Type1,0.032470108,7.51,110.154,4.2,6,33.92474087
Low Fat,FDT40,Frozen Foods,2017,OUT035,Tier 2,Small,Supermarket Type1,0.095331433,8.02,154.4,4.2,6,16.19612704
Regular,FDH05,Frozen Foods,2017,OUT035,Tier 2,Small,Supermarket Type1,0.090473389,9.6,244.817,4.2,6,27.05955892
Low Fat,FDS52,Frozen Foods,2017,OUT035,Tier 2,Small,Supermarket Type1,0.009585169,13.35,236.856,4.2,6,247.1067542
Regular,FDN04,Frozen Foods,2017,OUT035,Tier 2,Small,Supermarket Type1,0.014075334,18.25,214.122,4.2,6,152.1256973
Low Fat,FDW28,Frozen Foods,2017,OUT035,Tier 2,Small,Supermarket Type1,0.088394115,18.25,126.205,4.2,6,14.2775342
Regular,FDP28,Frozen Foods,2017,OUT035,Tier 2,Small,Supermarket Type1,0.134975628,18.6,162.224,4.2,6,12.01876238
Regular,FDR52,Frozen Foods,2017,OUT035,Tier 2,Small,Supermarket Type1,0.076354362,18.75,193.25,4.2,6,25.30962147
Low Fat,FDH41,Frozen Foods,2017,OUT035,Tier 2,Small,Supermarket Type1,0.143591586,20.35,121.907,4.2,6,8.489842852
Low Fat,FDZ40,Frozen Foods,2017,OUT035,Tier 2,Small,Supermarket Type1,0.040410039,10.5,188.424,4.2,6,46.62801736
Regular,FDY40,Frozen Foods,2017,OUT035,Tier 2,Small,Supermarket Type1,0.086320509,15,105.994,4.2,6,12.27912129
Low Fat,FDJ52,Frozen Foods,2017,OUT035,Tier 2,Small,Supermarket Type1,0.017814518,9.8,35.9874,4.2,6,20.20116402
Regular,FDE28,Frozen Foods,2017,OUT035,Tier 2,Small,Supermarket Type1,0.063079544,15.5,82.7934,4.2,6,13.12523756
Regular,FDH52,Frozen Foods,2017,OUT035,Tier 2,Small,Supermarket Type1,0.076868664,20.25,240.854,4.2,6,31.33318409
Low Fat,FDY52,Frozen Foods,2017,OUT035,Tier 2,Small,Supermarket Type1,0.007348286,9.8,84.6908,4.2,6,115.2524548
Regular,FDN28,Frozen Foods,2017,OUT035,Tier 2,Small,Supermarket Type1,0.030247903,14.8,108.757,4.2,6,35.95521977
Regular,FDH05,Frozen Foods,2017,OUT035,Tier 2,Small,Supermarket Type1,0.090896452,6.75,96.3752,4.2,6,10.60274608
Regular,FDI41,Frozen Foods,2017,OUT035,Tier 2,Small,Supermarket Type1,0.062245149,10.695,120.444,4.2,6,19.34994163
Low Fat,FDK04,Frozen Foods,2017,OUT035,Tier 2,Small,Supermarket Type1,0.087559621,18.25,154.463,4.2,6,17.64089408
Regular,FDV04,Frozen Foods,2017,OUT035,Tier 2,Small,Supermarket Type1,0.251094747,9.195,85.5566,4.2,6,3.407343285
Low Fat,FDJ53,Frozen Foods,2017,OUT035,Tier 2,Small,Supermarket Type1,0.071548187,9.5,228.667,4.2,6,31.95985944
Low Fat,FDG52,Frozen Foods,2017,OUT035,Tier 2,Small,Supermarket Type1,0.065576228,12.65,189.085,4.2,6,28.83438187
Regular,FDQ40,Frozen Foods,2017,OUT035,Tier 2,Small,Supermarket Type1,0.036083537,19.6,47.6376,4.2,6,13.20203172
Regular,FDP28,Frozen Foods,2017,OUT035,Tier 2,Small,Supermarket Type1,0.080804019,7.17,130.997,4.2,6,16.21169363
Regular,FDF29,Frozen Foods,2017,OUT035,Tier 2,Small,Supermarket Type1,0.019930418,10.3,191.153,4.2,6,95.91018111
Low Fat,FDD16,Frozen Foods,2017,OUT035,Tier 2,Small,Supermarket Type1,0.060847634,12.3,174.94,4.2,6,28.75050162
Low Fat,FDK40,Frozen Foods,2017,OUT035,Tier 2,Small,Supermarket Type1,0.063079544,12.6,248.809,4.2,6,39.44369033
Regular,FDH53,Frozen Foods,2017,OUT035,Tier 2,Small,Supermarket Type1,0.019183756,13.3,61.0536,4.2,6,31.82567585
Low Fat,FDU40,Frozen Foods,2017,OUT035,Tier 2,Small,Supermarket Type1,0.062606583,14.3,88.9856,4.2,6,14.21345739
Low Fat,FDF17,Frozen Foods,2017,OUT035,Tier 2,Small,Supermarket Type1,0.042687151,18.2,247.209,4.2,6,57.91180583
Regular,FDI05,Frozen Foods,2017,OUT035,Tier 2,Small,Supermarket Type1,0.127066966,5.175,107.662,4.2,6,8.472855172
Regular,FDE17,Frozen Foods,2017,OUT035,Tier 2,Small,Supermarket Type1,0.054540159,5.78,264.057,4.2,6,48.41515038
Low Fat,FDB05,Frozen Foods,2017,OUT035,Tier 2,Small,Supermarket Type1,0.083198341,5.785,181.366,4.2,6,21.79923275
Low Fat,FDA16,Frozen Foods,2017,OUT035,Tier 2,Small,Supermarket Type1,0.063079544,11.35,103.002,4.2,6,16.32890688
Low Fat,FDD29,Frozen Foods,2017,OUT035,Tier 2,Small,Supermarket Type1,0.018410515,13.35,178.666,4.2,6,97.04562854
Low Fat,FDI52,Frozen Foods,2017,OUT035,Tier 2,Small,Supermarket Type1,0.104890428,15.6,167.113,4.2,6,15.93214969
Low Fat,FDJ52,Frozen Foods,2017,OUT035,Tier 2,Small,Supermarket Type1,0.017783501,15.85,41.048,4.2,6,23.08206916
Low Fat,FDT04,Frozen Foods,2017,OUT035,Tier 2,Small,Supermarket Type1,0.107021498,5.485,166.284,4.2,6,15.53743903
Regular,FDO52,Frozen Foods,2017,OUT035,Tier 2,Small,Supermarket Type1,0.077150004,8.77,170.842,4.2,6,22.14413365
Low Fat,FDB17,Frozen Foods,2017,OUT035,Tier 2,Small,Supermarket Type1,0.061381589,10.1,223.709,4.2,6,36.4456189
Regular,FDS04,Frozen Foods,2017,OUT035,Tier 2,Small,Supermarket Type1,0.245483691,19.35,113.452,4.2,6,4.621569748
Low Fat,FDC41,Frozen Foods,2011,OUT010,Tier 3,Medium,Grocery Store,0.116815953,20.6,119.576,4.2,12,10.23627312
Low Fat,FDF04,Frozen Foods,2011,OUT010,Tier 3,Medium,Grocery Store,0.013692598,13.35,219.217,4.2,12,160.0989089
Low Fat,FDQ52,Frozen Foods,2011,OUT010,Tier 3,Medium,Grocery Store,0.119871307,14.85,187.721,4.2,12,15.66021133
Low Fat,FDK28,Frozen Foods,2011,OUT010,Tier 3,Medium,Grocery Store,0.065272284,16.2,101.47,4.2,12,15.54564875
Low Fat,FDK52,Frozen Foods,2011,OUT010,Tier 3,Medium,Grocery Store,0.063079544,20.7,177.603,4.2,12,28.15540328
Low Fat,FDU52,Frozen Foods,2011,OUT010,Tier 3,Medium,Grocery Store,0.063462048,7.3,146.308,4.2,12,23.05440883
Regular,FDR40,Frozen Foods,2011,OUT010,Tier 3,Medium,Grocery Store,0.00799548,8.68,97.7384,4.2,12,122.2420668
Regular,FDW16,Frozen Foods,2011,OUT010,Tier 3,Medium,Grocery Store,0.041273391,9.3,182.329,4.2,12,44.17591954
Regular,FDY04,Frozen Foods,2011,OUT010,Tier 3,Medium,Grocery Store,0.042270751,18.6,245.78,4.2,12,58.14422365
Regular,FDG28,Frozen Foods,2011,OUT010,Tier 3,Medium,Grocery Store,0.049559042,20.5,90.883,4.2,12,18.33832865
Low Fat,FDE16,Frozen Foods,2011,OUT010,Tier 3,Medium,Grocery Store,0.026384672,14.7,144.313,4.2,12,54.69577185
Low Fat,FDE53,Frozen Foods,2011,OUT010,Tier 3,Medium,Grocery Store,0.026749991,16.6,173.942,4.2,12,65.02506861
Low Fat,FDC17,Frozen Foods,2011,OUT010,Tier 3,Medium,Grocery Store,0.015484763,11.8,177.569,4.2,12,114.6733728
Regular,FDV04,Frozen Foods,2011,OUT010,Tier 3,Medium,Grocery Store,0.150248468,17.6,161.792,4.2,12,10.76829615
Low Fat,FDF16,Frozen Foods,2011,OUT010,Tier 3,Medium,Grocery Store,0.150806666,20.1,61.3536,4.2,12,4.068361275
Regular,FDE28,Frozen Foods,2011,OUT010,Tier 3,Medium,Grocery Store,0.232072674,7.475,154.266,4.2,12,6.647314281
Regular,FDP40,Frozen Foods,2011,OUT010,Tier 3,Medium,Grocery Store,0.060154968,8.18,140.615,4.2,12,23.3754592
Low Fat,FDJ41,Frozen Foods,2011,OUT010,Tier 3,Medium,Grocery Store,0.02288328,14.6,196.908,4.2,12,86.04885314
Low Fat,FDT28,Frozen Foods,2011,OUT010,Tier 3,Medium,Grocery Store,0.06356617,14.85,254.27,4.2,12,40.00083692
Regular,FDW40,Frozen Foods,2011,OUT010,Tier 3,Medium,Grocery Store,0.105145451,15.3,104.033,4.2,12,9.894198847
Regular,FDH05,Frozen Foods,2011,OUT010,Tier 3,High,Grocery Store,0.090913642,19.1,171.842,4.2,12,18.90167374
Regular,FDW16,Frozen Foods,2011,OUT010,Tier 3,High,Grocery Store,0.041474232,12.8,108.194,4.2,12,26.08704123
Low Fat,FDX16,Frozen Foods,2011,OUT010,Tier 3,High,Grocery Store,0.06594351,6.035,155.6,4.2,12,23.59595357
Low Fat,FDK04,Frozen Foods,2011,OUT010,Tier 3,High,Grocery Store,0.052607932,11.5,123.97,4.2,12,23.56488752
Low Fat,FDQ16,Frozen Foods,2011,OUT010,Tier 3,High,Grocery Store,0.041974489,15,226.569,4.2,12,53.97778636
Regular,FDN16,Frozen Foods,2011,OUT010,Tier 3,High,Grocery Store,0.062827447,15.2,228.035,4.2,12,36.29544266
Regular,FDA04,Frozen Foods,2011,OUT010,Tier 3,High,Grocery Store,0.067107448,15.6,174.705,4.2,12,26.03362297
Low Fat,FDU04,Frozen Foods,2011,OUT010,Tier 3,High,Grocery Store,0.005547386,9.6,165.316,4.2,12,298.0070253
Low Fat,FDX40,Frozen Foods,2011,OUT010,Tier 3,High,Grocery Store,0.063079544,7.22,61.251,4.2,12,9.710120923
Low Fat,FDC41,Frozen Foods,2011,OUT010,Tier 3,High,Grocery Store,0.195688803,17.75,154.666,4.2,12,7.903671423
Regular,FDI16,Frozen Foods,2011,OUT010,Tier 3,High,Grocery Store,0.227260689,17.6,47.8402,4.2,12,2.105080303
Regular,FDV28,Frozen Foods,2011,OUT010,Tier 3,High,Grocery Store,0.267352587,8.63,174.142,4.2,12,6.513570785
Low Fat,FDT40,Frozen Foods,2011,OUT010,Tier 3,High,Grocery Store,0.095715608,13.8,87.4172,4.2,12,9.133014127
Low Fat,FDE29,Frozen Foods,2011,OUT010,Tier 3,High,Grocery Store,0.143010016,6.905,97.2726,4.2,12,6.801803309
Low Fat,FDT28,Frozen Foods,2011,OUT010,Tier 3,High,Grocery Store,0.063513272,20,125.468,4.2,12,19.75461129
Low Fat,FDK41,Frozen Foods,2011,OUT010,Tier 3,High,Grocery Store,0.127435585,9.395,139.184,4.2,12,10.92191008
Regular,FDW52,Frozen Foods,2011,OUT010,Tier 3,High,Grocery Store,0.037491314,9.8,114.249,4.2,12,30.47345847
Regular,FDY16,Frozen Foods,2011,OUT010,Tier 3,High,Grocery Store,0.092150005,15.1,146.279,4.2,12,15.87400891
Low Fat,FDK16,Frozen Foods,2011,OUT010,Tier 3,High,Grocery Store,0.115799592,20.6,188.956,4.2,12,16.31750136
Regular,FDY28,Frozen Foods,2011,OUT010,Tier 3,High,Grocery Store,0.15277077,6.63,57.7588,4.2,12,3.78074942
Regular,FDT16,Frozen Foods,2011,OUT010,Tier 3,Small,Grocery Store,0.048860587,16.85,109.854,4.2,12,22.48315191
Regular,FDQ40,Frozen Foods,2011,OUT010,Tier 3,Small,Grocery Store,0.036174285,17.7,185.792,4.2,12,51.36024112
Regular,FDU28,Frozen Foods,2014,OUT013,Tier 3,High,Supermarket Type1,0.094300933,13.65,151.805,4.2,9,16.09793193
Low Fat,FDB53,Frozen Foods,2014,OUT013,Tier 3,High,Supermarket Type1,0.138777108,18.75,214.122,4.2,9,15.42920177
Low Fat,FDI28,Frozen Foods,2014,OUT013,Tier 3,High,Supermarket Type1,0.026194237,8.155,190.153,4.2,9,72.5934487
Low Fat,FDL04,Frozen Foods,2014,OUT013,Tier 3,High,Supermarket Type1,0.111381428,15.6,112.354,4.2,9,10.08731905
Regular,FDU28,Frozen Foods,2014,OUT013,Tier 3,High,Supermarket Type1,0.09444959,9.3,63.1826,4.2,9,6.68955789
Regular,FDZ16,Frozen Foods,2014,OUT013,Tier 3,High,Supermarket Type1,0.160760054,6.92,62.5852,4.2,9,3.893081549
Regular,FDR28,Frozen Foods,2014,OUT013,Tier 3,High,Supermarket Type1,0.026001976,10.6,233.664,4.2,9,89.86393957
Low Fat,FDG52,Frozen Foods,2014,OUT013,Tier 3,High,Supermarket Type1,0.065732883,10.8,191.65,4.2,9,29.15587926
Low Fat,FDO28,Frozen Foods,2014,OUT013,Tier 3,High,Supermarket Type1,0.072284689,20.1,111.323,4.2,9,15.40063346
Regular,FDA40,Frozen Foods,2014,OUT013,Tier 3,High,Supermarket Type1,0.099252438,19.2,112.789,4.2,9,11.36385184
Regular,FDI41,Frozen Foods,2014,OUT013,Tier 3,High,Supermarket Type1,0.109003832,6.78,185.324,4.2,9,17.00160413
Low Fat,FDK28,Frozen Foods,2014,OUT013,Tier 3,High,Supermarket Type1,0.065960909,7.35,40.8454,4.2,9,6.192364632
Low Fat,FDE29,Frozen Foods,2014,OUT013,Tier 3,High,Supermarket Type1,0.143351652,10.5,39.5164,4.2,9,2.756605832
Low Fat,FDD28,Frozen Foods,2014,OUT013,Tier 3,High,Supermarket Type1,0.05337973,19.1,235.196,4.2,9,44.06091975
Low Fat,FDD29,Frozen Foods,2014,OUT013,Tier 3,High,Supermarket Type1,0.018439138,9.5,188.787,4.2,9,102.3838533
Regular,FDP40,Frozen Foods,2014,OUT013,Tier 3,High,Supermarket Type1,0.034410585,12.15,224.44,4.2,9,65.22411636
Regular,FDD41,Frozen Foods,2014,OUT013,Tier 3,High,Supermarket Type1,0.08739577,14.5,158.36,4.2,9,18.1198701
Regular,FDV16,Frozen Foods,2014,OUT013,Tier 3,High,Supermarket Type1,0.083059634,17.75,240.42,4.2,9,28.94546826
Regular,FDG41,Frozen Foods,2014,OUT013,Tier 3,High,Supermarket Type1,0.076681143,20.1,60.8536,4.2,9,7.935927611
Regular,FDM04,Frozen Foods,2014,OUT013,Tier 3,High,Supermarket Type1,0.04719387,17.35,176.271,4.2,9,37.35040165
Low Fat,FDC28,Frozen Foods,2014,OUT013,Tier 3,High,Supermarket Type1,0.063079544,17.7,125.568,4.2,9,19.90629482
Low Fat,FDG16,Frozen Foods,2014,OUT013,Tier 3,High,Supermarket Type1,0.157257637,19.25,35.5558,4.2,9,2.260990352
Regular,FDX04,Frozen Foods,2014,OUT013,Tier 3,High,Supermarket Type1,0.07278643,20.6,74.8696,4.2,9,10.28620307
Low Fat,FDK28,Frozen Foods,2014,OUT013,Tier 3,High,Supermarket Type1,0.065589906,6.895,143.881,4.2,9,21.93645467
Low Fat,FDR04,Frozen Foods,2014,OUT013,Tier 3,High,Supermarket Type1,0.022566975,17.6,154.631,4.2,9,68.52092494
Regular,FDQ28,Frozen Foods,2014,OUT013,Tier 3,High,Supermarket Type1,0.060427062,10.85,106.362,4.2,9,17.60171626
Regular,FDU28,Frozen Foods,2014,OUT013,Tier 3,High,Supermarket Type1,0.09391835,16.5,91.7146,4.2,9,9.765354694
Low Fat,FDS52,Frozen Foods,2014,OUT013,Tier 3,High,Supermarket Type1,0.005485618,7.39,190.953,4.2,9,348.0975161
Low Fat,FDZ40,Frozen Foods,2014,OUT013,Tier 3,High,Supermarket Type1,0.04026424,7.97,171.842,4.2,9,42.6785654
Low Fat,FDM28,Frozen Foods,2014,OUT013,Tier 3,High,Supermarket Type1,0.045295529,19.7,84.1592,4.2,9,18.58002365
Low Fat,FDU40,Frozen Foods,2014,OUT013,Tier 3,High,Supermarket Type1,0.03747983,9.195,79.8644,4.2,9,21.30863454
Low Fat,FDD53,Frozen Foods,2014,OUT013,Tier 3,High,Supermarket Type1,0.044472637,12.35,77.1328,4.2,9,17.34387821
Low Fat,FDV40,Frozen Foods,2014,OUT013,Tier 3,High,Supermarket Type1,0.063079544,12.6,170.576,4.2,9,27.04141298
Regular,FDY04,Frozen Foods,2014,OUT013,Tier 3,High,Supermarket Type1,0.042562588,20.85,90.2514,4.2,9,21.20439669
Regular,FDU16,Frozen Foods,2014,OUT013,Tier 3,High,Supermarket Type1,0.063079544,7.895,58.5588,4.2,9,9.283326462
Regular,FDS28,Frozen Foods,2014,OUT013,Tier 3,High,Supermarket Type1,0.082867689,13.85,232.23,4.2,9,28.02419167
Regular,FDE41,Frozen Foods,2014,OUT013,Tier 3,High,Supermarket Type1,0.064376263,20.2,157.663,4.2,9,24.49085931
Regular,FDW52,Frozen Foods,2014,OUT013,Tier 3,High,Supermarket Type1,0.037734782,8.42,230.835,4.2,9,61.17300479
Low Fat,FDN40,Frozen Foods,2014,OUT013,Tier 3,High,Supermarket Type1,0.08644044,15,185.127,4.2,9,21.4167119
Low Fat,FDS52,Frozen Foods,2014,OUT013,Tier 3,High,Supermarket Type1,0.00547348,16.2,178.137,4.2,9,325.4547381
Regular,FDV16,Frozen Foods,2014,OUT013,Tier 3,High,Supermarket Type1,0.082915017,5.785,263.925,4.2,9,31.83078404
Regular,FDC29,Frozen Foods,2014,OUT013,Tier 3,High,Supermarket Type1,0.024201684,7.785,106.496,4.2,9,44.00354951
Regular,FDG41,Frozen Foods,2014,OUT013,Tier 3,High,Supermarket Type1,0.076547632,8.05,257.565,4.2,9,33.64767704
Regular,FDN04,Frozen Foods,2014,OUT013,Tier 3,High,Supermarket Type1,0.063079544,12.5,92.3488,4.2,9,14.6400551
Regular,FDH17,Frozen Foods,2014,OUT013,Tier 3,High,Supermarket Type1,0.016650191,17.7,82.6276,4.2,9,49.62561691
Regular,FDZ16,Frozen Foods,2014,OUT013,Tier 3,High,Supermarket Type1,0.159825617,17.7,50.5034,4.2,9,3.159906462
Low Fat,FDT04,Frozen Foods,2014,OUT013,Tier 3,High,Supermarket Type1,0.063079544,6.985,183.761,4.2,9,29.13163101
Regular,FDQ40,Frozen Foods,2014,OUT013,Tier 3,High,Supermarket Type1,0.060302689,10.195,197.611,4.2,9,32.76984879
Regular,FDR52,Frozen Foods,2014,OUT013,Tier 3,High,Supermarket Type1,0.127283051,11.65,110.854,4.2,9,8.709250692
Low Fat,FDH16,Frozen Foods,2014,OUT013,Tier 3,High,Supermarket Type1,0.052511611,15.35,146.573,4.2,9,27.91249349
Low Fat,FDD29,Frozen Foods,2014,OUT013,Tier 3,High,Supermarket Type1,0.018395194,19.35,169.082,4.2,9,91.91639947
Low Fat,FDL40,Frozen Foods,2014,OUT013,Tier 3,High,Supermarket Type1,0.011603492,5.365,172.076,4.2,9,148.2967369
Regular,FDV04,Frozen Foods,2014,OUT013,Tier 3,High,Supermarket Type1,0.149890395,6.67,90.2514,4.2,9,6.021159661
Regular,FDR52,Frozen Foods,2014,OUT013,Tier 3,High,Supermarket Type1,0.075981306,6.89,195.082,4.2,9,25.67499958
Regular,FDH17,Frozen Foods,2014,OUT013,Tier 3,High,Supermarket Type1,0.016639482,9.195,160.258,4.2,9,96.3118924
Regular,FDE17,Frozen Foods,2014,OUT013,Tier 3,High,Supermarket Type1,0.054410179,10.1,35.6848,4.2,9,6.558478699
Low Fat,FDL16,Frozen Foods,2014,OUT013,Tier 3,High,Supermarket Type1,0.169139066,20.6,177.034,4.2,9,10.46677176
Low Fat,FDF05,Frozen Foods,2014,OUT013,Tier 3,High,Supermarket Type1,0.026980351,8.39,115.718,4.2,9,42.88973112
Regular,FDM16,Frozen Foods,2014,OUT013,Tier 3,High,Supermarket Type1,0.033692089,10.5,140.015,4.2,9,41.55723321
Regular,FDH05,Frozen Foods,2014,OUT013,Tier 3,High,Supermarket Type1,0.091283986,20.2,97.3752,4.2,9,10.66728177
Regular,FDA04,Frozen Foods,2022,OUT018,Tier 3,Medium,Supermarket Type2,0.067001825,7.1,172.108,4.2,1,25.68706151
Low Fat,FDC17,Frozen Foods,2022,OUT018,Tier 3,Medium,Supermarket Type2,0.015385857,9.17,143.947,4.2,1,93.5579994
Low Fat,FDH41,Frozen Foods,2022,OUT018,Tier 3,Medium,Supermarket Type2,0.081614376,13.35,93.4804,4.2,1,11.45391346
Low Fat,FDX28,Frozen Foods,2022,OUT018,Tier 3,Medium,Supermarket Type2,0.063079544,15.75,195.545,4.2,1,30.99974851
Regular,FDC29,Frozen Foods,2022,OUT018,Tier 3,Medium,Supermarket Type2,0.024088444,8.5,51.3324,4.2,1,21.30996921
Regular,FDD41,Frozen Foods,2022,OUT018,Tier 3,Medium,Supermarket Type2,0.086837543,15.85,94.4094,4.2,1,10.87195661
Low Fat,FDM40,Frozen Foods,2022,OUT018,Tier 3,Medium,Supermarket Type2,0.159803853,7.785,102.531,4.2,1,6.41605306
Low Fat,FDS52,Frozen Foods,2022,OUT018,Tier 3,Medium,Supermarket Type2,0.009163216,9.3,249.609,4.2,1,272.4032698
Regular,FDI16,Frozen Foods,2022,OUT018,Tier 3,Medium,Supermarket Type2,0.063079544,6.695,220.846,4.2,1,35.01071599
Low Fat,FDG29,Frozen Foods,2022,OUT018,Tier 3,Medium,Supermarket Type2,0.056245075,7.145,160.658,4.2,1,28.56392315
Low Fat,FDB53,Frozen Foods,2022,OUT018,Tier 3,Medium,Supermarket Type2,0.139735226,6.215,37.4848,4.2,1,2.682559085
Low Fat,FDK41,Frozen Foods,2022,OUT018,Tier 3,Medium,Supermarket Type2,0.127541722,18.2,194.711,4.2,1,15.26645532
Low Fat,FDM52,Frozen Foods,2022,OUT018,Tier 3,Medium,Supermarket Type2,0.026046138,8.01,34.2532,4.2,1,13.15097079
Regular,FDN52,Frozen Foods,2022,OUT018,Tier 3,Medium,Supermarket Type2,0.13093275,16.6,171.442,4.2,1,13.09389744
Low Fat,FDB05,Frozen Foods,2022,OUT018,Tier 3,Medium,Supermarket Type2,0.083327693,18.85,128.934,4.2,1,15.47312728
Low Fat,FDO16,Frozen Foods,2022,OUT018,Tier 3,Medium,Supermarket Type2,0.015131684,9.6,186.621,4.2,1,123.3312829
Low Fat,FDZ04,Frozen Foods,2022,OUT018,Tier 3,Medium,Supermarket Type2,0.038014104,17.85,96.9094,4.2,1,25.49301175
Low Fat,FDH16,Frozen Foods,2022,OUT018,Tier 3,Medium,Supermarket Type2,0.052637056,12.15,151.971,4.2,1,28.87148552
Low Fat,FDL16,Frozen Foods,2022,OUT018,Tier 3,Medium,Supermarket Type2,0.16871476,12.3,189.653,4.2,1,11.24104376
Regular,FDN28,Frozen Foods,2022,OUT018,Tier 3,Medium,Supermarket Type2,0.030294931,20.5,37.119,4.2,1,12.25254482
Regular,FDI53,Frozen Foods,2022,OUT018,Tier 3,Medium,Supermarket Type2,0.137858955,12.65,51.0324,4.2,1,3.701783464
Regular,FDR28,Frozen Foods,2022,OUT018,Tier 3,Medium,Supermarket Type2,0.025936747,7.39,143.447,4.2,1,55.30647309
Regular,FDF29,Frozen Foods,2022,OUT018,Tier 3,Medium,Supermarket Type2,0.019965179,17.35,79.2618,4.2,1,39.70001972
Regular,FDY04,Frozen Foods,2022,OUT018,Tier 3,Medium,Supermarket Type2,0.042542484,7.97,107.66,4.2,1,25.30646777
Low Fat,FDL40,Frozen Foods,2022,OUT018,Tier 3,Medium,Supermarket Type2,0.063079544,11.5,119.512,4.2,1,18.94623715
Regular,FDL52,Frozen Foods,2022,OUT018,Tier 3,Medium,Supermarket Type2,0.080697998,14.75,115.352,4.2,1,14.29428274
Regular,FDY28,Frozen Foods,2022,OUT018,Tier 3,Medium,Supermarket Type2,0.26639671,15.6,125.27,4.2,1,4.702385401
Low Fat,FDC28,Frozen Foods,2022,OUT018,Tier 3,Medium,Supermarket Type2,0.054986919,15.6,220.48,4.2,1,40.09680921
Low Fat,FDH41,Frozen Foods,2022,OUT018,Tier 3,Medium,Supermarket Type2,0.082011521,18.2,140.718,4.2,1,17.15832096
Low Fat,FDC17,Frozen Foods,2022,OUT018,Tier 3,Medium,Supermarket Type2,0.015460726,5.655,146.91,4.2,1,95.02141103
Low Fat,FDG40,Frozen Foods,2022,OUT018,Tier 3,Medium,Supermarket Type2,0.039824346,10.8,238.156,4.2,1,59.8016098
Low Fat,FDG29,Frozen Foods,2022,OUT018,Tier 3,Medium,Supermarket Type2,0.05629192,12.1,144.344,4.2,1,25.64204596
Low Fat,FDD05,Frozen Foods,2022,OUT018,Tier 3,Medium,Supermarket Type2,0.016611475,15.5,44.177,4.2,1,26.59426691
Regular,FDE05,Frozen Foods,2022,OUT018,Tier 3,Medium,Supermarket Type2,0.032454046,15,220.946,4.2,1,68.07964714
Regular,FDQ40,Frozen Foods,2022,OUT018,Tier 3,Medium,Supermarket Type2,0.036027524,7.155,34.3874,4.2,1,9.544758058
Regular,FDI16,Frozen Foods,2022,OUT018,Tier 3,Medium,Supermarket Type2,0.135775701,17.6,45.8402,4.2,1,3.376171116
Regular,FDV28,Frozen Foods,2022,OUT018,Tier 3,Medium,Supermarket Type2,0.159728395,10.695,173.871,4.2,1,10.88541583
Low Fat,FDO16,Frozen Foods,2022,OUT018,Tier 3,Medium,Supermarket Type2,0.015138834,8.6,189.753,4.2,1,125.3418856
Low Fat,FDK40,Frozen Foods,2022,OUT018,Tier 3,Medium,Supermarket Type2,0.02189371,9.5,78.796,4.2,1,35.9902456
Low Fat,FDC28,Frozen Foods,2022,OUT018,Tier 3,Medium,Supermarket Type2,0.055098434,15.3,215.722,4.2,1,39.15211093
Low Fat,FDE29,Frozen Foods,2022,OUT018,Tier 3,Medium,Supermarket Type2,0.143419394,15.7,114.12,4.2,1,7.957082848
Low Fat,FDH41,Frozen Foods,2022,OUT018,Tier 3,Medium,Supermarket Type2,0.082177842,13.5,58.6562,4.2,1,7.137714811
Low Fat,FDX40,Frozen Foods,2022,OUT018,Tier 3,Medium,Supermarket Type2,0.099193899,17.5,144.61,4.2,1,14.57851758
Low Fat,FDS40,Frozen Foods,2022,OUT018,Tier 3,Medium,Supermarket Type2,0.014047825,8.84,109.923,4.2,1,78.24912397
Low Fat,FDJ04,Frozen Foods,2022,OUT018,Tier 3,Medium,Supermarket Type2,0.12470444,12.15,190.187,4.2,1,15.25102073
Low Fat,FDE53,Frozen Foods,2022,OUT018,Tier 3,Medium,Supermarket Type2,0.027032204,14.15,195.111,4.2,1,72.17724459
Low Fat,FDS40,Frozen Foods,2022,OUT018,Tier 3,Medium,Supermarket Type2,0.014098693,15.1,43.2796,4.2,1,30.69759729
Regular,FDX52,Frozen Foods,2022,OUT018,Tier 3,Medium,Supermarket Type2,0.042087749,15.1,63.7194,4.2,1,15.13965501
Regular,FDC29,Frozen Foods,2022,OUT018,Tier 3,Medium,Supermarket Type2,0.024342578,15.2,176.505,4.2,1,72.508754
Regular,FDN04,Frozen Foods,2022,OUT018,Tier 3,Medium,Supermarket Type2,0.014166739,17.85,123.839,4.2,1,87.41531837
Regular,FDR52,Frozen Foods,2022,OUT018,Tier 3,Medium,Supermarket Type2,0.076474728,17.6,113.22,4.2,1,14.80489084
Regular,FDP28,Frozen Foods,2022,OUT018,Tier 3,Medium,Supermarket Type2,0.081096613,19.25,194.811,4.2,1,24.02208832
Regular,FDA40,Frozen Foods,2022,OUT018,Tier 3,Medium,Supermarket Type2,0.099832728,7.42,187.758,4.2,1,18.80725928
Low Fat,FDC53,Frozen Foods,2022,OUT018,Tier 3,Medium,Supermarket Type2,0.008834023,5.59,61.9168,4.2,1,70.08901833
Low Fat,FDD29,Frozen Foods,2022,OUT018,Tier 3,Medium,Supermarket Type2,0.018407033,5.78,264.557,4.2,1,143.7260421
Low Fat,FDI52,Frozen Foods,2022,OUT018,Tier 3,Medium,Supermarket Type2,0.104658344,10.1,38.5848,4.2,1,3.686739014
Regular,FDE41,Frozen Foods,2022,OUT018,Tier 3,Medium,Supermarket Type2,0.064002068,17,228.035,4.2,1,35.62931748
Regular,FDE28,Frozen Foods,2022,OUT018,Tier 3,Medium,Supermarket Type2,0.132521929,20.2,96.9752,4.2,1,7.31767193
Regular,FDR52,Frozen Foods,2022,OUT018,Tier 3,Medium,Supermarket Type2,0.07603021,12.3,93.8804,4.2,1,12.34777597
Regular,FDX04,Frozen Foods,2022,OUT018,Tier 3,Medium,Supermarket Type2,0.041563696,21.1,233.296,4.2,1,56.12975323
Low Fat,FDF16,Frozen Foods,2022,OUT018,Tier 3,Medium,Supermarket Type2,0.144167934,7.72,78.7986,4.2,1,5.465750796
Low Fat,FDC53,Frozen Foods,2022,OUT018,Tier 3,Medium,Supermarket Type2,0.01478914,7.75,32.9558,4.2,1,22.28378391
Low Fat,FDF52,Frozen Foods,2022,OUT018,Tier 3,Medium,Supermarket Type2,0.11178154,8.31,176.003,4.2,1,15.74526527
Low Fat,FDP16,Frozen Foods,2022,OUT018,Tier 3,Medium,Supermarket Type2,0.065771529,10.195,239.454,4.2,1,36.40693833
Regular,FDZ28,Frozen Foods,2018,OUT027,Tier 3,Medium,Supermarket Type3,0.086187886,12.6,54.2956,4.2,5,6.29967882
Low Fat,FDZ52,Frozen Foods,2018,OUT027,Tier 3,Medium,Supermarket Type3,0.099991245,12.6,101.302,4.2,5,10.13108698
Regular,FDA52,Frozen Foods,2018,OUT027,Tier 3,Medium,Supermarket Type3,0.128315409,12.6,184.992,4.2,5,14.41697466
Regular,FDC29,Frozen Foods,2018,OUT027,Tier 3,Medium,Supermarket Type3,0.024185517,12.6,76.7354,4.2,5,31.72783116
Low Fat,FDA16,Frozen Foods,2018,OUT027,Tier 3,Medium,Supermarket Type3,0.03408026,12.6,108.56,4.2,5,31.85421707
Low Fat,FDJ52,Frozen Foods,2018,OUT027,Tier 3,Medium,Supermarket Type3,0.01785932,12.6,229.133,4.2,5,128.2988378
Regular,FDG41,Frozen Foods,2018,OUT027,Tier 3,Medium,Supermarket Type3,0.076873991,12.6,172.676,4.2,5,22.46221352
Regular,FDV16,Frozen Foods,2018,OUT027,Tier 3,Medium,Supermarket Type3,0.083268523,12.6,256.767,4.2,5,30.83602191
Low Fat,FDB05,Frozen Foods,2018,OUT027,Tier 3,Medium,Supermarket Type3,0.08279545,12.6,245.878,4.2,5,29.69704253
Regular,FDE05,Frozen Foods,2018,OUT027,Tier 3,Medium,Supermarket Type3,0.032296886,12.6,186.824,4.2,5,57.84582452
Regular,FDW04,Frozen Foods,2018,OUT027,Tier 3,Medium,Supermarket Type3,0.063079544,12.6,98.241,4.2,5,15.57414556
Low Fat,FDF05,Frozen Foods,2018,OUT027,Tier 3,Medium,Supermarket Type3,0.027022883,12.6,245.414,4.2,5,90.8171049
Regular,FDH40,Frozen Foods,2018,OUT027,Tier 3,Medium,Supermarket Type3,0.078929571,12.6,47.4692,4.2,5,6.014121121
Low Fat,FDR04,Frozen Foods,2018,OUT027,Tier 3,Medium,Supermarket Type3,0.03777249,12.6,43.4086,4.2,5,11.49212032
Regular,FDB29,Frozen Foods,2018,OUT027,Tier 3,Medium,Supermarket Type3,0.052517969,12.6,173.308,4.2,5,32.9997529
Low Fat,FDH16,Frozen Foods,2018,OUT027,Tier 3,Medium,Supermarket Type3,0.052852621,12.6,116.949,4.2,5,22.12737945
Regular,FDN16,Frozen Foods,2018,OUT027,Tier 3,Medium,Supermarket Type3,0.062648111,12.6,95.141,4.2,5,15.18657123
Low Fat,FDF52,Frozen Foods,2018,OUT027,Tier 3,Medium,Supermarket Type3,0.067055339,12.6,156.96,4.2,5,23.4075321
Low Fat,FDB17,Frozen Foods,2018,OUT027,Tier 3,Medium,Supermarket Type3,0.036729122,12.6,46.4086,4.2,5,12.63536874
Low Fat,FDI28,Frozen Foods,2018,OUT027,Tier 3,Medium,Supermarket Type3,0.026362624,12.6,157.36,4.2,5,59.69056798
Low Fat,FDG16,Frozen Foods,2018,OUT027,Tier 3,Medium,Supermarket Type3,0.08995645,12.6,131.831,4.2,5,14.65498027
Low Fat,FDO40,Frozen Foods,2018,OUT027,Tier 3,Medium,Supermarket Type3,0.032678839,12.6,55.993,4.2,5,17.13432965
Low Fat,FDG29,Frozen Foods,2018,OUT027,Tier 3,Medium,Supermarket Type3,0.056379439,12.6,77.0354,4.2,5,13.66374007
Regular,FDW52,Frozen Foods,2018,OUT027,Tier 3,Medium,Supermarket Type3,0.037580877,12.6,222.375,4.2,5,59.17238174
Low Fat,FDF52,Frozen Foods,2018,OUT027,Tier 3,Medium,Supermarket Type3,0.116928924,12.6,111.754,4.2,5,9.557429948
Low Fat,FDO28,Frozen Foods,2018,OUT027,Tier 3,Medium,Supermarket Type3,0.126585095,12.6,120.976,4.2,5,9.556891354
Regular,FDY16,Frozen Foods,2018,OUT027,Tier 3,Medium,Supermarket Type3,0.16147714,12.6,37.519,4.2,5,2.32348678
Low Fat,FDJ28,Frozen Foods,2018,OUT027,Tier 3,Medium,Supermarket Type3,0.021860985,12.6,197.208,4.2,5,90.21002485
Low Fat,FDF04,Frozen Foods,2018,OUT027,Tier 3,Medium,Supermarket Type3,0.013637046,12.6,119.812,4.2,5,87.85773693
Low Fat,FDP16,Frozen Foods,2018,OUT027,Tier 3,Medium,Supermarket Type3,0.039294854,12.6,256.165,4.2,5,65.19046998
Regular,FDV04,Frozen Foods,2018,OUT027,Tier 3,Medium,Supermarket Type3,0.150015234,12.6,141.215,4.2,5,9.413377311
Regular,FDY40,Frozen Foods,2018,OUT027,Tier 3,Medium,Supermarket Type3,0.085834992,12.6,240.622,4.2,5,28.03308935
Low Fat,FDT40,Frozen Foods,2018,OUT027,Tier 3,Medium,Supermarket Type3,0.095989602,12.6,50.5008,4.2,5,5.26106984
Low Fat,FDK04,Frozen Foods,2018,OUT027,Tier 3,Medium,Supermarket Type3,0.052418124,12.6,236.025,4.2,5,45.02736496
Low Fat,FDV40,Frozen Foods,2018,OUT027,Tier 3,Medium,Supermarket Type3,0.014721579,12.6,121.007,4.2,5,82.1970252
Low Fat,FDN40,Frozen Foods,2018,OUT027,Tier 3,Medium,Supermarket Type3,0.086945823,12.6,56.6614,4.2,5,6.516862805
Low Fat,FDC28,Frozen Foods,2018,OUT027,Tier 3,Medium,Supermarket Type3,0.063079544,12.6,150.802,4.2,5,23.9066408
Low Fat,FDG16,Frozen Foods,2018,OUT027,Tier 3,Medium,Supermarket Type3,0.090324849,12.6,207.564,4.2,5,22.97972289
Low Fat,FDC41,Frozen Foods,2018,OUT027,Tier 3,Medium,Supermarket Type3,0.117574554,12.6,122.207,4.2,5,10.39400073
Low Fat,FDZ52,Frozen Foods,2018,OUT027,Tier 3,Medium,Supermarket Type3,0.100640587,12.6,152.737,4.2,5,15.17648143
Regular,FDG05,Frozen Foods,2018,OUT027,Tier 3,Medium,Supermarket Type3,0.088025298,12.6,262.757,4.2,5,29.85016875
Regular,FDI41,Frozen Foods,2018,OUT027,Tier 3,Medium,Supermarket Type3,0.063079544,12.6,189.456,4.2,5,30.03445935
Regular,FDG17,Frozen Foods,2018,OUT027,Tier 3,Medium,Supermarket Type3,0.036042939,12.6,189.356,4.2,5,52.5362263
Regular,FDY28,Frozen Foods,2018,OUT027,Tier 3,Medium,Supermarket Type3,0.153011599,12.6,143.647,4.2,5,9.387981103
Regular,FDH53,Frozen Foods,2018,OUT027,Tier 3,Medium,Supermarket Type3,0.063079544,12.6,43.8744,4.2,5,6.955408555
Low Fat,FDJ53,Frozen Foods,2018,OUT027,Tier 3,Medium,Supermarket Type3,0.071244438,12.6,181.632,4.2,5,25.49420068
Regular,FDN28,Frozen Foods,2018,OUT027,Tier 3,Medium,Supermarket Type3,0.030242184,12.6,222.377,4.2,5,73.53205708
Regular,FDH53,Frozen Foods,2018,OUT027,Tier 3,Medium,Supermarket Type3,0.063079544,12.6,144.01,4.2,5,22.82990505
Low Fat,FDZ04,Frozen Foods,2018,OUT027,Tier 3,Medium,Supermarket Type3,0.063529046,12.6,130.531,4.2,5,20.54666459
Low Fat,FDG53,Frozen Foods,2018,OUT027,Tier 3,Medium,Supermarket Type3,0.076755106,12.6,189.187,4.2,5,24.6481322
Low Fat,FDG40,Frozen Foods,2018,OUT027,Tier 3,Medium,Supermarket Type3,0.066657791,12.6,241.251,4.2,5,36.19246848
Low Fat,FDL40,Frozen Foods,2018,OUT027,Tier 3,Medium,Supermarket Type3,0.019438042,12.6,133.163,4.2,5,68.50638557
Low Fat,FDK52,Frozen Foods,2018,OUT027,Tier 3,Medium,Supermarket Type3,0.132596101,12.6,172.276,4.2,5,12.9925389
Regular,FDE04,Frozen Foods,2018,OUT027,Tier 3,Medium,Supermarket Type3,0.030166924,12.6,53.464,4.2,5,17.72272175
Low Fat,FDY52,Frozen Foods,2018,OUT027,Tier 3,Medium,Supermarket Type3,0.007342171,12.6,32.8558,4.2,5,44.74943447
Low Fat,FDI28,Frozen Foods,2012,OUT049,Tier 1,Medium,Supermarket Type1,0.026299797,9.3,249.809,4.1,11,94.9851438
Low Fat,FDV40,Frozen Foods,2018,OUT027,Tier 3,Medium,Supermarket Type3,0.014679558,12.6,144.544,4.1,5,98.46617998
Low Fat,FDF05,Frozen Foods,2012,OUT049,Tier 1,Medium,Supermarket Type1,0.026848529,10,146.71,4.1,11,54.6435896
Regular,FDS28,Frozen Foods,2022,OUT018,Tier 3,Medium,Supermarket Type2,0.082333019,8.85,122.539,4.1,1,14.88333617
Regular,FDQ40,Frozen Foods,2016,OUT046,Tier 1,Small,Supermarket Type1,0.035997543,7.39,143.881,4.1,7,39.96967237
Regular,FDP28,Frozen Foods,2017,OUT035,Tier 2,Small,Supermarket Type1,0.080573371,19.7,57.893,4.1,6,7.185128198
Regular,FDI41,Frozen Foods,2020,OUT017,Tier 2,Small,Supermarket Type1,0.062205112,12.6,62.7194,4.1,3,10.08267616
Regular,FDG17,Frozen Foods,2015,OUT045,Tier 2,Small,Supermarket Type1,0.03598621,12.8,105.594,4.1,8,29.34290663
Regular,FDM04,Frozen Foods,2022,OUT018,Tier 3,Medium,Supermarket Type2,0.04731256,5.905,222.546,4.1,1,47.03740402
Low Fat,FDF16,Frozen Foods,2015,OUT045,Tier 2,Small,Supermarket Type1,0.085715273,18.75,104.628,4.1,8,12.2064594
Regular,FDA28,Frozen Foods,2017,OUT035,Tier 2,Small,Supermarket Type1,0.047570401,6.32,40.2822,4.1,6,8.467912642
Regular,FDN04,Frozen Foods,2020,OUT017,Tier 2,Small,Supermarket Type1,0.01401884,5.425,88.3514,4.1,3,63.02333146
Regular,FDQ40,Frozen Foods,2020,OUT017,Tier 2,Small,Supermarket Type1,0.035853059,7.5,121.707,4.1,3,33.94605743
Regular,FDS28,Frozen Foods,2020,OUT017,Tier 2,Small,Supermarket Type1,0.082002559,17.5,262.491,4.1,3,32.01009861
Regular,FDY40,Frozen Foods,2014,OUT013,Tier 3,High,Supermarket Type1,0.15028599,11.8,125.97,4.1,9,8.382018843
Low Fat,FDU04,Frozen Foods,2015,OUT045,Tier 2,Small,Supermarket Type1,0.009714595,8.895,176.237,4.1,8,181.4146653
Low Fat,FDQ04,Frozen Foods,2020,OUT017,Tier 2,Small,Supermarket Type1,0.148392623,17.6,110.52,4.1,3,7.447809586
Regular,FDW04,Frozen Foods,2018,OUT027,Tier 3,Medium,Supermarket Type3,0.057827101,12.6,87.9856,4.1,5,15.21528807
Low Fat,FDC41,Frozen Foods,2018,OUT027,Tier 3,Medium,Supermarket Type3,0.2047,12.6,146.642,4.1,5,7.163751832
Regular,FDL52,Frozen Foods,2018,OUT027,Tier 3,Medium,Supermarket Type3,0.046350909,12.6,129.399,4.1,5,27.91725185
Low Fat,FDG53,Frozen Foods,2014,OUT013,Tier 3,High,Supermarket Type1,0.045818773,17.35,88.183,4.1,9,19.24604136
Low Fat,FDC17,Frozen Foods,2016,OUT046,Tier 1,Small,Supermarket Type1,0.015523707,11.6,79.9276,4.1,7,51.48744433
Regular,FDR16,Frozen Foods,2015,OUT045,Tier 2,Small,Supermarket Type1,0.105445801,14.35,81.896,4.1,8,7.766644022
Regular,FDZ28,Frozen Foods,2012,OUT049,Tier 1,Medium,Supermarket Type1,0.063079544,10.395,58.222,4.1,11,9.229933558
Regular,FDO52,Frozen Foods,2014,OUT013,Tier 3,High,Supermarket Type1,0.076790922,18.2,57.7904,4.1,9,7.525681226
Regular,FDI41,Frozen Foods,2016,OUT046,Tier 1,Small,Supermarket Type1,0.061955439,18,88.5514,4.1,7,14.29275644
Low Fat,FDD05,Frozen Foods,2015,OUT045,Tier 2,Small,Supermarket Type1,0.016597651,18.35,191.35,4.1,8,115.2873982
Low Fat,FDJ53,Frozen Foods,2016,OUT046,Tier 1,Small,Supermarket Type1,0.071368699,10.8,40.2138,4.1,7,5.634655047
Low Fat,FDF05,Frozen Foods,2011,OUT010,Tier 3,Small,Grocery Store,0.026912667,10.5,238.325,4.1,12,88.55495444
Low Fat,FDI52,Frozen Foods,2011,OUT010,Tier 3,Small,Grocery Store,0.104840884,7.075,98.0068,4.1,12,9.348147045
Regular,FDC29,Frozen Foods,2022,OUT018,Tier 3,Medium,Supermarket Type2,0.024243294,11.3,196.243,4.1,1,80.94733331
Regular,FDE41,Frozen Foods,2015,OUT045,Tier 2,Small,Supermarket Type1,0.064113698,16.7,115.418,4.1,8,18.00208124
Regular,FDC05,Frozen Foods,2020,OUT017,Tier 2,Small,Supermarket Type1,0.098938169,10.5,88.783,4.1,3,8.9735843
Regular,FDW16,Frozen Foods,2015,OUT045,Tier 2,Small,Supermarket Type1,0.041538713,19.5,185.061,4.1,8,44.55145252
Low Fat,FDD05,Frozen Foods,2018,OUT027,Tier 3,Medium,Supermarket Type3,0.029084548,12.6,248.809,4.1,5,85.54679963
Low Fat,FDM28,Frozen Foods,2015,OUT045,Tier 2,Medium,Supermarket Type1,0.079146113,18.35,106.694,4.1,8,13.48063676
Regular,FDH17,Frozen Foods,2022,OUT018,Tier 3,Medium,Supermarket Type2,0.029157849,8.6,140.515,4.1,1,48.19114057
Regular,FDU28,Frozen Foods,2014,OUT013,Tier 3,High,Supermarket Type1,0.164438907,12.6,104.899,4.1,9,6.379208054
Low Fat,FDK40,Frozen Foods,2015,OUT045,Tier 2,Medium,Supermarket Type1,0.021849398,16.7,146.51,4.1,8,67.05447903
Low Fat,FDC53,Frozen Foods,2015,OUT045,Tier 2,Medium,Supermarket Type1,0.008835694,9.395,83.825,4.1,8,94.87087262
Low Fat,FDI28,Frozen Foods,2015,OUT045,Tier 2,Medium,Supermarket Type1,0.026321701,18.7,110.289,4.1,8,41.90040758
Low Fat,FDJ04,Frozen Foods,2015,OUT045,Tier 2,Medium,Supermarket Type1,0.124452048,19.5,179.3,4.1,8,14.40715544
Low Fat,FDD16,Frozen Foods,2016,OUT046,Tier 1,Small,Supermarket Type1,0.036353098,6.98,83.4934,4.1,7,22.96734105
Regular,FDH17,Frozen Foods,2017,OUT035,Tier 2,Small,Supermarket Type1,0.01665334,7.895,102.633,4.1,6,61.62907861
Low Fat,FDF17,Frozen Foods,2016,OUT046,Tier 1,Small,Supermarket Type1,0.042861968,12.8,95.141,4.1,7,22.19706757
Regular,FDT52,Frozen Foods,2014,OUT013,Tier 3,High,Supermarket Type1,0.047697859,12.6,186.756,4.1,9,39.15395867
Regular,FDS16,Frozen Foods,2016,OUT046,Tier 1,Small,Supermarket Type1,0.066551268,10.1,153.166,4.1,7,23.01473805
Regular,FDH17,Frozen Foods,2022,OUT018,Tier 3,Medium,Supermarket Type2,0.016747538,16.35,104.828,4.1,1,62.59308085
Regular,FDY04,Frozen Foods,2018,OUT027,Tier 3,Medium,Supermarket Type3,0.042716709,12.6,170.711,4.1,5,39.96351873
Regular,FDI04,Frozen Foods,2016,OUT046,Tier 1,Small,Supermarket Type1,0.073060301,18.7,254.767,4.1,7,34.87078434
Low Fat,FDJ04,Frozen Foods,2022,OUT018,Tier 3,Medium,Supermarket Type2,0.124428516,9.8,128.402,4.1,1,10.3193387
Low Fat,FDQ16,Frozen Foods,2022,OUT018,Tier 3,Medium,Supermarket Type2,0.041730507,19.25,33.4558,4.1,1,8.017108443
Regular,FDS28,Frozen Foods,2014,OUT013,Tier 3,High,Supermarket Type1,0.082386011,6.675,92.1462,4.1,9,11.18469008
Regular,FDT52,Frozen Foods,2011,OUT010,Tier 3,Medium,Grocery Store,0.047420609,15.35,196.677,4.1,12,41.4750051
Regular,FDL28,Frozen Foods,2022,OUT018,Tier 3,Medium,Supermarket Type2,0.063162608,9.3,184.229,4.1,1,29.167415
Regular,FDP52,Frozen Foods,2018,OUT027,Tier 3,Medium,Supermarket Type3,0.063079544,12.6,181.395,4.1,5,28.75654903
Low Fat,FDE16,Frozen Foods,2011,OUT010,Tier 3,Medium,Grocery Store,0.044093978,7.68,192.216,4.1,12,43.59234724
Regular,FDH40,Frozen Foods,2018,OUT027,Tier 3,Medium,Supermarket Type3,0.132111921,12.6,172.142,4.1,5,13.03001264
Low Fat,FDF52,Frozen Foods,2012,OUT049,Tier 1,Medium,Supermarket Type1,0.066727717,17.75,112.454,4.1,11,16.85266709
Low Fat,FDL04,Frozen Foods,2012,OUT049,Tier 1,Medium,Supermarket Type1,0.111830282,8.185,47.7692,4.1,11,4.271580036
Regular,FDV16,Frozen Foods,2012,OUT049,Tier 1,Medium,Supermarket Type1,0.082861686,15.1,89.783,4.1,11,10.8352852
Regular,FDM04,Frozen Foods,2012,OUT049,Tier 1,Medium,Supermarket Type1,0.047081398,10.6,42.7454,4.1,11,9.079042215
Regular,FDS04,Frozen Foods,2012,OUT049,Tier 1,Medium,Supermarket Type1,0.146540889,7.5,122.707,4.1,11,8.373567326
Regular,FDZ16,Frozen Foods,2012,OUT049,Tier 1,Medium,Supermarket Type1,0.159722816,14.1,142.75,4.1,11,8.937358079
Low Fat,FDX28,Frozen Foods,2012,OUT049,Tier 1,Medium,Supermarket Type1,0.125688044,19.1,42.4138,4.1,11,3.374529402
Low Fat,FDK40,Frozen Foods,2012,OUT049,Tier 1,Medium,Supermarket Type1,0.021938404,19.85,88.5856,4.1,11,40.37923634
Low Fat,FDU40,Frozen Foods,2012,OUT049,Tier 1,Medium,Supermarket Type1,0.037556341,13.15,179.798,4.1,11,47.87420585
Regular,FDT52,Frozen Foods,2012,OUT049,Tier 1,Medium,Supermarket Type1,0.047622786,14.3,78.3302,4.1,11,16.44805073
Low Fat,FDA16,Frozen Foods,2012,OUT049,Tier 1,Medium,Supermarket Type1,0.033777629,15.25,217.119,4.1,11,64.27893444
Low Fat,FDF52,Frozen Foods,2012,OUT049,Tier 1,Medium,Supermarket Type1,0.066459891,17.1,150.739,4.1,11,22.6811988
Low Fat,FDG29,Frozen Foods,2012,OUT049,Tier 1,Medium,Supermarket Type1,0.056019324,17.6,42.7454,4.1,11,7.630474084
Low Fat,FDG52,Frozen Foods,2012,OUT049,Tier 1,Medium,Supermarket Type1,0.065313024,7.72,76.7986,4.1,11,11.75854298
Regular,FDG05,Frozen Foods,2012,OUT049,Tier 1,Medium,Supermarket Type1,0.087421738,9,266.288,4.1,11,30.46015855
Regular,FDT16,Frozen Foods,2012,OUT049,Tier 1,Medium,Supermarket Type1,0.048426708,19.35,62.5168,4.1,11,12.90957048
Regular,FDV04,Frozen Foods,2012,OUT049,Tier 1,Medium,Supermarket Type1,0.149288779,8.51,142.147,4.1,11,9.521613141
Regular,FDY16,Frozen Foods,2012,OUT049,Tier 1,Medium,Supermarket Type1,0.091780142,9.3,245.18,4.1,11,26.71383969
Low Fat,FDL40,Frozen Foods,2012,OUT049,Tier 1,Medium,Supermarket Type1,0.01161096,15.1,237.925,4.1,11,204.9141501
Low Fat,FDW28,Frozen Foods,2012,OUT049,Tier 1,Medium,Supermarket Type1,0.063079544,10.65,165.253,4.1,11,26.1975578
Low Fat,FDU04,Frozen Foods,2012,OUT049,Tier 1,Medium,Supermarket Type1,0.063079544,6.675,93.2462,4.1,11,14.78231992
Low Fat,FDU40,Frozen Foods,2012,OUT049,Tier 1,Medium,Supermarket Type1,0.037372847,9.195,181.763,4.1,11,48.63504244
Low Fat,FDM28,Frozen Foods,2012,OUT049,Tier 1,Medium,Supermarket Type1,0.045274134,14.1,196.708,4.1,11,43.4482082
Low Fat,FDB05,Frozen Foods,2012,OUT049,Tier 1,Medium,Supermarket Type1,0.145669556,9.5,32.49,4.1,11,2.230390542
Low Fat,FDJ52,Frozen Foods,2012,OUT049,Tier 1,Medium,Supermarket Type1,0.017822936,16.1,192.885,4.1,11,108.2229101
Low Fat,FDF16,Frozen Foods,2012,OUT049,Tier 1,Medium,Supermarket Type1,0.086307051,6.635,121.81,4.1,11,14.11356298
Regular,FDN04,Frozen Foods,2012,OUT049,Tier 1,Medium,Supermarket Type1,0.014115626,14.5,102.033,4.1,11,72.28372302
Regular,FDH28,Frozen Foods,2012,OUT049,Tier 1,Medium,Supermarket Type1,0.110254143,5.26,95.7068,4.1,11,8.680562689
Regular,FDB41,Frozen Foods,2012,OUT049,Tier 1,Medium,Supermarket Type1,0.097510482,9.6,101.699,4.1,11,10.42954541
Regular,FDQ40,Frozen Foods,2012,OUT049,Tier 1,Medium,Supermarket Type1,0.03623131,8.42,228.735,4.1,11,63.13186026
Regular,FDN16,Frozen Foods,2012,OUT049,Tier 1,Medium,Supermarket Type1,0.063054947,12.6,256.136,4.1,11,40.62107926
Regular,FDR28,Frozen Foods,2012,OUT049,Tier 1,Medium,Supermarket Type1,0.026042966,16.1,179.432,4.1,11,68.89845035
Low Fat,FDX28,Frozen Foods,2012,OUT049,Tier 1,Medium,Supermarket Type1,0.125154452,14,162.653,4.1,11,12.99618171
Regular,FDA52,Frozen Foods,2012,OUT049,Tier 1,Medium,Supermarket Type1,0.128397995,5.785,262.625,4.1,11,20.45397983
Regular,FDE17,Frozen Foods,2012,OUT049,Tier 1,Medium,Supermarket Type1,0.054445198,7.55,124.307,4.1,11,22.83158195
Low Fat,FDQ04,Frozen Foods,2012,OUT049,Tier 1,Medium,Supermarket Type1,0.141860161,13.15,172.676,4.1,11,12.17226872
Low Fat,FDB17,Frozen Foods,2012,OUT049,Tier 1,Medium,Supermarket Type1,0.036641589,15.1,41.6796,4.1,11,11.37494337
Regular,FDA04,Frozen Foods,2012,OUT049,Tier 1,Medium,Supermarket Type1,0.066674465,5.19,103.899,4.1,11,15.58302718
Regular,FDE04,Frozen Foods,2012,OUT049,Tier 1,Medium,Supermarket Type1,0.018008071,5.86,155.131,4.1,11,86.14526231
Low Fat,FDG52,Frozen Foods,2012,OUT049,Tier 1,Medium,Supermarket Type1,0.065898197,20.35,81.7276,4.1,11,12.40209956
Regular,FDB29,Frozen Foods,2012,OUT049,Tier 1,Medium,Supermarket Type1,0.052625179,6.89,193.482,4.1,11,36.76605072
Regular,FDB41,Frozen Foods,2012,OUT049,Tier 1,Medium,Supermarket Type1,0.097709541,7.21,100.533,4.1,11,10.28896451
Low Fat,FDB17,Frozen Foods,2012,OUT049,Tier 1,Medium,Supermarket Type1,0.036494521,19.85,63.5194,4.1,11,17.40518803
Regular,FDF28,Frozen Foods,2012,OUT049,Tier 1,Medium,Supermarket Type1,0.037681359,19.5,235.396,4.1,11,62.47014605
Regular,FDF29,Frozen Foods,2012,OUT049,Tier 1,Medium,Supermarket Type1,0.019837655,21.2,173.674,4.1,11,87.54764613
Low Fat,FDE53,Frozen Foods,2018,OUT019,Tier 1,Small,Grocery Store,0.026880159,12.6,102.933,4.1,5,38.29330027
Regular,FDP52,Frozen Foods,2018,OUT019,Tier 1,Small,Grocery Store,0.070691729,12.6,154.468,4.1,5,21.85092969
Regular,FDH52,Frozen Foods,2018,OUT019,Tier 1,Small,Grocery Store,0.044151435,12.6,183.329,4.1,5,41.5227727
Regular,FDX52,Frozen Foods,2018,OUT019,Tier 1,Small,Grocery Store,0.04224015,12.6,122.41,4.1,5,28.97953724
Regular,FDE17,Frozen Foods,2018,OUT019,Tier 1,Small,Grocery Store,0.063079544,12.6,47.1034,4.1,5,7.46730192
Regular,FDS16,Frozen Foods,2018,OUT019,Tier 1,Small,Grocery Store,0.066121873,12.6,34.3216,4.1,5,5.19065756
Low Fat,FDP04,Frozen Foods,2018,OUT019,Tier 1,Small,Grocery Store,0.013869039,12.6,264.188,4.1,5,190.4876034
Low Fat,FDI52,Frozen Foods,2018,OUT019,Tier 1,Small,Grocery Store,0.105104552,12.6,104.699,4.1,5,9.961414421
Low Fat,FDD29,Frozen Foods,2018,OUT019,Tier 1,Small,Grocery Store,0.018321361,12.6,160.46,4.1,5,87.58082983
Low Fat,FDK40,Frozen Foods,2018,OUT019,Tier 1,Small,Grocery Store,0.021883368,12.6,128.968,4.1,5,58.93425546
Low Fat,FDQ16,Frozen Foods,2018,OUT019,Tier 1,Small,Grocery Store,0.041803291,12.6,127.968,4.1,5,30.61194393
Low Fat,FDC41,Frozen Foods,2018,OUT019,Tier 1,Small,Grocery Store,0.117095014,12.6,221.246,4.1,5,18.89457052
Low Fat,FDG16,Frozen Foods,2018,OUT019,Tier 1,Small,Grocery Store,0.089816808,12.6,111.586,4.1,5,12.42373254
Regular,FDO52,Frozen Foods,2018,OUT019,Tier 1,Small,Grocery Store,0.077164595,12.6,228.169,4.1,5,29.56913077
Low Fat,FDG16,Frozen Foods,2018,OUT019,Tier 1,Small,Grocery Store,0.089998959,12.6,152.4,4.1,5,16.9335292
Low Fat,FDO04,Frozen Foods,2018,OUT019,Tier 1,Small,Grocery Store,0.063079544,12.6,184.658,4.1,5,29.27383242
Low Fat,FDG29,Frozen Foods,2018,OUT019,Tier 1,Small,Grocery Store,0.05661033,12.6,144.476,4.1,5,25.52113722
Regular,FDI40,Frozen Foods,2018,OUT019,Tier 1,Small,Grocery Store,0.126313413,12.6,148.076,4.1,5,11.72290389
Regular,FDB29,Frozen Foods,2018,OUT019,Tier 1,Small,Grocery Store,0.052708138,12.6,148.073,4.1,5,28.0930053
Low Fat,FDK16,Frozen Foods,2018,OUT019,Tier 1,Small,Grocery Store,0.115307979,12.6,127.202,4.1,5,11.03150026
Low Fat,FDG04,Frozen Foods,2018,OUT019,Tier 1,Small,Grocery Store,0.006061565,12.6,98.5384,4.1,5,162.5626385
Low Fat,FDB53,Frozen Foods,2018,OUT019,Tier 1,Small,Grocery Store,0.139426044,12.6,172.476,4.1,5,12.37042916
Regular,FDQ40,Frozen Foods,2018,OUT019,Tier 1,Small,Grocery Store,0.036020711,12.6,156.829,4.1,5,43.53856313
Regular,FDI40,Frozen Foods,2018,OUT019,Tier 1,Small,Grocery Store,0.125579201,12.6,184.624,4.1,5,14.70179763
Regular,FDJ40,Frozen Foods,2018,OUT019,Tier 1,Small,Grocery Store,0.049579883,12.6,155.131,4.1,5,31.28910167
Low Fat,FDJ41,Frozen Foods,2018,OUT019,Tier 1,Small,Grocery Store,0.03830192,12.6,88.6856,4.1,5,23.1543484
Low Fat,FDJ28,Frozen Foods,2018,OUT019,Tier 1,Small,Grocery Store,0.036590807,12.6,169.945,4.1,5,46.44472586
Low Fat,FDS40,Frozen Foods,2018,OUT019,Tier 1,Small,Grocery Store,0.02346559,12.6,62.7536,4.1,5,26.74281789
Low Fat,FDQ52,Frozen Foods,2018,OUT019,Tier 1,Small,Grocery Store,0.119285634,12.6,162.355,4.1,5,13.61060796
Low Fat,FDI52,Frozen Foods,2018,OUT019,Tier 1,Small,Grocery Store,0.104591027,12.6,142.879,4.1,5,13.6607321
Low Fat,FDT04,Frozen Foods,2018,OUT019,Tier 1,Small,Grocery Store,0.063079544,12.6,194.711,4.1,5,30.86753449
Low Fat,FDK52,Frozen Foods,2018,OUT019,Tier 1,Small,Grocery Store,0.063079544,12.6,58.7588,4.1,5,9.315032461
Regular,FDZ28,Frozen Foods,2018,OUT019,Tier 1,Small,Grocery Store,0.051702257,12.6,186.227,4.1,5,36.01912388
Low Fat,FDZ52,Frozen Foods,2016,OUT046,Tier 1,Small,Supermarket Type1,0.099589909,16,225.04,4.1,7,22.5966669
Regular,FDA52,Frozen Foods,2016,OUT046,Tier 1,Small,Supermarket Type1,0.128682722,19.5,55.6614,4.1,7,4.325475801
Low Fat,FDL16,Frozen Foods,2016,OUT046,Tier 1,Small,Supermarket Type1,0.294939214,14,103.233,4.1,7,3.500144949
Low Fat,FDD17,Frozen Foods,2016,OUT046,Tier 1,Small,Supermarket Type1,0.032626952,14.1,54.5956,4.1,7,16.73328235
Regular,FDV52,Frozen Foods,2016,OUT046,Tier 1,Small,Supermarket Type1,0.12152072,20,43.7086,4.1,7,3.596802257
Low Fat,FDD05,Frozen Foods,2016,OUT046,Tier 1,Small,Supermarket Type1,0.016645164,20.35,233.362,4.1,7,140.198078
Regular,FDE41,Frozen Foods,2016,OUT046,Tier 1,Small,Supermarket Type1,0.064143995,20.75,193.448,4.1,7,30.15839597
Low Fat,FDF04,Frozen Foods,2016,OUT046,Tier 1,Small,Supermarket Type1,0.013634468,5.175,84.2224,4.1,7,61.77168042
Regular,FDM04,Frozen Foods,2016,OUT046,Tier 1,Small,Supermarket Type1,0.0471117,8.21,86.0198,4.1,7,18.25869158
Regular,FDA04,Frozen Foods,2016,OUT046,Tier 1,Small,Supermarket Type1,0.066717378,13.1,75.0354,4.1,7,11.24675493
Regular,FDI04,Frozen Foods,2016,OUT046,Tier 1,Small,Supermarket Type1,0.072851756,14.5,153.1,4.1,7,21.0152793
Regular,FDU16,Frozen Foods,2016,OUT046,Tier 1,Small,Supermarket Type1,0.058226609,18.35,154.934,4.1,7,26.60879668
Low Fat,FDX16,Frozen Foods,2016,OUT046,Tier 1,Small,Supermarket Type1,0.063079544,20.7,78.467,4.1,7,12.43937337
Regular,FDI16,Frozen Foods,2016,OUT046,Tier 1,Small,Supermarket Type1,0.135118202,12.3,193.316,4.1,7,14.30717676
Regular,FDH17,Frozen Foods,2016,OUT046,Tier 1,Small,Supermarket Type1,0.016687114,17.5,258.53,4.1,7,154.9279282
Regular,FDI04,Frozen Foods,2016,OUT046,Tier 1,Small,Supermarket Type1,0.073209447,18.6,246.68,4.1,7,33.69510495
Regular,FDL52,Frozen Foods,2016,OUT046,Tier 1,Small,Supermarket Type1,0.063079544,19.75,188.287,4.1,7,29.84913778
Regular,FDS16,Frozen Foods,2016,OUT046,Tier 1,Small,Supermarket Type1,0.066279832,9.3,191.685,4.1,7,28.92056214
Low Fat,FDY52,Frozen Foods,2016,OUT046,Tier 1,Small,Supermarket Type1,0.012865901,16.75,34.5532,4.1,7,26.85641682
Low Fat,FDL04,Frozen Foods,2016,OUT046,Tier 1,Small,Supermarket Type1,0.111923422,6.36,163.653,4.1,7,14.62187244
Regular,FDT52,Frozen Foods,2016,OUT046,Tier 1,Small,Supermarket Type1,0.047429578,8.43,171.142,4.1,7,36.08339083
Regular,FDN16,Frozen Foods,2016,OUT046,Tier 1,Small,Supermarket Type1,0.062700289,9,101.802,4.1,7,16.2362888
Regular,FDA28,Frozen Foods,2016,OUT046,Tier 1,Small,Supermarket Type1,0.047801883,9.1,114.452,4.1,7,23.94298986
Low Fat,FDP04,Frozen Foods,2016,OUT046,Tier 1,Small,Supermarket Type1,0.013840784,9.13,152.802,4.1,7,110.3998155
Regular,FDH40,Frozen Foods,2016,OUT046,Tier 1,Small,Supermarket Type1,0.079376029,13,256.701,4.1,7,32.33986422
Regular,FDP52,Frozen Foods,2016,OUT046,Tier 1,Small,Supermarket Type1,0.071091591,15.2,107.791,4.1,7,15.16227144
Regular,FDW04,Frozen Foods,2016,OUT046,Tier 1,Small,Supermarket Type1,0.057944376,15.85,44.0112,4.1,7,7.595422203
Low Fat,FDG53,Frozen Foods,2016,OUT046,Tier 1,Small,Supermarket Type1,0.045848263,16.5,178.732,4.1,7,38.98337435
Low Fat,FDH41,Frozen Foods,2016,OUT046,Tier 1,Small,Supermarket Type1,0.081943273,19,189.187,4.1,7,23.08755717
Low Fat,FDF41,Frozen Foods,2016,OUT046,Tier 1,Small,Supermarket Type1,0.131714183,19.85,197.277,4.1,7,14.9776581
Low Fat,FDG04,Frozen Foods,2016,OUT046,Tier 1,Small,Supermarket Type1,0.006087409,6.195,122.21,4.1,7,200.7586479
Regular,FDA52,Frozen Foods,2016,OUT046,Tier 1,Small,Supermarket Type1,0.127800388,9.3,104.496,4.1,7,8.176500998
Regular,FDE04,Frozen Foods,2016,OUT046,Tier 1,Small,Supermarket Type1,0.018051091,13.15,183.095,4.1,7,101.4315423
Low Fat,FDF52,Frozen Foods,2016,OUT046,Tier 1,Small,Supermarket Type1,0.066918731,15.6,218.58,4.1,7,32.66350045
Regular,FDV16,Frozen Foods,2016,OUT046,Tier 1,Small,Supermarket Type1,0.083399788,16.85,147.476,4.1,7,17.68301857
Regular,FDP40,Frozen Foods,2016,OUT046,Tier 1,Small,Supermarket Type1,0.034328578,18.2,139.818,4.1,7,40.72933053
Low Fat,FDO40,Frozen Foods,2016,OUT046,Tier 1,Small,Supermarket Type1,0.032761024,14.15,40.5138,4.1,7,12.36646327
Low Fat,FDZ52,Frozen Foods,2016,OUT046,Tier 1,Small,Supermarket Type1,0.100482186,16.2,74.0696,4.1,7,7.371416064
Regular,FDF29,Frozen Foods,2016,OUT046,Tier 1,Small,Supermarket Type1,0.020015391,14.3,98.6726,4.1,7,49.29836245
Regular,FDF53,Frozen Foods,2016,OUT046,Tier 1,Small,Supermarket Type1,0.083590755,6.55,157.829,4.1,7,18.88115498
Regular,FDE41,Frozen Foods,2016,OUT046,Tier 1,Small,Supermarket Type1,0.064014173,7.895,104.533,4.1,7,16.32966499
Regular,FDS04,Frozen Foods,2016,OUT046,Tier 1,Small,Supermarket Type1,0.146662938,7.84,48.935,4.1,7,3.336562097
Low Fat,FDM40,Frozen Foods,2016,OUT046,Tier 1,Small,Supermarket Type1,0.063079544,16.5,101.199,4.1,7,16.04307729
Regular,FDO52,Frozen Foods,2016,OUT046,Tier 1,Small,Supermarket Type1,0.07760107,7.71,122.476,4.1,7,15.78277207
Regular,FDZ28,Frozen Foods,2016,OUT046,Tier 1,Small,Supermarket Type1,0.051783761,8.3,87.7198,4.1,7,16.9396348
Low Fat,FDJ41,Frozen Foods,2016,OUT046,Tier 1,Small,Supermarket Type1,0.022864238,10.195,194.079,4.1,7,84.88321369
Regular,FDE28,Frozen Foods,2016,OUT046,Tier 1,Small,Supermarket Type1,0.063079544,18.25,111.657,4.1,7,17.70098401
Low Fat,FDJ16,Frozen Foods,2016,OUT046,Tier 1,Small,Supermarket Type1,0.115353642,7.825,157.529,4.1,7,13.65617914
Regular,FDH53,Frozen Foods,2016,OUT046,Tier 1,Small,Supermarket Type1,0.019277945,15.5,49.6692,4.1,7,25.76477939
Low Fat,FDZ40,Frozen Foods,2016,OUT046,Tier 1,Small,Supermarket Type1,0.039988162,6.46,146.91,4.1,7,36.73837272
Regular,FDB29,Frozen Foods,2016,OUT046,Tier 1,Small,Supermarket Type1,0.052493162,14.15,198.311,4.1,7,37.77844436
Low Fat,FDF52,Frozen Foods,2016,OUT046,Tier 1,Small,Supermarket Type1,0.063079544,15.7,59.4536,4.1,7,9.425179104
Low Fat,FDT28,Frozen Foods,2016,OUT046,Tier 1,Small,Supermarket Type1,0.06355415,5.86,156.031,4.1,7,24.55087512
Regular,FDQ28,Frozen Foods,2016,OUT046,Tier 1,Small,Supermarket Type1,0.060376776,9.5,196.845,4.1,7,32.60276766
Regular,FDS28,Frozen Foods,2016,OUT046,Tier 1,Small,Supermarket Type1,0.082529704,8.31,177.403,4.1,7,21.49565446
Regular,FDE17,Frozen Foods,2016,OUT046,Tier 1,Small,Supermarket Type1,0.054763518,9.6,257.83,4.1,7,47.08061305
Low Fat,FDT40,Frozen Foods,2016,OUT046,Tier 1,Small,Supermarket Type1,0.063079544,15.25,179.266,4.1,7,28.41903867
Regular,FDC29,Frozen Foods,2016,OUT046,Tier 1,Small,Supermarket Type1,0.024304264,8.27,150.871,4.1,7,62.07593861
Regular,FDC29,Frozen Foods,2015,OUT045,Tier 2,Medium,Supermarket Type1,0.024205661,7.75,95.6436,4.1,8,39.51290568
Low Fat,FDB17,Frozen Foods,2015,OUT045,Tier 2,Medium,Supermarket Type1,0.036746479,13,61.1194,4.1,8,16.63272282
Low Fat,FDU52,Frozen Foods,2015,OUT045,Tier 2,Medium,Supermarket Type1,0.06390019,7.76,98.77,4.1,8,15.45691805
Low Fat,FDG53,Frozen Foods,2020,OUT017,Tier 2,Medium,Supermarket Type1,0.045928229,19.85,221.577,4.1,3,48.24418551
Low Fat,FDS40,Frozen Foods,2020,OUT017,Tier 2,Medium,Supermarket Type1,0.01404119,16,224.14,4.1,3,159.6303447
Regular,FDB41,Frozen Foods,2015,OUT045,Tier 2,Medium,Supermarket Type1,0.170382726,5.635,150.005,4.1,8,8.804002819
Regular,FDZ16,Frozen Foods,2015,OUT045,Tier 2,Medium,Supermarket Type1,0.279886948,8.355,94.0462,4.1,8,3.360149542
Regular,FDV16,Frozen Foods,2015,OUT045,Tier 2,Medium,Supermarket Type1,0.082930699,15.6,128.099,4.1,8,15.44651155
Low Fat,FDF17,Frozen Foods,2015,OUT045,Tier 2,Medium,Supermarket Type1,0.042707323,4.905,197.677,4.1,8,46.28644132
Low Fat,FDX40,Frozen Foods,2015,OUT045,Tier 2,Medium,Supermarket Type1,0.099553084,12.1,77.367,4.1,8,7.771431772
Regular,FDR52,Frozen Foods,2015,OUT045,Tier 2,Medium,Supermarket Type1,0.076198809,6.13,61.5536,4.1,8,8.078026521
Regular,FDG41,Frozen Foods,2015,OUT045,Tier 2,Medium,Supermarket Type1,0.076995176,19.6,45.3718,4.1,8,5.892810739
Regular,FDS04,Frozen Foods,2015,OUT045,Tier 2,Medium,Supermarket Type1,0.146635206,5.985,127.368,4.1,8,8.686045014
Regular,FDS16,Frozen Foods,2015,OUT045,Tier 2,Medium,Supermarket Type1,0.066164431,7.36,56.5588,4.1,8,8.548218302
Regular,FDB29,Frozen Foods,2015,OUT045,Tier 2,Medium,Supermarket Type1,0.052401766,17.35,73.1038,4.1,8,13.9506367
Regular,FDE05,Frozen Foods,2015,OUT045,Tier 2,Medium,Supermarket Type1,0.05432142,8.775,109.523,4.1,8,20.16202816
Regular,FDA40,Frozen Foods,2015,OUT045,Tier 2,Medium,Supermarket Type1,0.099188598,10.8,243.214,4.1,8,24.52035868
Low Fat,FDE29,Frozen Foods,2015,OUT045,Tier 2,Medium,Supermarket Type1,0.143712172,19.85,220.877,4.1,8,15.369401
Low Fat,FDS52,Frozen Foods,2015,OUT045,Tier 2,Small,Supermarket Type1,0.005496816,5.32,103.867,4.1,8,188.9584807
Low Fat,FDD05,Frozen Foods,2015,OUT045,Tier 2,Small,Supermarket Type1,0.016679143,15.2,48.7034,4.1,8,29.20018133
Regular,FDP52,Frozen Foods,2015,OUT045,Tier 2,Small,Supermarket Type1,0.070979698,8.18,140.515,4.1,8,19.79650576
Regular,FDE05,Frozen Foods,2015,OUT045,Tier 2,Small,Supermarket Type1,0.032427039,9,168.147,4.1,8,51.85394818
Low Fat,FDL16,Frozen Foods,2015,OUT045,Tier 2,Small,Supermarket Type1,0.169405699,10.85,117.181,4.1,8,6.917181694
Regular,FDH40,Frozen Foods,2015,OUT045,Tier 2,Small,Supermarket Type1,0.078863888,20.25,148.642,4.1,8,18.84791681
Regular,FDL52,Frozen Foods,2015,OUT045,Tier 2,Small,Supermarket Type1,0.046277956,12.65,52.4324,4.1,8,11.32988674
Low Fat,FDX40,Frozen Foods,2015,OUT045,Tier 2,Small,Supermarket Type1,0.173324207,17.6,153.631,4.1,8,8.863793619
Low Fat,FDK52,Frozen Foods,2015,OUT045,Tier 2,Small,Supermarket Type1,0.079152918,6.095,141.915,4.1,8,17.92921898
Low Fat,FDK41,Frozen Foods,2015,OUT045,Tier 2,Small,Supermarket Type1,0.126924095,18.5,133.228,4.1,8,10.49666732
Regular,FDL52,Frozen Foods,2015,OUT045,Tier 2,Small,Supermarket Type1,0.046090204,18.75,190.65,4.1,8,41.36453811
Low Fat,FDF52,Frozen Foods,2015,OUT045,Tier 2,Small,Supermarket Type1,0.066887123,5.73,85.2882,4.1,8,12.75106421
Regular,FDN16,Frozen Foods,2015,OUT045,Tier 2,Small,Supermarket Type1,0.062797771,16,226.24,4.1,8,36.02675643
Regular,FDH05,Frozen Foods,2020,OUT017,Tier 2,Small,Supermarket Type1,0.091054989,15.1,159.76,4.1,3,17.54544169
Low Fat,FDT28,Frozen Foods,2020,OUT017,Tier 2,Small,Supermarket Type1,0.063925726,20.6,120.876,4.1,3,18.90881928
Regular,FDV52,Frozen Foods,2020,OUT017,Tier 2,Small,Supermarket Type1,0.121767168,4.635,126.999,4.1,3,10.42965867
Low Fat,FDW28,Frozen Foods,2020,OUT017,Tier 2,Small,Supermarket Type1,0.088807455,4.785,118.61,4.1,3,13.35586072
Low Fat,FDH16,Frozen Foods,2020,OUT017,Tier 2,Small,Supermarket Type1,0.052300844,17.85,93.7436,4.1,3,17.92391725
Low Fat,FDW28,Frozen Foods,2020,OUT017,Tier 2,Small,Supermarket Type1,0.088750333,15.6,127.599,4.1,3,14.37729817
Low Fat,FDF04,Frozen Foods,2020,OUT017,Tier 2,Small,Supermarket Type1,0.023876708,7.96,160.789,4.1,3,67.34136046
Regular,FDG28,Frozen Foods,2020,OUT017,Tier 2,Small,Supermarket Type1,0.049280292,11.6,179.069,4.1,3,36.33683826
Low Fat,FDL40,Frozen Foods,2020,OUT017,Tier 2,Small,Supermarket Type1,0.011636708,18,156.697,4.1,3,134.6574994
Regular,FDX04,Frozen Foods,2020,OUT017,Tier 2,Small,Supermarket Type1,0.04163619,13.8,243.68,4.1,3,58.52600826
Regular,FDH28,Frozen Foods,2020,OUT017,Tier 2,Small,Supermarket Type1,0.063079544,13.8,263.588,4.1,3,41.78660518
Low Fat,FDX16,Frozen Foods,2020,OUT017,Tier 2,Small,Supermarket Type1,0.065810045,20.35,261.659,4.1,3,39.75973577
Low Fat,FDF41,Frozen Foods,2020,OUT017,Tier 2,Small,Supermarket Type1,0.131921819,5.88,153,4.1,3,11.59777823
Low Fat,FDM52,Frozen Foods,2020,OUT017,Tier 2,Small,Supermarket Type1,0.026140452,7.905,109.125,4.1,3,41.74564388
Regular,FDS16,Frozen Foods,2020,OUT017,Tier 2,Small,Supermarket Type1,0.066311153,15.25,214.419,4.1,3,32.33528453
Low Fat,FDF52,Frozen Foods,2020,OUT017,Tier 2,Small,Supermarket Type1,0.066770664,15.6,75.667,4.1,3,11.33237195
Regular,FDI16,Frozen Foods,2020,OUT017,Tier 2,Small,Supermarket Type1,0.136328794,19.2,112.689,4.1,3,8.265972044
Low Fat,FDD05,Frozen Foods,2020,OUT017,Tier 2,Small,Supermarket Type1,0.016531033,5.655,164.75,4.1,3,99.66104357
Low Fat,FDR04,Frozen Foods,2020,OUT017,Tier 2,Small,Supermarket Type1,0.022457694,7.325,93.2146,4.1,3,41.50675488
Low Fat,FDX40,Frozen Foods,2020,OUT017,Tier 2,Small,Supermarket Type1,0.165694219,13.65,151.505,4.1,3,9.143650329
Low Fat,FDF05,Frozen Foods,2020,OUT017,Tier 2,Small,Supermarket Type1,0.026925385,5.88,154.202,4.1,3,57.27011889
Low Fat,FDJ52,Frozen Foods,2020,OUT017,Tier 2,Small,Supermarket Type1,0.017887474,8.365,39.6506,4.1,3,22.16668491
Regular,FDL52,Frozen Foods,2020,OUT017,Tier 2,Small,Supermarket Type1,0.04586701,5.615,121.573,4.1,3,26.50554287
Regular,FDH53,Frozen Foods,2020,OUT017,Tier 2,Small,Supermarket Type1,0.019199733,8.51,141.947,4.1,3,73.93175728
Low Fat,FDL04,Frozen Foods,2020,OUT017,Tier 2,Small,Supermarket Type1,0.112097433,9.6,45.2086,4.1,3,4.032973708
Regular,FDH28,Frozen Foods,2020,OUT017,Tier 2,Small,Supermarket Type1,0.110202066,12.5,172.245,4.1,3,15.62992476
Regular,FDT16,Frozen Foods,2020,OUT017,Tier 2,High,Supermarket Type1,0.048662357,15.2,110.491,4.1,3,22.70564083
Regular,FDF53,Frozen Foods,2020,OUT017,Tier 2,High,Supermarket Type1,0.083606565,15.35,124.673,4.1,3,14.91186727
Regular,FDD41,Frozen Foods,2020,OUT017,Tier 2,High,Supermarket Type1,0.087753682,16,228.467,4.1,3,26.03503292
Regular,FDY04,Frozen Foods,2020,OUT017,Tier 2,High,Supermarket Type1,0.042468413,20.35,76.3328,4.1,3,17.97401754
Low Fat,FDD53,Frozen Foods,2020,OUT017,Tier 2,High,Supermarket Type1,0.074019393,11.3,197.743,4.1,3,26.71502589
Regular,FDA28,Frozen Foods,2020,OUT017,Tier 2,High,Supermarket Type1,0.080010553,11.65,112.286,4.1,3,14.03389875
Low Fat,FDZ40,Frozen Foods,2020,OUT017,Tier 2,High,Supermarket Type1,0.040346436,11.65,228.969,4.1,3,56.75073754
Regular,FDX04,Frozen Foods,2020,OUT017,Tier 2,High,Supermarket Type1,0.041370245,19,107.662,4.1,3,26.02401799
Low Fat,FDL04,Frozen Foods,2020,OUT017,Tier 2,High,Supermarket Type1,0.112556507,20.2,258.065,4.1,3,22.92759494
Regular,FDN04,Frozen Foods,2020,OUT017,Tier 2,High,Supermarket Type1,0.014087057,21.25,120.476,4.1,3,85.52247641
Low Fat,FDF41,Frozen Foods,2020,OUT017,Tier 2,High,Supermarket Type1,0.131383762,14.15,123.505,4.1,3,9.400324524
Low Fat,FDT28,Frozen Foods,2020,OUT017,Tier 2,High,Supermarket Type1,0.063695084,18.25,162.553,4.1,3,25.52049386
Low Fat,FDD17,Frozen Foods,2015,OUT045,Tier 2,High,Supermarket Type1,0.032677678,6.885,108.523,4.1,8,33.21013201
Low Fat,FDP16,Frozen Foods,2015,OUT045,Tier 2,High,Supermarket Type1,0.039355947,7.27,92.4488,4.1,8,23.490427
Regular,FDQ28,Frozen Foods,2015,OUT045,Tier 2,High,Supermarket Type1,0.060134441,13,61.422,4.1,8,10.21411341
Regular,FDE04,Frozen Foods,2015,OUT045,Tier 2,High,Supermarket Type1,0.018059621,11.15,150.671,4.1,8,83.42976854
Regular,FDB41,Frozen Foods,2015,OUT045,Tier 2,High,Supermarket Type1,0.097313129,11.8,221.177,4.1,8,22.72838231
Regular,FDH28,Frozen Foods,2015,OUT045,Tier 2,High,Supermarket Type1,0.110030997,11,158.063,4.1,8,14.36531562
Low Fat,FDM28,Frozen Foods,2015,OUT045,Tier 2,High,Supermarket Type1,0.045166237,18.5,148.742,4.1,8,32.9321214
Low Fat,FDR04,Frozen Foods,2015,OUT045,Tier 2,High,Supermarket Type1,0.063079544,12.6,121.107,4.1,8,19.1990925
Regular,FDB29,Frozen Foods,2015,OUT045,Tier 2,High,Supermarket Type1,0.052368061,14.15,197.211,4.1,8,37.65864083
Regular,FDF28,Frozen Foods,2015,OUT045,Tier 2,High,Supermarket Type1,0.038078899,15.7,61.9536,4.1,8,16.26979814
Regular,FDY28,Frozen Foods,2015,OUT045,Tier 2,High,Supermarket Type1,0.063079544,6.985,185.261,4.1,8,29.36942601
Low Fat,FDM40,Frozen Foods,2015,OUT045,Tier 2,High,Supermarket Type1,0.159936948,11.395,233.962,4.1,8,14.62838968
Low Fat,FDW28,Frozen Foods,2015,OUT045,Tier 2,High,Supermarket Type1,0.089004389,13.65,37.9532,4.1,8,4.264194207
Regular,FDH28,Frozen Foods,2015,OUT045,Tier 2,High,Supermarket Type1,0.192650072,6.385,33.2874,4.1,8,1.727868547
Low Fat,FDK28,Frozen Foods,2020,OUT017,Tier 2,High,Supermarket Type1,0.065857092,8.38,110.157,4.1,3,16.72667235
Low Fat,FDD29,Frozen Foods,2020,OUT017,Tier 2,High,Supermarket Type1,0.030815427,9.195,78.1644,4.1,3,25.36534704
Low Fat,FDC53,Frozen Foods,2020,OUT017,Tier 2,High,Supermarket Type1,0.008871687,12.15,123.505,4.1,3,139.2125308
Low Fat,FDZ52,Frozen Foods,2020,OUT017,Tier 2,High,Supermarket Type1,0.100230114,14.5,40.0454,4.1,3,3.995346149
Regular,FDE05,Frozen Foods,2020,OUT017,Tier 2,High,Supermarket Type1,0.063079544,6.865,244.449,4.1,3,38.75249954
Low Fat,FDD29,Frozen Foods,2020,OUT017,Tier 2,High,Supermarket Type1,0.018485511,7.47,215.222,4.1,3,116.4274009
Low Fat,FDI28,Frozen Foods,2020,OUT017,Tier 2,High,Supermarket Type1,0.026428924,20.5,83.2592,4.1,3,31.50306081
Regular,FDU16,Frozen Foods,2020,OUT017,Tier 2,Medium,Supermarket Type1,0.058365706,9.5,169.745,4.1,3,29.08300295
Low Fat,FDO04,Frozen Foods,2020,OUT017,Tier 2,Medium,Supermarket Type1,0.026408698,15.5,196.577,4.1,3,74.43646029
Regular,FDH40,Frozen Foods,2020,OUT017,Tier 2,Medium,Supermarket Type1,0.078547351,6.155,213.956,4.1,3,27.23911084
Regular,FDJ40,Frozen Foods,2020,OUT017,Tier 2,Medium,Supermarket Type1,0.049349121,13.65,55.5588,4.1,3,11.25831603
Low Fat,FDM52,Frozen Foods,2020,OUT017,Tier 2,Medium,Supermarket Type1,0.025993423,12.1,55.8614,4.1,3,21.49059014
Low Fat,FDK52,Frozen Foods,2015,OUT045,Tier 2,Medium,Supermarket Type1,0.079342006,8.185,48.6692,4.1,8,6.134102533
Low Fat,FDO28,Frozen Foods,2015,OUT045,Tier 2,Medium,Supermarket Type1,0.072410764,17.75,33.9216,4.1,8,4.684607388
Low Fat,FDY52,Frozen Foods,2020,OUT017,Tier 2,Medium,Supermarket Type1,0.007359711,16.25,89.8804,4.1,3,122.1249041
Low Fat,FDQ04,Frozen Foods,2015,OUT045,Tier 2,Medium,Supermarket Type1,0.084885375,13.5,95.2068,4.1,8,11.215925
Low Fat,FDR04,Frozen Foods,2020,OUT017,Tier 2,Medium,Supermarket Type1,0.022602061,19.35,49.2034,4.1,3,21.76943067
Low Fat,FDZ40,Frozen Foods,2017,OUT035,Tier 2,Small,Supermarket Type1,0.040245222,11.6,57.7272,4.1,6,14.34386422
Low Fat,FDJ16,Frozen Foods,2017,OUT035,Tier 2,Small,Supermarket Type1,0.115064263,7.72,79.7986,4.1,6,6.935133283
Low Fat,FDT28,Frozen Foods,2017,OUT035,Tier 2,Small,Supermarket Type1,0.063664998,5.945,127.865,4.1,6,20.08403424
Low Fat,FDB53,Frozen Foods,2017,OUT035,Tier 2,Small,Supermarket Type1,0.139669224,14.6,242.354,4.1,6,17.35199732
Low Fat,FDD53,Frozen Foods,2017,OUT035,Tier 2,Small,Supermarket Type1,0.044291251,6.8,48.6034,4.1,6,10.97358934
Low Fat,FDQ52,Frozen Foods,2017,OUT035,Tier 2,Small,Supermarket Type1,0.119570595,20,43.5086,4.1,6,3.638737434
Low Fat,FDJ04,Frozen Foods,2017,OUT035,Tier 2,Small,Supermarket Type1,0.124645538,20.85,178.366,4.1,6,14.30985841
Regular,FDR16,Frozen Foods,2017,OUT035,Tier 2,Small,Supermarket Type1,0.105181277,10.1,114.715,4.1,6,10.90640875
Regular,FDG17,Frozen Foods,2017,OUT035,Tier 2,Small,Supermarket Type1,0.035895934,15.7,131.794,4.1,6,36.71557898
Regular,FDR40,Frozen Foods,2017,OUT035,Tier 2,Small,Supermarket Type1,0.008046878,19.7,88.5198,4.1,6,110.0051473
Regular,FDT52,Frozen Foods,2017,OUT035,Tier 2,Small,Supermarket Type1,0.047503318,9.3,248.509,4.1,6,52.31402994
Regular,FDT16,Frozen Foods,2017,OUT035,Tier 2,Small,Supermarket Type1,0.048738014,19.25,55.1956,4.1,6,11.32495879
Regular,FDG05,Frozen Foods,2017,OUT035,Tier 2,Small,Supermarket Type1,0.063079544,10.5,119.21,4.1,6,18.89836109
Regular,FDP28,Frozen Foods,2017,OUT035,Tier 2,Small,Supermarket Type1,0.080765853,16.6,173.574,4.1,6,21.49101304
Regular,FDH17,Frozen Foods,2017,OUT035,Tier 2,Small,Supermarket Type1,0.016679232,9.5,189.087,4.1,6,113.3667306
Regular,FDV52,Frozen Foods,2017,OUT035,Tier 2,Small,Supermarket Type1,0.121709653,19.7,127.336,4.1,6,10.46227615
Regular,FDF53,Frozen Foods,2017,OUT035,Tier 2,Small,Supermarket Type1,0.083736551,8.6,142.915,4.1,6,17.06721835
Regular,FDA52,Frozen Foods,2017,OUT035,Tier 2,Small,Supermarket Type1,0.128621941,10.1,197.508,4.1,6,15.35570047
Low Fat,FDB17,Frozen Foods,2017,OUT035,Tier 2,Small,Supermarket Type1,0.064208126,11.6,100.004,4.1,6,15.57497567
Low Fat,FDD16,Frozen Foods,2017,OUT035,Tier 2,Small,Supermarket Type1,0.063649582,11.8,82.3618,4.1,6,12.93988074
Low Fat,FDD53,Frozen Foods,2017,OUT035,Tier 2,Small,Supermarket Type1,0.077427883,15.7,151.902,4.1,6,19.61851391
Low Fat,FDE16,Frozen Foods,2017,OUT035,Tier 2,Small,Supermarket Type1,0.046124444,16.75,192.116,4.1,6,41.65166739
Low Fat,FDG04,Frozen Foods,2017,OUT035,Tier 2,Small,Supermarket Type1,0.010615026,16.75,34.3532,4.1,6,32.36280344
Low Fat,FDS40,Frozen Foods,2017,OUT035,Tier 2,Small,Supermarket Type1,0.024546148,12.6,186.956,4.1,6,76.16510745
Low Fat,FDT40,Frozen Foods,2017,OUT035,Tier 2,Small,Supermarket Type1,0.167725251,13.5,157.792,4.1,6,9.407766515
Low Fat,FDU52,Frozen Foods,2017,OUT035,Tier 2,Small,Supermarket Type1,0.111654545,15.3,103.533,4.1,6,9.272618504
Regular,FDH04,Frozen Foods,2017,OUT035,Tier 2,Small,Supermarket Type1,0.019912606,7.825,65.0826,4.1,6,32.6841198
Regular,FDI04,Frozen Foods,2017,OUT035,Tier 2,Small,Supermarket Type1,0.127660257,11.3,196.743,4.1,6,15.4114526
Regular,FDL28,Frozen Foods,2017,OUT035,Tier 2,Small,Supermarket Type1,0.063079544,14.8,190.085,4.1,6,30.13417472
Regular,FDQ40,Frozen Foods,2017,OUT035,Tier 2,Small,Supermarket Type1,0.063079544,6.195,121.31,4.1,6,19.23127409
Regular,FDR52,Frozen Foods,2017,OUT035,Tier 2,Small,Supermarket Type1,0.133144259,11.5,120.212,4.1,6,9.02870322
Regular,FDV16,Frozen Foods,2017,OUT035,Tier 2,Small,Supermarket Type1,0.145200948,17.7,186.027,4.1,6,12.81169321
Regular,FDX52,Frozen Foods,2017,OUT035,Tier 2,Small,Supermarket Type1,0.073541072,16.2,74.0696,4.1,6,10.07186841
Low Fat,FDT40,Frozen Foods,2017,OUT035,Tier 2,Small,Supermarket Type1,0.095795326,17.35,90.883,4.1,6,9.487206088
Low Fat,FDE29,Frozen Foods,2017,OUT035,Tier 2,Small,Supermarket Type1,0.143129124,17.75,185.224,4.1,6,12.94104196
Low Fat,FDO40,Frozen Foods,2017,OUT035,Tier 2,Small,Supermarket Type1,0.032628111,5.94,187.756,4.1,6,57.54424459
Low Fat,FDO16,Frozen Foods,2017,OUT035,Tier 2,Small,Supermarket Type1,0.015108194,7.05,225.309,4.1,6,149.1303329
Low Fat,FDN40,Frozen Foods,2017,OUT035,Tier 2,Small,Supermarket Type1,0.063079544,8.63,170.542,4.1,6,27.03602296
Low Fat,FDF16,Frozen Foods,2017,OUT035,Tier 2,Small,Supermarket Type1,0.086132373,16.75,103.767,4.1,6,12.04738664
Low Fat,FDK04,Frozen Foods,2017,OUT035,Tier 2,Small,Supermarket Type1,0.052312034,17,141.247,4.1,6,27.00086179
Low Fat,FDU04,Frozen Foods,2017,OUT035,Tier 2,Small,Supermarket Type1,0.063079544,5.88,101.799,4.1,6,16.13819529
Low Fat,FDJ16,Frozen Foods,2017,OUT035,Tier 2,Small,Supermarket Type1,0.114885647,20.5,82.8592,4.1,6,7.212319569
Low Fat,FDZ04,Frozen Foods,2017,OUT035,Tier 2,Small,Supermarket Type1,0.037955094,11.1,163.153,4.1,6,42.9857979
Low Fat,FDH16,Frozen Foods,2017,OUT035,Tier 2,Small,Supermarket Type1,0.052555346,20.35,234.096,4.1,6,44.54275689
Low Fat,FDJ53,Frozen Foods,2017,OUT035,Tier 2,Small,Supermarket Type1,0.071257912,9.3,153.131,4.1,6,21.48968384
Low Fat,FDD28,Frozen Foods,2017,OUT035,Tier 2,Small,Supermarket Type1,0.053296868,5.59,65.0168,4.1,6,12.19899075
Low Fat,FDF41,Frozen Foods,2017,OUT035,Tier 2,Small,Supermarket Type1,0.131179812,10,126.799,4.1,6,9.66604526
Low Fat,FDX40,Frozen Foods,2017,OUT035,Tier 2,Small,Supermarket Type1,0.098993139,10.5,143.715,4.1,6,14.51767279
Low Fat,FDB17,Frozen Foods,2017,OUT035,Tier 2,Small,Supermarket Type1,0.036672107,20.2,97.5752,4.1,6,26.60747036
Low Fat,FDP04,Frozen Foods,2017,OUT035,Tier 2,Small,Supermarket Type1,0.013812772,7.6,172.345,4.1,6,124.7722036
Low Fat,FDC41,Frozen Foods,2011,OUT010,Tier 3,Medium,Grocery Store,0.116913245,5,190.453,4.1,12,16.29011324
Low Fat,FDM28,Frozen Foods,2011,OUT010,Tier 3,Medium,Grocery Store,0.045203854,15.85,176.437,4.1,12,39.03140648
Low Fat,FDV40,Frozen Foods,2011,OUT010,Tier 3,Medium,Grocery Store,0.014691784,7.655,114.149,4.1,12,77.69580604
Low Fat,FDZ52,Frozen Foods,2011,OUT010,Tier 3,Medium,Grocery Store,0.100074524,15.85,93.3094,4.1,12,9.323991389
Low Fat,FDU40,Frozen Foods,2011,OUT010,Tier 3,Medium,Grocery Store,0.037403973,7.075,141.813,4.1,12,37.91388685
Regular,FDP40,Frozen Foods,2011,OUT010,Tier 3,Medium,Grocery Store,0.034357169,9.31,63.751,4.1,12,18.5553705
Regular,FDH04,Frozen Foods,2011,OUT010,Tier 3,Medium,Grocery Store,0.011372972,10,141.618,4.1,12,124.5215411
Regular,FDD41,Frozen Foods,2011,OUT010,Tier 3,Medium,Grocery Store,0.087260103,13.65,32.6558,4.1,12,3.74235176
Regular,FDM16,Frozen Foods,2011,OUT010,Tier 3,Medium,Grocery Store,0.033555399,17.7,95.541,4.1,12,28.47261628
Regular,FDI05,Frozen Foods,2011,OUT010,Tier 3,Medium,Grocery Store,0.126869718,18.25,226.206,4.1,12,17.82978662
Regular,FDG05,Frozen Foods,2011,OUT010,Tier 3,Medium,Grocery Store,0.087847141,10.895,133.528,4.1,12,15.20003935
Regular,FDA04,Frozen Foods,2011,OUT010,Tier 3,Medium,Grocery Store,0.066729996,16.35,50.8324,4.1,12,7.617623715
Regular,FDI04,Frozen Foods,2011,OUT010,Tier 3,Medium,Grocery Store,0.072912432,18.35,190.287,4.1,12,26.09801851
Regular,FDP28,Frozen Foods,2011,OUT010,Tier 3,Medium,Grocery Store,0.080640478,12.3,248.346,4.1,12,30.79669245
Regular,FDF28,Frozen Foods,2011,OUT010,Tier 3,Medium,Grocery Store,0.037864721,16.2,192.316,4.1,12,50.79028576
Regular,FDA40,Frozen Foods,2011,OUT010,Tier 3,High,Grocery Store,0.099271209,19.25,35.9558,4.1,12,3.62197664
Regular,FDY16,Frozen Foods,2011,OUT010,Tier 3,High,Grocery Store,0.092226754,8.155,188.453,4.1,12,20.43365855
Regular,FDI41,Frozen Foods,2011,OUT010,Tier 3,High,Grocery Store,0.062256921,15.25,85.3198,4.1,12,13.7044683
Regular,FDE17,Frozen Foods,2011,OUT010,Tier 3,High,Grocery Store,0.054455495,7.435,207.764,4.1,12,38.1529908
Low Fat,FDS52,Frozen Foods,2011,OUT010,Tier 3,High,Grocery Store,0.005474515,10.5,143.913,4.1,12,262.8780814
Low Fat,FDQ16,Frozen Foods,2011,OUT010,Tier 3,High,Grocery Store,0.041823046,18.2,241.42,4.1,12,57.72415524
Low Fat,FDY52,Frozen Foods,2011,OUT010,Tier 3,High,Grocery Store,0.007363189,20.2,194.611,4.1,12,264.3026004
Low Fat,FDR04,Frozen Foods,2011,OUT010,Tier 3,High,Grocery Store,0.022612742,9.1,173.405,4.1,12,76.6846409
Low Fat,FDD17,Frozen Foods,2011,OUT010,Tier 3,High,Grocery Store,0.03269312,14.8,110.857,4.1,12,33.90835748
Low Fat,FDE16,Frozen Foods,2011,OUT010,Tier 3,High,Grocery Store,0.026397141,13.65,188.024,4.1,12,71.22892589
Low Fat,FDZ04,Frozen Foods,2011,OUT010,Tier 3,High,Grocery Store,0.038032068,20.7,92.8436,4.1,12,24.41192522
Low Fat,FDE53,Frozen Foods,2011,OUT010,Tier 3,High,Grocery Store,0.026934673,19.75,179.766,4.1,12,66.74148225
Low Fat,FDF41,Frozen Foods,2011,OUT010,Tier 3,High,Grocery Store,0.131445848,9.195,101.002,4.1,12,7.683924714
Low Fat,FDG04,Frozen Foods,2011,OUT010,Tier 3,High,Grocery Store,0.006075007,19.1,147.542,4.1,12,242.8672099
Low Fat,FDI28,Frozen Foods,2011,OUT010,Tier 3,High,Grocery Store,0.026375082,9.5,194.245,4.1,12,73.6471644
Low Fat,FDT04,Frozen Foods,2011,OUT010,Tier 3,High,Grocery Store,0.107258822,17.6,111.32,4.1,12,10.37863347
Low Fat,FDF04,Frozen Foods,2011,OUT010,Tier 3,High,Grocery Store,0.013664703,20.35,82.7276,4.1,12,60.54108896
Low Fat,FDK52,Frozen Foods,2011,OUT010,Tier 3,High,Grocery Store,0.0793795,5.365,173.476,4.1,12,21.85400513
Low Fat,FDT40,Frozen Foods,2011,OUT010,Tier 3,High,Grocery Store,0.096337184,8.27,152.071,4.1,12,15.78528598
Low Fat,FDY52,Frozen Foods,2014,OUT013,Tier 3,High,Supermarket Type1,0.063079544,18.6,101.136,4.1,9,16.0330899
Low Fat,FDJ41,Frozen Foods,2014,OUT013,Tier 3,High,Supermarket Type1,0.023012718,6.15,99.4384,4.1,9,43.2101936
Low Fat,FDR04,Frozen Foods,2014,OUT013,Tier 3,High,Supermarket Type1,0.022694623,8.5,50.5324,4.1,9,22.26624342
Low Fat,FDF16,Frozen Foods,2014,OUT013,Tier 3,High,Supermarket Type1,0.086619573,6.38,179.534,4.1,9,20.7267242
Low Fat,FDE16,Frozen Foods,2014,OUT013,Tier 3,High,Supermarket Type1,0.026492726,17.6,89.3856,4.1,9,33.73967632
Low Fat,FDJ16,Frozen Foods,2014,OUT013,Tier 3,High,Supermarket Type1,0.115535487,6.365,59.9536,4.1,9,5.189193516
Low Fat,FDZ04,Frozen Foods,2014,OUT013,Tier 3,High,Supermarket Type1,0.038169783,14.3,79.4302,4.1,9,20.80970699
Low Fat,FDG53,Frozen Foods,2014,OUT013,Tier 3,High,Supermarket Type1,0.046116319,17.35,73.6038,4.1,9,15.96046727
Low Fat,FDJ53,Frozen Foods,2014,OUT013,Tier 3,High,Supermarket Type1,0.071660976,17.5,264.891,4.1,9,36.96447003
Low Fat,FDD28,Frozen Foods,2014,OUT013,Tier 3,High,Supermarket Type1,0.063079544,12.85,233.364,4.1,9,36.99519451
Low Fat,FDC17,Frozen Foods,2014,OUT013,Tier 3,High,Supermarket Type1,0.015548178,18.35,93.8462,4.1,9,60.35832623
Low Fat,FDD29,Frozen Foods,2014,OUT013,Tier 3,High,Supermarket Type1,0.018514652,20.7,38.7506,4.1,9,20.92969395
Low Fat,FDB17,Frozen Foods,2014,OUT013,Tier 3,High,Supermarket Type1,0.036879539,5.175,35.4874,4.1,9,9.622517245
Low Fat,FDG40,Frozen Foods,2014,OUT013,Tier 3,High,Supermarket Type1,0.040049609,20,110.254,4.1,9,27.5293574
Low Fat,FDK41,Frozen Foods,2014,OUT013,Tier 3,High,Supermarket Type1,0.12826315,20.75,149.473,4.1,9,11.65361992
Low Fat,FDQ52,Frozen Foods,2014,OUT013,Tier 3,High,Supermarket Type1,0.120060274,7.235,116.449,4.1,9,9.699211581
Low Fat,FDO40,Frozen Foods,2014,OUT013,Tier 3,High,Supermarket Type1,0.032812669,9.6,43.6086,4.1,9,13.29017155
Low Fat,FDT04,Frozen Foods,2014,OUT013,Tier 3,High,Supermarket Type1,0.10764721,11.3,194.248,4.1,9,18.04487083
Low Fat,FDF04,Frozen Foods,2014,OUT013,Tier 3,High,Supermarket Type1,0.013714183,13.15,178.269,4.1,9,129.9887861
Low Fat,FDI52,Frozen Foods,2014,OUT013,Tier 3,High,Supermarket Type1,0.10527024,14.85,254.87,4.1,9,24.21102108
Low Fat,FDD05,Frozen Foods,2014,OUT013,Tier 3,High,Supermarket Type1,0.016705436,12.15,63.0826,4.1,9,37.7617202
Regular,FDD41,Frozen Foods,2014,OUT013,Tier 3,High,Supermarket Type1,0.087437069,14.8,189.385,4.1,9,21.65957782
Regular,FDY28,Frozen Foods,2014,OUT013,Tier 3,High,Supermarket Type1,0.063079544,8.395,98.7042,4.1,9,15.64757665
Regular,FDV04,Frozen Foods,2014,OUT013,Tier 3,High,Supermarket Type1,0.150319469,17.85,211.956,4.1,9,14.10036913
Regular,FDS28,Frozen Foods,2014,OUT013,Tier 3,High,Supermarket Type1,0.082568705,18.6,161.024,4.1,9,19.50181973
Regular,FDT16,Frozen Foods,2014,OUT013,Tier 3,High,Supermarket Type1,0.048761046,9,36.119,4.1,9,7.40734725
Regular,FDS04,Frozen Foods,2014,OUT013,Tier 3,High,Supermarket Type1,0.146960375,16.2,154.697,4.1,9,10.52644293
Regular,FDA04,Frozen Foods,2014,OUT013,Tier 3,High,Supermarket Type1,0.066865326,12.15,34.5532,4.1,9,5.167581177
Regular,FDO52,Frozen Foods,2014,OUT013,Tier 3,High,Supermarket Type1,0.077321087,4.88,55.0298,4.1,9,7.117049454
Regular,FDH05,Frozen Foods,2014,OUT013,Tier 3,High,Supermarket Type1,0.091098018,8.315,143.344,4.1,9,15.73513927
Regular,FDY16,Frozen Foods,2014,OUT013,Tier 3,High,Supermarket Type1,0.092413792,8.38,110.557,4.1,9,11.96325761
Regular,FDX04,Frozen Foods,2014,OUT013,Tier 3,High,Supermarket Type1,0.041655865,20.7,214.688,4.1,9,51.53848084
Regular,FDN28,Frozen Foods,2014,OUT013,Tier 3,High,Supermarket Type1,0.030418998,8.18,58.1588,4.1,9,19.11923595
Regular,FDH04,Frozen Foods,2014,OUT013,Tier 3,High,Supermarket Type1,0.011437302,11.1,176.971,4.1,9,154.7314218
Regular,FDI05,Frozen Foods,2014,OUT013,Tier 3,High,Supermarket Type1,0.127587344,13.65,260.194,4.1,9,20.39340203
Regular,FDI53,Frozen Foods,2014,OUT013,Tier 3,High,Supermarket Type1,0.13842353,18.5,148.342,4.1,9,10.71653064
Regular,FDE05,Frozen Foods,2014,OUT013,Tier 3,High,Supermarket Type1,0.03263762,6.78,229.569,4.1,9,70.33876857
Regular,FDC05,Frozen Foods,2014,OUT013,Tier 3,High,Supermarket Type1,0.099343352,8.77,173.642,4.1,9,17.47897534
Regular,FDQ28,Frozen Foods,2014,OUT013,Tier 3,High,Supermarket Type1,0.060768862,10.3,187.853,4.1,9,30.91270658
Regular,FDH28,Frozen Foods,2014,OUT013,Tier 3,High,Supermarket Type1,0.110653377,11.1,165.153,4.1,9,14.92525619
Regular,FDA28,Frozen Foods,2014,OUT013,Tier 3,High,Supermarket Type1,0.04807227,11.85,164.653,4.1,9,34.25113896
Regular,FDX04,Frozen Foods,2014,OUT013,Tier 3,High,Supermarket Type1,0.041806702,12.5,83.0592,4.1,9,19.86743657
Regular,FDV52,Frozen Foods,2014,OUT013,Tier 3,High,Supermarket Type1,0.122208091,16.5,101.433,4.1,9,8.300023278
Regular,FDI40,Frozen Foods,2014,OUT013,Tier 3,High,Supermarket Type1,0.125857678,16.7,180.398,4.1,9,14.33349184
Regular,FDI41,Frozen Foods,2014,OUT013,Tier 3,High,Supermarket Type1,0.062609071,18.6,48.8376,4.1,9,7.800403235
Low Fat,FDJ16,Frozen Foods,2014,OUT013,Tier 3,High,Supermarket Type1,0.114863923,5.78,264.957,4.1,9,23.06703385
Low Fat,FDJ41,Frozen Foods,2014,OUT013,Tier 3,High,Supermarket Type1,0.022878953,10.695,74.0038,4.1,9,32.34579834
Low Fat,FDD17,Frozen Foods,2014,OUT013,Tier 3,High,Supermarket Type1,0.063079544,17.6,97.341,4.1,9,15.43146856
Low Fat,FDH41,Frozen Foods,2014,OUT013,Tier 3,High,Supermarket Type1,0.081996013,8.27,185.992,4.1,9,22.68305411
Low Fat,FDC17,Frozen Foods,2022,OUT018,Tier 3,Medium,Supermarket Type2,0.015457803,12.3,33.9874,4.1,1,21.98721254
Low Fat,FDG52,Frozen Foods,2022,OUT018,Tier 3,Medium,Supermarket Type2,0.065618434,7.68,193.316,4.1,1,29.46062382
Low Fat,FDM52,Frozen Foods,2022,OUT018,Tier 3,Medium,Supermarket Type2,0.025988508,10.5,159.695,4.1,1,61.448314
Low Fat,FDQ52,Frozen Foods,2022,OUT018,Tier 3,Medium,Supermarket Type2,0.119362409,20.6,149.239,4.1,1,12.50301508
Low Fat,FDV40,Frozen Foods,2022,OUT018,Tier 3,Medium,Supermarket Type2,0.014689006,13.6,177.937,4.1,1,121.1361749
Low Fat,FDF05,Frozen Foods,2022,OUT018,Tier 3,Medium,Supermarket Type2,0.026865809,11.65,149.802,4.1,1,55.75934825
Low Fat,FDG29,Frozen Foods,2022,OUT018,Tier 3,Medium,Supermarket Type2,0.056281276,14.85,142.381,4.1,1,25.29811158
Low Fat,FDX16,Frozen Foods,2022,OUT018,Tier 3,Medium,Supermarket Type2,0.065797601,20.5,109.46,4.1,1,16.63586489
Low Fat,FDL04,Frozen Foods,2022,OUT018,Tier 3,Medium,Supermarket Type2,0.111902259,20.85,180.066,4.1,1,16.09136416
Low Fat,FDZ52,Frozen Foods,2022,OUT018,Tier 3,Medium,Supermarket Type2,0.100055601,15.85,177.437,4.1,1,17.73383981
Low Fat,FDU40,Frozen Foods,2022,OUT018,Tier 3,Medium,Supermarket Type2,0.037396901,17.85,196.079,4.1,1,52.43188466
Regular,FDP40,Frozen Foods,2022,OUT018,Tier 3,Medium,Supermarket Type2,0.034350673,15.6,128.199,4.1,1,37.32066618
Regular,FDR16,Frozen Foods,2022,OUT018,Tier 3,Medium,Supermarket Type2,0.104998144,12.5,119.144,4.1,1,11.3472482
Regular,FDV04,Frozen Foods,2022,OUT018,Tier 3,Medium,Supermarket Type2,0.149986868,17.25,77.2986,4.1,1,5.153691188
Regular,FDI53,Frozen Foods,2022,OUT018,Tier 3,Medium,Supermarket Type2,0.137618927,6.055,159.692,4.1,1,11.60392713
Regular,FDX52,Frozen Foods,2022,OUT018,Tier 3,Medium,Supermarket Type2,0.041994624,7.785,62.751,4.1,1,14.94262694
Regular,FDC05,Frozen Foods,2022,OUT018,Tier 3,Medium,Supermarket Type2,0.098765906,12.1,178.5,4.1,1,18.07303828
Regular,FDI04,Frozen Foods,2022,OUT018,Tier 3,Medium,Supermarket Type2,0.072898645,13.1,173.905,4.1,1,23.85572462
Regular,FDP28,Frozen Foods,2022,OUT018,Tier 3,Medium,Supermarket Type2,0.08062523,14,216.619,4.1,1,26.86739622
Regular,FDR28,Frozen Foods,2022,OUT018,Tier 3,Medium,Supermarket Type2,0.025891588,16.7,109.191,4.1,1,42.17238433
Regular,FDW40,Frozen Foods,2022,OUT018,Tier 3,Medium,Supermarket Type2,0.105125569,17,170.911,4.1,1,16.25779548
Regular,FDH28,Frozen Foods,2022,OUT018,Tier 3,Medium,Supermarket Type2,0.110010191,19.75,188.087,4.1,1,17.0972342
Regular,FDA28,Frozen Foods,2022,OUT018,Tier 3,Medium,Supermarket Type2,0.047792845,5.88,154.202,4.1,1,32.26466221
Regular,FDV28,Frozen Foods,2022,OUT018,Tier 3,Medium,Supermarket Type2,0.159698192,11,100.336,4.1,1,6.282851342
Regular,FDB41,Frozen Foods,2022,OUT018,Tier 3,Medium,Supermarket Type2,0.097294728,11.8,81.7618,4.1,1,8.40351802
Low Fat,FDW28,Frozen Foods,2022,OUT018,Tier 3,Medium,Supermarket Type2,0.148673586,16.2,183.761,4.1,1,12.36003011
Low Fat,FDK28,Frozen Foods,2022,OUT018,Tier 3,Medium,Supermarket Type2,0.109784056,18.35,194.016,4.1,1,17.67251157
Low Fat,FDK40,Frozen Foods,2022,OUT018,Tier 3,Medium,Supermarket Type2,0.063079544,5.945,129.365,4.1,1,20.50823322
Low Fat,FDD17,Frozen Foods,2022,OUT018,Tier 3,Medium,Supermarket Type2,0.054610829,9,170.247,4.1,1,31.17458627
Low Fat,FDM28,Frozen Foods,2022,OUT018,Tier 3,Medium,Supermarket Type2,0.075661985,15.1,139.85,4.1,1,18.48352247
Low Fat,FDO40,Frozen Foods,2022,OUT018,Tier 3,Medium,Supermarket Type2,0.054612768,15.25,130.997,4.1,1,23.98651539
Low Fat,FDX16,Frozen Foods,2022,OUT018,Tier 3,Medium,Supermarket Type2,0.110152524,10.895,50.2666,4.1,1,4.563363432
Regular,FDE28,Frozen Foods,2022,OUT018,Tier 3,Medium,Supermarket Type2,0.221856492,9.195,183.663,4.1,1,8.278459573
Regular,FDW40,Frozen Foods,2022,OUT018,Tier 3,Medium,Supermarket Type2,0.175991929,16.85,145.276,4.1,1,8.254696725
Regular,FDB41,Frozen Foods,2022,OUT018,Tier 3,Medium,Supermarket Type2,0.162882227,16.1,189.085,4.1,1,11.60869442
Regular,FDH53,Frozen Foods,2022,OUT018,Tier 3,Medium,Supermarket Type2,0.032136417,18,178.369,4.1,1,55.5036985
Regular,FDL52,Frozen Foods,2022,OUT018,Tier 3,Medium,Supermarket Type2,0.077145553,4.88,53.3298,4.1,1,6.912880643
Low Fat,FDC17,Frozen Foods,2022,OUT018,Tier 3,Medium,Supermarket Type2,0.01544786,5.26,165.487,4.1,1,107.126165
Low Fat,FDQ16,Frozen Foods,2022,OUT018,Tier 3,Medium,Supermarket Type2,0.041703666,7.855,36.2848,4.1,1,8.700625983
Low Fat,FDO28,Frozen Foods,2022,OUT018,Tier 3,Medium,Supermarket Type2,0.072238195,20.85,87.2514,4.1,1,12.07829182
Low Fat,FDN40,Frozen Foods,2022,OUT018,Tier 3,Medium,Supermarket Type2,0.086384841,5.94,188.056,4.1,1,21.76956024
Low Fat,FDR04,Frozen Foods,2022,OUT018,Tier 3,Medium,Supermarket Type2,0.022548195,11.8,117.083,4.1,1,51.92566412
Low Fat,FDF16,Frozen Foods,2022,OUT018,Tier 3,Medium,Supermarket Type2,0.086060695,6.865,244.149,4.1,1,28.36939674
Low Fat,FDD17,Frozen Foods,2022,OUT018,Tier 3,Medium,Supermarket Type2,0.032599801,9.195,50.7666,4.1,1,15.57267175
Low Fat,FDC53,Frozen Foods,2022,OUT018,Tier 3,Medium,Supermarket Type2,0.008828341,12.15,164.155,4.1,1,185.9409373
Low Fat,FDK16,Frozen Foods,2022,OUT018,Tier 3,Medium,Supermarket Type2,0.115233813,10.395,227.935,4.1,1,19.7802185
Low Fat,FDL16,Frozen Foods,2022,OUT018,Tier 3,Medium,Supermarket Type2,0.168312678,15.1,134.494,4.1,1,7.990723076
Low Fat,FDX40,Frozen Foods,2022,OUT018,Tier 3,Medium,Supermarket Type2,0.098910759,5.095,142.484,4.1,1,14.40530853
Low Fat,FDS40,Frozen Foods,2022,OUT018,Tier 3,Medium,Supermarket Type2,0.014007727,13.35,179.766,4.1,1,128.3334548
Low Fat,FDF04,Frozen Foods,2022,OUT018,Tier 3,Medium,Supermarket Type2,0.063079544,15.5,147.242,4.1,1,23.342274
Low Fat,FDX16,Frozen Foods,2022,OUT018,Tier 3,Medium,Supermarket Type2,0.06575528,17.6,98.041,4.1,1,14.90998137
Regular,FDD41,Frozen Foods,2022,OUT018,Tier 3,Medium,Supermarket Type2,0.087187488,9.5,185.79,4.1,1,21.30925024
Regular,FDY28,Frozen Foods,2018,OUT027,Tier 3,Medium,Supermarket Type3,0.152024355,12.6,148.705,4.1,5,9.781656367
Regular,FDR40,Frozen Foods,2018,OUT027,Tier 3,Medium,Supermarket Type3,0.008027701,12.6,121.91,4.1,5,151.86166
Regular,FDL28,Frozen Foods,2018,OUT027,Tier 3,Medium,Supermarket Type3,0.063121982,12.6,37.8822,4.1,5,6.001427522
Regular,FDO52,Frozen Foods,2018,OUT027,Tier 3,Medium,Supermarket Type3,0.077100381,12.6,156.231,4.1,5,20.26332399
Regular,FDJ40,Frozen Foods,2018,OUT027,Tier 3,Medium,Supermarket Type3,0.049547993,12.6,108.925,4.1,5,21.98373605
Regular,FDI16,Frozen Foods,2018,OUT027,Tier 3,Medium,Supermarket Type3,0.135662712,12.6,217.082,4.1,5,16.00159667
Regular,FDF29,Frozen Foods,2018,OUT027,Tier 3,Medium,Supermarket Type3,0.019917598,12.6,51.6008,4.1,5,25.90714001
Regular,FDY40,Frozen Foods,2018,OUT027,Tier 3,Medium,Supermarket Type3,0.085763562,12.6,146.608,4.1,5,17.09443924
Regular,FDV28,Frozen Foods,2018,OUT027,Tier 3,Medium,Supermarket Type3,0.159595473,12.6,39.1164,4.1,5,2.450971777
Regular,FDW16,Frozen Foods,2018,OUT027,Tier 3,Medium,Supermarket Type3,0.041439718,12.6,111.023,4.1,5,26.7914468
Low Fat,FDT40,Frozen Foods,2018,OUT027,Tier 3,Medium,Supermarket Type3,0.096185556,12.6,179.434,4.1,5,18.65498391
Low Fat,FDO16,Frozen Foods,2018,OUT027,Tier 3,Medium,Supermarket Type3,0.015169739,12.6,161.492,4.1,5,106.4566767
Low Fat,FDU52,Frozen Foods,2018,OUT027,Tier 3,Medium,Supermarket Type3,0.064030636,12.6,101.667,4.1,5,15.87786821
Low Fat,FDE16,Frozen Foods,2018,OUT027,Tier 3,Medium,Supermarket Type3,0.026451028,12.6,84.5882,4.1,5,31.97917298
Low Fat,FDO04,Frozen Foods,2018,OUT027,Tier 3,Medium,Supermarket Type3,0.026645307,12.6,125.668,4.1,5,47.1632772
Low Fat,FDL40,Frozen Foods,2018,OUT027,Tier 3,Medium,Supermarket Type3,0.011660463,12.6,44.4112,4.1,5,38.08699534
Low Fat,FDJ04,Frozen Foods,2018,OUT027,Tier 3,Medium,Supermarket Type3,0.124959013,12.6,260.991,4.1,5,20.88612848
Low Fat,FDW28,Frozen Foods,2018,OUT027,Tier 3,Medium,Supermarket Type3,0.089186083,12.6,65.8826,4.1,5,7.38709424
Regular,FDN28,Frozen Foods,2018,OUT027,Tier 3,Medium,Supermarket Type3,0.030371121,12.6,143.047,4.1,5,47.09967735
Regular,FDS28,Frozen Foods,2018,OUT027,Tier 3,Medium,Supermarket Type3,0.082737261,12.6,106.694,4.1,5,12.89551995
Regular,FDS04,Frozen Foods,2018,OUT027,Tier 3,Medium,Supermarket Type3,0.063079544,12.6,52.4982,4.1,5,8.322539554
Regular,FDI40,Frozen Foods,2018,OUT027,Tier 3,Medium,Supermarket Type3,0.126114605,12.6,59.822,4.1,5,4.743463297
Regular,FDX52,Frozen Foods,2018,OUT027,Tier 3,Medium,Supermarket Type3,0.042173667,12.6,147.742,4.1,5,35.03181262
Regular,FDH40,Frozen Foods,2018,OUT027,Tier 3,Medium,Supermarket Type3,0.079251097,12.6,87.3882,4.1,5,11.02674957
Regular,FDO52,Frozen Foods,2018,OUT027,Tier 3,Medium,Supermarket Type3,0.077478931,12.6,89.4146,4.1,5,11.54050512
Regular,FDN04,Frozen Foods,2018,OUT027,Tier 3,Medium,Supermarket Type3,0.014144442,12.6,143.91,4.1,5,101.7431441
Regular,FDC05,Frozen Foods,2018,OUT027,Tier 3,Medium,Supermarket Type3,0.099186992,12.6,120.744,4.1,5,12.17337048
Regular,FDP28,Frozen Foods,2018,OUT027,Tier 3,Medium,Supermarket Type3,0.080968973,12.6,59.422,4.1,5,7.338860529
Regular,FDW40,Frozen Foods,2018,OUT027,Tier 3,Medium,Supermarket Type3,0.105573769,12.6,91.8488,4.1,5,8.699964098
Regular,FDS16,Frozen Foods,2018,OUT027,Tier 3,Medium,Supermarket Type3,0.066446521,12.6,215.522,4.1,5,32.43540772
Regular,FDY40,Frozen Foods,2018,OUT027,Tier 3,Medium,Supermarket Type3,0.086184647,12.6,88.254,4.1,5,10.24010692
Regular,FDH28,Frozen Foods,2018,OUT027,Tier 3,Medium,Supermarket Type3,0.110479217,12.6,124.37,4.1,5,11.25732091
Regular,FDA28,Frozen Foods,2018,OUT027,Tier 3,Medium,Supermarket Type3,0.047996608,12.6,125.736,4.1,5,26.19685124
Regular,FDV28,Frozen Foods,2018,OUT027,Tier 3,Medium,Supermarket Type3,0.160379061,12.6,178.134,4.1,5,11.10706091
Regular,FDY04,Frozen Foods,2018,OUT027,Tier 3,Medium,Supermarket Type3,0.042649476,12.6,176.871,4.1,5,41.47084949
Regular,FDI41,Frozen Foods,2018,OUT027,Tier 3,Medium,Supermarket Type3,0.062510529,12.6,59.2588,4.1,5,9.479810993
Regular,FDX04,Frozen Foods,2018,OUT027,Tier 3,Medium,Supermarket Type3,0.041740902,12.6,223.809,4.1,5,53.61863047
Regular,FDE04,Frozen Foods,2018,OUT027,Tier 3,Medium,Supermarket Type3,0.018096488,12.6,188.256,4.1,5,104.0290249
Regular,FDV52,Frozen Foods,2018,OUT027,Tier 3,Medium,Supermarket Type3,0.122015744,12.6,130.997,4.1,5,10.73607353
Low Fat,FDC28,Frozen Foods,2018,OUT027,Tier 3,Medium,Supermarket Type3,0.054720642,12.6,168.645,4.1,5,30.81926561
Low Fat,FDC41,Frozen Foods,2018,OUT027,Tier 3,Medium,Supermarket Type3,0.116347087,12.6,107.825,4.1,5,9.267528976
Low Fat,FDD53,Frozen Foods,2018,OUT027,Tier 3,Medium,Supermarket Type3,0.044008347,12.6,85.354,4.1,5,19.39495705
Low Fat,FDE16,Frozen Foods,2018,OUT027,Tier 3,Medium,Supermarket Type3,0.026216144,12.6,231.896,4.1,5,88.45541892
Low Fat,FDE29,Frozen Foods,2018,OUT027,Tier 3,Medium,Supermarket Type3,0.142436015,12.6,59.8904,4.1,5,4.204723082
Low Fat,FDF05,Frozen Foods,2018,OUT027,Tier 3,Medium,Supermarket Type3,0.026740767,12.6,110.991,4.1,5,41.50628888
Low Fat,FDF41,Frozen Foods,2018,OUT027,Tier 3,Medium,Supermarket Type3,0.130544568,12.6,107.762,4,5,8.254805363
Low Fat,FDG40,Frozen Foods,2012,OUT049,Tier 1,Medium,Supermarket Type1,0.039631495,11.8,45.5402,4,11,11.49091146
Low Fat,FDJ28,Frozen Foods,2016,OUT046,Tier 1,Small,Supermarket Type1,0.063079544,9,56.3614,4,7,8.934972643
Low Fat,FDJ53,Frozen Foods,2014,OUT013,Tier 3,High,Supermarket Type1,0.070912843,11.65,39.1164,4,9,5.516123504
Low Fat,FDK04,Frozen Foods,2015,OUT045,Tier 2,Small,Supermarket Type1,0.052058711,10,265.223,4,8,50.94690109
Low Fat,FDK16,Frozen Foods,2014,OUT013,Tier 3,High,Supermarket Type1,0.114771298,9.895,117.049,4,9,10.19845571
Low Fat,FDK40,Frozen Foods,2020,OUT017,Tier 2,Small,Supermarket Type1,0.021743592,10.895,196.379,4,3,90.31580431
Low Fat,FDL40,Frozen Foods,2015,OUT045,Tier 2,Small,Supermarket Type1,0.011556919,7.97,87.3514,4,8,75.58363955
Low Fat,FDO28,Frozen Foods,2018,OUT019,Tier 1,Small,Grocery Store,0.071948252,12.6,51.0692,4,5,7.098045968
Low Fat,FDP04,Frozen Foods,2015,OUT045,Tier 2,Small,Supermarket Type1,0.013745883,13.65,186.024,4,8,135.3307023
Low Fat,FDQ52,Frozen Foods,2016,OUT046,Tier 1,Small,Supermarket Type1,0.118806857,15.6,170.176,4,7,14.32375237
Low Fat,FDS40,Frozen Foods,2018,OUT019,Tier 1,Small,Grocery Store,0.013951504,12.6,120.041,4,5,86.0416196
Low Fat,FDS52,Frozen Foods,2016,OUT046,Tier 1,Small,Supermarket Type1,0.005448005,8.75,187.856,4,7,344.8161299
Regular,FDA04,Frozen Foods,2014,OUT013,Tier 3,High,Supermarket Type1,0.066406853,14.15,41.4138,4,9,6.23637443
Regular,FDG17,Frozen Foods,2015,OUT045,Tier 2,Small,Supermarket Type1,0.035666655,9.1,173.205,4,8,48.56216542
Regular,FDH52,Frozen Foods,2020,OUT017,Tier 2,Small,Supermarket Type1,0.043690499,15.2,216.882,4,3,49.64054084
Regular,FDI04,Frozen Foods,2017,OUT035,Tier 2,Small,Supermarket Type1,0.072559351,14.5,164.821,4,6,22.71533548
Regular,FDP52,Frozen Foods,2015,OUT045,Tier 2,Small,Supermarket Type1,0.070349402,11.1,157.46,4,8,22.3825641
Regular,FDR52,Frozen Foods,2011,OUT010,Tier 3,Small,Grocery Store,0.075676339,15.5,81.5934,4,12,10.78189049
Regular,FDS16,Frozen Foods,2018,OUT027,Tier 3,Medium,Supermarket Type3,0.063079544,12.6,192.885,4,5,30.57805871
Regular,FDU28,Frozen Foods,2014,OUT013,Tier 3,High,Supermarket Type1,0.093463546,12,179.398,4,9,19.19443544
Regular,FDV28,Frozen Foods,2018,OUT019,Tier 1,Small,Grocery Store,0.158954903,12.6,41.5796,4,5,2.615811102
Regular,FDW52,Frozen Foods,2016,OUT046,Tier 1,Small,Supermarket Type1,0.037340835,8.985,128.831,4,7,34.50137095
Regular,FDZ16,Frozen Foods,2018,OUT019,Tier 1,Small,Grocery Store,0.159081735,12.6,76.867,4,5,4.831918636
Regular,FDX32,Fruits and Vegetables,2016,OUT046,Tier 1,Small,Supermarket Type1,0.1000135,7.97,174.042,4,7,17.40185075
Low Fat,FDW20,Fruits and Vegetables,2018,OUT027,Tier 3,Medium,Supermarket Type3,0.024129332,12.6,166.082,4,5,68.82992036
Low Fat,FDL20,Fruits and Vegetables,2014,OUT013,Tier 3,High,Supermarket Type1,0.128937661,6.785,41.2112,4,9,3.19621123
Regular,FDB57,Fruits and Vegetables,2022,OUT018,Tier 3,Medium,Supermarket Type2,0.018801549,19.5,178.6,4,1,94.99217325
Low Fat,FDJ56,Fruits and Vegetables,2020,OUT017,Tier 2,Small,Supermarket Type1,0.182514881,6.635,37.4506,4,3,2.051920358
Regular,FDZ07,Fruits and Vegetables,2012,OUT049,Tier 1,Medium,Supermarket Type1,0.058778429,13.8,230.098,4,11,39.14667403
Regular,FDO19,Fruits and Vegetables,2016,OUT046,Tier 1,Small,Supermarket Type1,0.016516275,19,211.024,4,7,127.7673083
Low Fat,FDY07,Fruits and Vegetables,2014,OUT013,Tier 3,High,Supermarket Type1,0.121848436,16,223.84,4,9,18.370363
Low Fat,FDB09,Fruits and Vegetables,2017,OUT035,Tier 2,Small,Supermarket Type1,0.057485328,10.3,101.004,4,6,17.5703964
Regular,FDQ08,Fruits and Vegetables,2014,OUT013,Tier 3,High,Supermarket Type1,0.018838681,15,140.384,4,9,74.51901755
Low Fat,FDV07,Fruits and Vegetables,2014,OUT013,Tier 3,High,Supermarket Type1,0.031331581,8.325,38.7138,4,9,12.35615911
Low Fat,FDT20,Fruits and Vegetables,2017,OUT035,Tier 2,Small,Supermarket Type1,0.041459804,8.695,93.4094,4,6,22.53011133
Low Fat,FDC44,Fruits and Vegetables,2011,OUT010,Tier 3,Small,Grocery Store,0.058778429,21.35,258.328,4,12,43.94945636
Low Fat,FDE09,Fruits and Vegetables,2018,OUT027,Tier 3,Medium,Supermarket Type3,0.037824735,12.6,90.0804,4,5,23.81520981
Low Fat,FDS55,Fruits and Vegetables,2011,OUT010,Tier 3,Medium,Grocery Store,0.142107998,10.895,263.457,4,12,18.53920988
Low Fat,FDZ56,Fruits and Vegetables,2020,OUT017,Tier 2,Medium,Supermarket Type1,0.04506213,19,227.772,4,3,50.54621253
Regular,FDF56,Fruits and Vegetables,2016,OUT046,Tier 1,Small,Supermarket Type1,0.209162936,16.6,173.374,4,7,8.288944653
Low Fat,FDI45,Fruits and Vegetables,2014,OUT013,Tier 3,High,Supermarket Type1,0.037581243,10,138.718,4,9,36.91149864
Low Fat,FDZ20,Fruits and Vegetables,2012,OUT049,Tier 1,Medium,Supermarket Type1,0.034306962,5.63,105.331,4,11,30.70251455
Low Fat,FDY31,Fruits and Vegetables,2022,OUT018,Tier 3,Medium,Supermarket Type2,0.043651198,12.15,212.093,4,1,48.5881281
Low Fat,FDT20,Fruits and Vegetables,2017,OUT035,Tier 2,Small,Supermarket Type1,0.041479396,17.1,114.586,4,6,27.62479955
Low Fat,FDI45,Fruits and Vegetables,2017,OUT035,Tier 2,Small,Supermarket Type1,0.037657459,14.3,98.1726,4,6,26.06989494
Low Fat,FDG57,Fruits and Vegetables,2020,OUT017,Tier 2,Medium,Supermarket Type1,0.072444983,8.18,143.815,4,3,19.85161623
Low Fat,FDN32,Fruits and Vegetables,2012,OUT049,Tier 1,Medium,Supermarket Type1,0.015591925,8.1,39.448,4,11,25.30027562
Low Fat,FDX19,Fruits and Vegetables,2022,OUT018,Tier 3,Medium,Supermarket Type2,0.096929994,8.355,148.542,4,1,15.32466823
Low Fat,FDP20,Fruits and Vegetables,2016,OUT046,Tier 1,Small,Supermarket Type1,0.045761855,10.1,224.409,4,7,49.03844042
Low Fat,FDB20,Fruits and Vegetables,2022,OUT018,Tier 3,Medium,Supermarket Type2,0.052274691,8.75,187.656,4,1,35.89806011
Low Fat,FDP56,Fruits and Vegetables,2022,OUT018,Tier 3,Medium,Supermarket Type2,0.046747071,19.6,89.6514,4,1,19.1779716
Low Fat,FDT43,Fruits and Vegetables,2022,OUT018,Tier 3,Medium,Supermarket Type2,0.020664178,5.845,214.422,4,1,103.765076
Regular,FDQ19,Fruits and Vegetables,2022,OUT018,Tier 3,Medium,Supermarket Type2,0.014394261,7.17,132.197,4,1,91.84007432
Regular,FDM08,Fruits and Vegetables,2020,OUT017,Tier 2,Medium,Supermarket Type1,0.053692878,5.75,114.718,4,3,21.36558968
Regular,FDU19,Fruits and Vegetables,2012,OUT049,Tier 1,Medium,Supermarket Type1,0.047036036,5.32,101.467,4,11,21.57218351
Regular,FDE56,Fruits and Vegetables,2020,OUT017,Tier 2,Medium,Supermarket Type1,0.160095901,17.6,237.159,4,3,14.81355853
Regular,FDW31,Fruits and Vegetables,2016,OUT046,Tier 1,Small,Supermarket Type1,0.043402224,20,127.368,4,7,29.34596163
Regular,FDR55,Fruits and Vegetables,2018,OUT027,Tier 3,Medium,Supermarket Type3,0.13283066,12.6,172.111,4,5,12.95717419
Low Fat,FDZ44,Fruits and Vegetables,2015,OUT045,Tier 2,Medium,Supermarket Type1,0.038721734,12.35,48.5692,4,8,12.54313663
Low Fat,FDO44,Fruits and Vegetables,2014,OUT013,Tier 3,High,Supermarket Type1,0.087436672,16,45.5718,4,9,5.211977876
Regular,FDQ08,Fruits and Vegetables,2012,OUT049,Tier 1,Medium,Supermarket Type1,0.018926773,20.35,127.668,4,11,67.45365414
Regular,FDV20,Fruits and Vegetables,2017,OUT035,Tier 2,Small,Supermarket Type1,0.059790095,18.5,144.21,4,6,24.11937964
Low Fat,FDV31,Fruits and Vegetables,2015,OUT045,Tier 2,Medium,Supermarket Type1,0.178622919,7.565,54.793,4,8,3.067523491
Low Fat,FDF32,Fruits and Vegetables,2016,OUT046,Tier 1,Small,Supermarket Type1,0.113953562,17.6,111.72,4,7,9.803993665
Regular,FDW07,Fruits and Vegetables,2018,OUT027,Tier 3,Medium,Supermarket Type3,0.238831875,12.6,120.31,4,5,5.037434806
Low Fat,FDJ32,Fruits and Vegetables,2017,OUT035,Tier 2,Small,Supermarket Type1,0.057744249,5.46,184.824,4,6,32.00734328
Low Fat,FDM56,Fruits and Vegetables,2018,OUT027,Tier 3,Medium,Supermarket Type3,0.070133177,12.6,180.866,4,5,25.78893581
Low Fat,FDB45,Fruits and Vegetables,2015,OUT045,Tier 2,Medium,Supermarket Type1,0.021312043,13.35,180.266,4,8,84.58410111
Regular,FDD21,Fruits and Vegetables,2017,OUT035,Tier 2,Small,Supermarket Type1,0.058778429,5.15,125.639,4,6,21.37501838
Regular,FDO20,Fruits and Vegetables,2012,OUT049,Tier 1,Medium,Supermarket Type1,0.152001201,12.65,238.954,4,11,15.72053368
Regular,FDC21,Fruits and Vegetables,2022,OUT018,Tier 3,Medium,Supermarket Type2,0.042923071,15.2,110.991,4,1,25.85812185
Regular,FDV19,Fruits and Vegetables,2011,OUT010,Tier 3,Medium,Grocery Store,0.035227697,19.35,47.1034,4,12,13.3711267
Regular,FDW43,Fruits and Vegetables,2022,OUT018,Tier 3,Medium,Supermarket Type2,0.022406575,8.1,211.89,4,1,94.56599235
Low Fat,FDE08,Fruits and Vegetables,2018,OUT027,Tier 3,Medium,Supermarket Type3,0.049520593,12.6,145.142,4,5,29.30942285
Low Fat,FDQ44,Fruits and Vegetables,2014,OUT013,Tier 3,High,Supermarket Type1,0.036287517,19.35,121.51,4,9,33.48534429
Regular,FDH56,Fruits and Vegetables,2016,OUT046,Tier 1,Small,Supermarket Type1,0.06407717,20.75,161.758,4,7,25.24424846
Regular,FDX31,Fruits and Vegetables,2018,OUT027,Tier 3,Medium,Supermarket Type3,0.014885998,12.6,152.337,4,5,102.3357655
Low Fat,FDD33,Fruits and Vegetables,2012,OUT049,Tier 1,Medium,Supermarket Type1,0.058778429,15.5,107.294,4,11,18.25397545
Low Fat,FDW20,Fruits and Vegetables,2012,OUT049,Tier 1,Medium,Supermarket Type1,0.024032484,8.895,177.437,4,11,73.83215152
Regular,FDT19,Fruits and Vegetables,2012,OUT049,Tier 1,Medium,Supermarket Type1,0.144338493,6.425,115.681,4,11,8.014563378
Regular,FDW19,Fruits and Vegetables,2012,OUT049,Tier 1,Medium,Supermarket Type1,0.038313981,7.405,89.7146,4,11,23.41562992
Regular,FDE20,Fruits and Vegetables,2012,OUT049,Tier 1,Medium,Supermarket Type1,0.005530516,8.355,146.542,4,11,264.9698509
Regular,FDO20,Fruits and Vegetables,2012,OUT049,Tier 1,Medium,Supermarket Type1,0.058778429,7.075,143.013,4,11,24.33086464
Low Fat,FDZ20,Fruits and Vegetables,2012,OUT049,Tier 1,Medium,Supermarket Type1,0.034376537,11.6,56.1272,4,11,16.32718269
Regular,FDY56,Fruits and Vegetables,2012,OUT049,Tier 1,Medium,Supermarket Type1,0.062411404,11.85,98.0726,4,11,15.71389101
Low Fat,FDP19,Fruits and Vegetables,2012,OUT049,Tier 1,Medium,Supermarket Type1,0.058778429,13.1,76.0354,4,11,12.93593607
Low Fat,FDF20,Fruits and Vegetables,2012,OUT049,Tier 1,Medium,Supermarket Type1,0.033271818,19.6,46.5718,4,11,13.99737159
Regular,FDE20,Fruits and Vegetables,2012,OUT049,Tier 1,Medium,Supermarket Type1,0.005539114,10.5,121.31,4,11,219.0061443
Regular,FDP31,Fruits and Vegetables,2012,OUT049,Tier 1,Medium,Supermarket Type1,0.161504957,17.5,261.291,4,11,16.17851271
Regular,FDZ32,Fruits and Vegetables,2012,OUT049,Tier 1,Medium,Supermarket Type1,0.038210084,18.7,122.107,4,11,31.95674733
Low Fat,FDF20,Fruits and Vegetables,2012,OUT049,Tier 1,Medium,Supermarket Type1,0.055603753,10.895,130.328,4,11,23.43870566
Regular,FDR20,Fruits and Vegetables,2012,OUT049,Tier 1,Medium,Supermarket Type1,0.028238317,11.65,188.224,4,11,66.6555305
Regular,FDK32,Fruits and Vegetables,2012,OUT049,Tier 1,Medium,Supermarket Type1,0.048738407,12.8,117.749,4,11,24.15938625
Low Fat,FDT44,Fruits and Vegetables,2012,OUT049,Tier 1,Medium,Supermarket Type1,0.103195401,19.75,117.247,4,11,11.36164973
Low Fat,FDD08,Fruits and Vegetables,2012,OUT049,Tier 1,Medium,Supermarket Type1,0.03532494,4.61,172.44,4,11,48.81536954
Low Fat,FDH32,Fruits and Vegetables,2012,OUT049,Tier 1,Medium,Supermarket Type1,0.076214289,15.7,42.577,4,11,5.586485232
Regular,FDO20,Fruits and Vegetables,2012,OUT049,Tier 1,Medium,Supermarket Type1,0.152099033,9.6,189.221,4,11,12.44064451
Regular,FDC57,Fruits and Vegetables,2012,OUT049,Tier 1,Medium,Supermarket Type1,0.054584207,11.8,80.8618,4,11,14.81413846
Regular,FDH44,Fruits and Vegetables,2012,OUT049,Tier 1,Medium,Supermarket Type1,0.025912378,13.5,33.3874,4,11,12.88473022
Low Fat,FDB08,Fruits and Vegetables,2012,OUT049,Tier 1,Medium,Supermarket Type1,0.031103357,9,102.202,4,11,32.85883257
Low Fat,FDS55,Fruits and Vegetables,2012,OUT049,Tier 1,Medium,Supermarket Type1,0.081328781,9.13,151.402,4,11,18.61604196
Low Fat,FDC45,Fruits and Vegetables,2012,OUT049,Tier 1,Medium,Supermarket Type1,0.136008489,13,60.0194,4,11,4.412915726
Low Fat,FDB33,Fruits and Vegetables,2012,OUT049,Tier 1,Medium,Supermarket Type1,0.014609738,14.65,262.959,4,11,179.988854
Regular,FDE20,Fruits and Vegetables,2012,OUT049,Tier 1,Medium,Supermarket Type1,0.005561798,17.6,228.801,4,11,411.3795575
Low Fat,FDN32,Fruits and Vegetables,2012,OUT049,Tier 1,Medium,Supermarket Type1,0.015557426,18.85,244.314,4,11,157.040117
Regular,FDT56,Fruits and Vegetables,2012,OUT049,Tier 1,Medium,Supermarket Type1,0.115570552,14.5,163.921,4,11,14.18363045
Low Fat,FDD57,Fruits and Vegetables,2012,OUT049,Tier 1,Medium,Supermarket Type1,0.022291121,16.35,105.628,4,11,47.3856833
Regular,FDE56,Fruits and Vegetables,2012,OUT049,Tier 1,Medium,Supermarket Type1,0.158424516,19.85,195.077,4,11,12.31356137
Regular,FDS31,Fruits and Vegetables,2012,OUT049,Tier 1,Medium,Supermarket Type1,0.043978369,7.235,114.883,4,11,26.12261496
Regular,FDJ20,Fruits and Vegetables,2012,OUT049,Tier 1,Medium,Supermarket Type1,0.100330684,7.485,112.123,4,11,11.17534492
Low Fat,FDK44,Fruits and Vegetables,2012,OUT049,Tier 1,Medium,Supermarket Type1,0.122475364,8.02,152.7,4,11,12.46781353
Low Fat,FDR43,Fruits and Vegetables,2012,OUT049,Tier 1,Medium,Supermarket Type1,0.161740582,9.395,104.528,4,11,6.462694687
Regular,FDT19,Fruits and Vegetables,2012,OUT049,Tier 1,Medium,Supermarket Type1,0.14526636,10,234.359,4,11,16.13305379
Low Fat,FDY32,Fruits and Vegetables,2012,OUT049,Tier 1,Medium,Supermarket Type1,0.226284381,13.15,184.195,4,11,8.139978517
Low Fat,FDX43,Fruits and Vegetables,2012,OUT049,Tier 1,Medium,Supermarket Type1,0.085274988,15.25,86.6198,4,11,10.15770298
Low Fat,FDZ19,Fruits and Vegetables,2012,OUT049,Tier 1,Medium,Supermarket Type1,0.093454899,12.15,34.6532,4,11,3.70801321
Low Fat,FDY55,Fruits and Vegetables,2012,OUT049,Tier 1,Medium,Supermarket Type1,0.058778429,14.15,125.605,4,11,21.36923394
Regular,FDA08,Fruits and Vegetables,2012,OUT049,Tier 1,Medium,Supermarket Type1,0.050085152,18.25,165.953,4,11,33.13417118
Low Fat,FDX55,Fruits and Vegetables,2012,OUT049,Tier 1,Medium,Supermarket Type1,0.0552059,7.05,224.909,4,11,40.7400296
Low Fat,FDD45,Fruits and Vegetables,2012,OUT049,Tier 1,Medium,Supermarket Type1,0.116484721,13.65,211.49,4,11,18.15602924
Low Fat,FDB08,Fruits and Vegetables,2012,OUT049,Tier 1,Medium,Supermarket Type1,0.03127929,16.85,93.712,4,11,29.95975932
Low Fat,FDB44,Fruits and Vegetables,2012,OUT049,Tier 1,Medium,Supermarket Type1,0.058778429,17.2,149.142,4,11,25.37359411
Low Fat,FDE57,Fruits and Vegetables,2012,OUT049,Tier 1,Medium,Supermarket Type1,0.036490369,19.2,153.531,4,11,42.07438955
Low Fat,FDN20,Fruits and Vegetables,2012,OUT049,Tier 1,Medium,Supermarket Type1,0.026329989,19.25,141.55,4,11,53.75999208
Regular,FDT19,Fruits and Vegetables,2012,OUT049,Tier 1,Medium,Supermarket Type1,0.145335007,17.75,240.554,4,11,16.55169012
Regular,FDX32,Fruits and Vegetables,2012,OUT049,Tier 1,Medium,Supermarket Type1,0.100060762,8.39,116.018,4,11,11.5947548
Regular,FDS19,Fruits and Vegetables,2012,OUT049,Tier 1,Medium,Supermarket Type1,0.06457046,9.195,86.5566,4,11,13.40498426
Low Fat,FDZ44,Fruits and Vegetables,2012,OUT049,Tier 1,Medium,Supermarket Type1,0.064824502,13.1,195.777,4,11,30.20108045
Low Fat,FDE57,Fruits and Vegetables,2012,OUT049,Tier 1,Medium,Supermarket Type1,0.03625493,17.35,93.1804,4,11,25.70144253
Low Fat,FDS07,Fruits and Vegetables,2012,OUT049,Tier 1,Medium,Supermarket Type1,0.099674817,6.11,131.297,4,11,13.17253484
Regular,FDT07,Fruits and Vegetables,2012,OUT049,Tier 1,Medium,Supermarket Type1,0.077254736,8.77,174.242,4,11,22.55421596
Regular,FDJ44,Fruits and Vegetables,2012,OUT049,Tier 1,Medium,Supermarket Type1,0.106238768,17.1,208.564,4,11,19.63162826
Low Fat,FDJ08,Fruits and Vegetables,2012,OUT049,Tier 1,Medium,Supermarket Type1,0.111122936,17.85,121.939,4,11,10.97334217
Low Fat,FDY19,Fruits and Vegetables,2012,OUT049,Tier 1,Medium,Supermarket Type1,0.041533438,5.15,125.639,4,11,30.25008428
Regular,FDV20,Fruits and Vegetables,2012,OUT049,Tier 1,Medium,Supermarket Type1,0.060045008,20.75,240.288,4,11,40.01798118
Regular,FDO31,Fruits and Vegetables,2012,OUT049,Tier 1,Medium,Supermarket Type1,0.028842332,6.67,133.063,4,11,46.13461907
Regular,FDB56,Fruits and Vegetables,2012,OUT049,Tier 1,Medium,Supermarket Type1,0.07461309,13.15,89.6856,4,11,12.02008924
Regular,FDO08,Fruits and Vegetables,2012,OUT049,Tier 1,Medium,Supermarket Type1,0.09415375,13.5,79.496,4,11,8.443211237
Low Fat,FDT43,Fruits and Vegetables,2012,OUT049,Tier 1,Medium,Supermarket Type1,0.020631654,14.5,160.726,4,11,77.90262477
Low Fat,FDQ56,Fruits and Vegetables,2018,OUT019,Tier 1,Small,Grocery Store,0.10550944,12.6,181.598,4,5,17.2115405
Regular,FDR44,Fruits and Vegetables,2018,OUT019,Tier 1,Small,Grocery Store,0.102920886,12.6,91.083,4,5,8.84980722
Regular,FDT32,Fruits and Vegetables,2018,OUT019,Tier 1,Small,Grocery Store,0.065316099,12.6,125.605,4,5,19.23032789
Low Fat,FDV07,Fruits and Vegetables,2018,OUT019,Tier 1,Small,Grocery Store,0.058778429,12.6,162.853,4,5,27.70625258
Low Fat,FDM44,Fruits and Vegetables,2018,OUT019,Tier 1,Small,Grocery Store,0.031097948,12.6,92.2778,4,5,29.67327619
Regular,FDB56,Fruits and Vegetables,2018,OUT019,Tier 1,Small,Grocery Store,0.074743226,12.6,74.8012,4,5,10.00775642
Regular,FDY20,Fruits and Vegetables,2018,OUT019,Tier 1,Small,Grocery Store,0.081879864,12.6,241.154,4,5,29.45217398
Regular,FDK32,Fruits and Vegetables,2018,OUT019,Tier 1,Small,Grocery Store,0.049051717,12.6,217.685,4,5,44.37867078
Regular,FDP44,Fruits and Vegetables,2018,OUT019,Tier 1,Small,Grocery Store,0.079837509,12.6,122.01,4,5,15.28229043
Regular,FDS32,Fruits and Vegetables,2018,OUT019,Tier 1,Small,Grocery Store,0.029700018,12.6,181.466,4,5,61.09962627
Regular,FDG09,Fruits and Vegetables,2018,OUT019,Tier 1,Small,Grocery Store,0.048010812,12.6,170.211,4,5,35.45263929
Regular,FDU31,Fruits and Vegetables,2018,OUT019,Tier 1,Small,Grocery Store,0.02502991,12.6,112.789,4,5,45.0616882
Low Fat,FDH08,Fruits and Vegetables,2018,OUT019,Tier 1,Small,Grocery Store,0.030516069,12.6,156.86,4,5,51.4024267
Low Fat,FDR08,Fruits and Vegetables,2018,OUT019,Tier 1,Small,Grocery Store,0.065872936,12.6,130.031,4,5,19.73966972
Low Fat,FDU07,Fruits and Vegetables,2018,OUT019,Tier 1,Small,Grocery Store,0.104784329,12.6,48.6034,4,5,4.638422602
Low Fat,FDU32,Fruits and Vegetables,2018,OUT019,Tier 1,Small,Grocery Store,0.045465958,12.6,153.102,4,5,33.67398527
Regular,FDT07,Fruits and Vegetables,2018,OUT019,Tier 1,Small,Grocery Store,0.077319079,12.6,179.166,4,5,23.17228843
Regular,FDC33,Fruits and Vegetables,2018,OUT019,Tier 1,Small,Grocery Store,0.06893834,12.6,36.419,4,5,5.282836808
Low Fat,FDA56,Fruits and Vegetables,2018,OUT019,Tier 1,Small,Grocery Store,0.008782561,12.6,162.621,4,5,185.1635303
Low Fat,FDP07,Fruits and Vegetables,2018,OUT019,Tier 1,Small,Grocery Store,0.090084098,12.6,189.553,4,5,21.04178254
Low Fat,FDX20,Fruits and Vegetables,2018,OUT019,Tier 1,Small,Grocery Store,0.04280099,12.6,111.191,4,5,25.9786047
Low Fat,FDC44,Fruits and Vegetables,2018,OUT019,Tier 1,Small,Grocery Store,0.173573164,12.6,122.307,4,5,7.046423375
Regular,FDG56,Fruits and Vegetables,2018,OUT019,Tier 1,Small,Grocery Store,0.071597469,12.6,82.8592,4,5,11.57292306
Regular,FDT55,Fruits and Vegetables,2018,OUT019,Tier 1,Small,Grocery Store,0.043743689,12.6,59.522,4,5,13.6069914
Regular,FDH20,Fruits and Vegetables,2018,OUT019,Tier 1,Small,Grocery Store,0.024999711,12.6,172.642,4,5,69.05759831
Regular,FDK32,Fruits and Vegetables,2018,OUT019,Tier 1,Small,Grocery Store,0.049074897,12.6,256.399,4,5,52.24646727
Regular,FDF21,Fruits and Vegetables,2018,OUT019,Tier 1,Small,Grocery Store,0.059160135,12.6,169.879,4,5,28.71511365
Regular,FDD32,Fruits and Vegetables,2018,OUT019,Tier 1,Small,Grocery Store,0.041163522,12.6,49.5376,4,5,12.03434439
Regular,FDB57,Fruits and Vegetables,2018,OUT019,Tier 1,Small,Grocery Store,0.018911474,12.6,97.0726,4,5,51.33000209
Low Fat,FDX20,Fruits and Vegetables,2018,OUT019,Tier 1,Small,Grocery Store,0.042552205,12.6,188.421,4,5,44.27996152
Low Fat,FDX55,Fruits and Vegetables,2018,OUT019,Tier 1,Small,Grocery Store,0.055195461,12.6,193.982,4,5,35.14455654
Regular,FDS19,Fruits and Vegetables,2018,OUT019,Tier 1,Small,Grocery Store,0.064195136,12.6,102.402,4,5,15.95167584
Regular,FDF08,Fruits and Vegetables,2018,OUT019,Tier 1,Small,Grocery Store,0.109144085,12.6,178.532,4,5,16.35745996
Low Fat,FDE45,Fruits and Vegetables,2018,OUT019,Tier 1,Small,Grocery Store,0.040323731,12.6,38.748,4,5,9.60922986
Low Fat,FDZ20,Fruits and Vegetables,2018,OUT019,Tier 1,Small,Grocery Store,0.034278413,12.6,210.993,4,5,61.55273291
Low Fat,FDT31,Fruits and Vegetables,2018,OUT019,Tier 1,Small,Grocery Store,0.012437935,12.6,149.605,4,5,120.2812203
Low Fat,FDP20,Fruits and Vegetables,2018,OUT019,Tier 1,Small,Grocery Store,0.045631231,12.6,53.6614,4,5,11.75979671
Regular,FDZ43,Fruits and Vegetables,2018,OUT019,Tier 1,Small,Grocery Store,0.057011062,12.6,189.556,4,5,33.24898596
Regular,FDE33,Fruits and Vegetables,2018,OUT019,Tier 1,Small,Grocery Store,0.049594299,12.6,154.166,4,5,31.08542778
Regular,FDU43,Fruits and Vegetables,2016,OUT046,Tier 1,Small,Supermarket Type1,0.058778429,18.85,58.4562,4,7,9.945179038
Low Fat,FDB45,Fruits and Vegetables,2016,OUT046,Tier 1,Small,Supermarket Type1,0.021416681,9.895,237.456,4,7,110.8743227
Low Fat,FDB08,Fruits and Vegetables,2016,OUT046,Tier 1,Small,Supermarket Type1,0.031230059,9.195,84.5592,4,7,27.07622166
Low Fat,FDS55,Fruits and Vegetables,2016,OUT046,Tier 1,Small,Supermarket Type1,0.058778429,13.15,83.5566,4,7,14.21552114
Low Fat,FDU55,Fruits and Vegetables,2016,OUT046,Tier 1,Small,Supermarket Type1,0.036057562,18.6,99.9358,4,7,27.71562869
Regular,FDC57,Fruits and Vegetables,2016,OUT046,Tier 1,Small,Supermarket Type1,0.054816926,14.85,187.321,4,7,34.17210954
Regular,FDR19,Fruits and Vegetables,2016,OUT046,Tier 1,Small,Supermarket Type1,0.158947217,19.7,88.1198,4,7,5.543966209
Regular,FDR31,Fruits and Vegetables,2016,OUT046,Tier 1,Small,Supermarket Type1,0.048924811,21.35,258.328,4,7,52.80102155
Regular,FDT07,Fruits and Vegetables,2016,OUT046,Tier 1,Small,Supermarket Type1,0.076944658,19.85,265.888,4,7,34.55574525
Low Fat,FDF09,Fruits and Vegetables,2016,OUT046,Tier 1,Small,Supermarket Type1,0.012090074,7.035,262.091,4,7,216.7819651
Low Fat,FDX20,Fruits and Vegetables,2016,OUT046,Tier 1,Small,Supermarket Type1,0.042560252,8.68,96.5384,4,7,22.68276043
Regular,FDR44,Fruits and Vegetables,2016,OUT046,Tier 1,Small,Supermarket Type1,0.058778429,14.3,77.6302,4,7,13.2072601
Regular,FDU44,Fruits and Vegetables,2016,OUT046,Tier 1,Small,Supermarket Type1,0.058414678,18,118.512,4,7,20.28805157
Low Fat,FDE08,Fruits and Vegetables,2016,OUT046,Tier 1,Small,Supermarket Type1,0.082551042,20.5,75.8696,4,7,9.190628993
Low Fat,FDX19,Fruits and Vegetables,2016,OUT046,Tier 1,Small,Supermarket Type1,0.096715523,6.65,127.268,4,7,13.15900448
Regular,FDS19,Fruits and Vegetables,2016,OUT046,Tier 1,Small,Supermarket Type1,0.064153845,6.57,261.028,4,7,40.68781848
Regular,FDG20,Fruits and Vegetables,2016,OUT046,Tier 1,Small,Supermarket Type1,0.210375806,13.85,117.449,4,7,5.582818777
Regular,FDH20,Fruits and Vegetables,2016,OUT046,Tier 1,Small,Supermarket Type1,0.024928351,10,147.71,4,7,59.25381908
Regular,FDS31,Fruits and Vegetables,2016,OUT046,Tier 1,Small,Supermarket Type1,0.058778429,12.15,38.6506,4,7,6.575643592
Regular,FDC09,Fruits and Vegetables,2016,OUT046,Tier 1,Small,Supermarket Type1,0.026409147,18.7,153.668,4,7,58.18741514
Low Fat,FDJ56,Fruits and Vegetables,2016,OUT046,Tier 1,Small,Supermarket Type1,0.183688161,18.85,129.763,4,7,7.064309387
Low Fat,FDE09,Fruits and Vegetables,2016,OUT046,Tier 1,Small,Supermarket Type1,0.058778429,10.5,171.311,4,7,29.14521584
Low Fat,FDI45,Fruits and Vegetables,2016,OUT046,Tier 1,Small,Supermarket Type1,0.037639672,14.15,196.311,4,7,52.15534291
Low Fat,FDA32,Fruits and Vegetables,2016,OUT046,Tier 1,Small,Supermarket Type1,0.030140981,14.65,161.955,4,7,53.73249132
Low Fat,FDZ20,Fruits and Vegetables,2016,OUT046,Tier 1,Small,Supermarket Type1,0.0343603,16,228.867,4,7,66.6079749
Low Fat,FDT43,Fruits and Vegetables,2016,OUT046,Tier 1,Small,Supermarket Type1,0.020579897,18,171.142,4,7,83.15979424
Low Fat,FDT44,Fruits and Vegetables,2016,OUT046,Tier 1,Small,Supermarket Type1,0.103146658,19.1,174.042,4,7,16.87325633
Low Fat,FDN32,Fruits and Vegetables,2016,OUT046,Tier 1,Small,Supermarket Type1,0.01558456,19.6,251.97,4,7,161.6792518
Low Fat,FDR08,Fruits and Vegetables,2016,OUT046,Tier 1,Small,Supermarket Type1,0.037681448,21.1,235.396,4,7,62.4699985
Regular,FDR31,Fruits and Vegetables,2016,OUT046,Tier 1,Small,Supermarket Type1,0.04923932,14.8,192.485,4,7,39.09172588
Regular,FDD44,Fruits and Vegetables,2016,OUT046,Tier 1,Small,Supermarket Type1,0.078522357,15.6,185.892,4,7,23.6737672
Regular,FDV44,Fruits and Vegetables,2016,OUT046,Tier 1,Small,Supermarket Type1,0.039906377,12.6,207.261,4,7,51.936812
Regular,FDM08,Fruits and Vegetables,2016,OUT046,Tier 1,Small,Supermarket Type1,0.053667516,13.65,186.392,4,7,34.73087892
Regular,FDW19,Fruits and Vegetables,2016,OUT046,Tier 1,Small,Supermarket Type1,0.038560279,15.35,88.283,4,7,22.89480322
Regular,FDF57,Fruits and Vegetables,2016,OUT046,Tier 1,Small,Supermarket Type1,0.058918844,16,143.15,4,7,24.29613181
Regular,FDQ07,Fruits and Vegetables,2016,OUT046,Tier 1,Small,Supermarket Type1,0.087542757,19.2,181.332,4,7,20.71353544
Regular,FDZ31,Fruits and Vegetables,2016,OUT046,Tier 1,Small,Supermarket Type1,0.058778429,21.25,120.876,4,7,20.56468709
Low Fat,FDD57,Fruits and Vegetables,2016,OUT046,Tier 1,Small,Supermarket Type1,0.022434418,8.43,197.977,4,7,88.2469962
Low Fat,FDB33,Fruits and Vegetables,2016,OUT046,Tier 1,Small,Supermarket Type1,0.025527994,8.67,142.913,4,7,55.98285553
Low Fat,FDI20,Fruits and Vegetables,2016,OUT046,Tier 1,Small,Supermarket Type1,0.067520165,11.8,199.808,4,7,29.59234475
Low Fat,FDR07,Fruits and Vegetables,2016,OUT046,Tier 1,Small,Supermarket Type1,0.136119549,15.35,91.812,4,7,6.744953291
Regular,FDA08,Fruits and Vegetables,2016,OUT046,Tier 1,Small,Supermarket Type1,0.087692636,16.2,156.497,4,7,17.84608231
Regular,FDE33,Fruits and Vegetables,2016,OUT046,Tier 1,Small,Supermarket Type1,0.086905536,15.85,38.3164,4,7,4.408971139
Regular,FDG08,Fruits and Vegetables,2016,OUT046,Tier 1,Small,Supermarket Type1,0.289522833,7.22,61.851,4,7,2.136308192
Regular,FDQ32,Fruits and Vegetables,2016,OUT046,Tier 1,Small,Supermarket Type1,0.081605462,10.5,143.313,4,7,17.56169213
Regular,FDX56,Fruits and Vegetables,2016,OUT046,Tier 1,Small,Supermarket Type1,0.129668578,16.5,96.2068,4,7,7.419438193
Low Fat,FDL08,Fruits and Vegetables,2016,OUT046,Tier 1,Small,Supermarket Type1,0.049719026,5.885,54.1982,4,7,10.90089737
Low Fat,FDG57,Fruits and Vegetables,2016,OUT046,Tier 1,Small,Supermarket Type1,0.07229836,17,266.888,4,7,36.91480692
Low Fat,FDF32,Fruits and Vegetables,2016,OUT046,Tier 1,Small,Supermarket Type1,0.058778429,17.1,141.484,4,7,24.0707352
Low Fat,FDL20,Fruits and Vegetables,2016,OUT046,Tier 1,Small,Supermarket Type1,0.058778429,11.8,224.177,4,7,38.13933169
Regular,FDR32,Fruits and Vegetables,2016,OUT046,Tier 1,Small,Supermarket Type1,0.058778429,12.6,255.636,4,7,43.49146521
Regular,FDU19,Fruits and Vegetables,2016,OUT046,Tier 1,Small,Supermarket Type1,0.046771477,16.2,97.3726,4,7,20.81879946
Regular,FDJ44,Fruits and Vegetables,2016,OUT046,Tier 1,Small,Supermarket Type1,0.106327251,9.195,99.2016,4,7,9.329837748
Regular,FDF57,Fruits and Vegetables,2016,OUT046,Tier 1,Small,Supermarket Type1,0.058827383,9.5,171.845,4,7,29.21173631
Regular,FDD56,Fruits and Vegetables,2016,OUT046,Tier 1,Small,Supermarket Type1,0.10377827,10.3,113.118,4,7,10.89996971
Regular,FDC08,Fruits and Vegetables,2016,OUT046,Tier 1,Small,Supermarket Type1,0.103449993,12.5,89.0488,4,7,8.607907784
Low Fat,FDS55,Fruits and Vegetables,2016,OUT046,Tier 1,Small,Supermarket Type1,0.081623275,13.6,156.795,4,7,19.20959432
Low Fat,FDV32,Fruits and Vegetables,2016,OUT046,Tier 1,Small,Supermarket Type1,0.089210159,20.5,192.248,4,7,21.55001203
Low Fat,FDG45,Fruits and Vegetables,2016,OUT046,Tier 1,Small,Supermarket Type1,0.128760294,12.35,196.943,4,7,15.29532078
Low Fat,FDS20,Fruits and Vegetables,2016,OUT046,Tier 1,Small,Supermarket Type1,0.054171606,19.7,104.499,4,7,19.29036403
Low Fat,FDE32,Fruits and Vegetables,2016,OUT046,Tier 1,Small,Supermarket Type1,0.04903471,20.75,238.188,4,7,48.5753867
Regular,FDY08,Fruits and Vegetables,2016,OUT046,Tier 1,Small,Supermarket Type1,0.171422166,7.64,93.412,4,7,5.449236944
Regular,FDV44,Fruits and Vegetables,2016,OUT046,Tier 1,Small,Supermarket Type1,0.040069806,12.3,57.5562,4,7,14.3639827
Regular,FDH20,Fruits and Vegetables,2016,OUT046,Tier 1,Small,Supermarket Type1,0.058778429,15.85,41.048,4,7,6.983514309
Low Fat,FDB08,Fruits and Vegetables,2016,OUT046,Tier 1,Small,Supermarket Type1,0.058778429,16.85,43.9428,4,7,7.476007908
Low Fat,FDO32,Fruits and Vegetables,2016,OUT046,Tier 1,Small,Supermarket Type1,0.120520818,5.92,47.7692,4,7,3.963564203
Low Fat,FDC56,Fruits and Vegetables,2016,OUT046,Tier 1,Small,Supermarket Type1,0.121497742,17.6,46.006,4,7,3.786572429
Low Fat,FDD08,Fruits and Vegetables,2015,OUT045,Tier 2,Medium,Supermarket Type1,0.035347676,14.15,244.183,4,8,69.08035482
Low Fat,FDC20,Fruits and Vegetables,2020,OUT017,Tier 2,Medium,Supermarket Type1,0.058778429,9.3,248.809,4,3,42.3299847
Low Fat,FDL08,Fruits and Vegetables,2015,OUT045,Tier 2,Medium,Supermarket Type1,0.049709624,12.3,71.338,4,8,14.35094339
Low Fat,FDS43,Fruits and Vegetables,2015,OUT045,Tier 2,Medium,Supermarket Type1,0.040507228,13.5,85.554,4,8,21.12067506
Low Fat,FDT08,Fruits and Vegetables,2015,OUT045,Tier 2,Medium,Supermarket Type1,0.049209192,7.405,89.9146,4,8,18.27191148
Regular,FDD21,Fruits and Vegetables,2015,OUT045,Tier 2,Medium,Supermarket Type1,0.030563449,7.285,157.429,4,8,51.50891184
Regular,FDT55,Fruits and Vegetables,2015,OUT045,Tier 2,Medium,Supermarket Type1,0.043646901,11.85,98.0726,4,8,22.46954486
Regular,FDO19,Fruits and Vegetables,2015,OUT045,Tier 2,Medium,Supermarket Type1,0.016593506,20.25,219.348,4,8,132.1890624
Regular,FDS32,Fruits and Vegetables,2015,OUT045,Tier 2,Medium,Supermarket Type1,0.029648306,6.215,36.4848,4,8,12.30586328
Low Fat,FDG45,Fruits and Vegetables,2015,OUT045,Tier 2,Medium,Supermarket Type1,0.214306131,11.1,191.585,4,8,8.939781569
Low Fat,FDA32,Fruits and Vegetables,2015,OUT045,Tier 2,Medium,Supermarket Type1,0.050371508,11.65,187.324,4,8,37.18848362
Low Fat,FDR43,Fruits and Vegetables,2015,OUT045,Tier 2,Medium,Supermarket Type1,0.270300331,12.6,110.023,4,8,4.070398271
Low Fat,FDB32,Fruits and Vegetables,2015,OUT045,Tier 2,Medium,Supermarket Type1,0.039255412,12.8,114.949,4,8,29.28233182
Regular,FDO08,Fruits and Vegetables,2015,OUT045,Tier 2,Medium,Supermarket Type1,0.090008963,19.75,187.587,4,8,20.84092448
Regular,FDW55,Fruits and Vegetables,2015,OUT045,Tier 2,Small,Supermarket Type1,0.036773101,12.1,179.866,4,8,48.91238299
Regular,FDC09,Fruits and Vegetables,2015,OUT045,Tier 2,Small,Supermarket Type1,0.044024163,11.5,130.794,4,8,29.7095938
Regular,FDS32,Fruits and Vegetables,2015,OUT045,Tier 2,Small,Supermarket Type1,0.049634572,15.7,153.502,4,8,30.92642765
Regular,FDV20,Fruits and Vegetables,2015,OUT045,Tier 2,Small,Supermarket Type1,0.100095288,8.51,142.247,4,8,14.21115847
Low Fat,FDY31,Fruits and Vegetables,2015,OUT045,Tier 2,Small,Supermarket Type1,0.043526599,9.6,164.218,4,8,37.72819466
Low Fat,FDO32,Fruits and Vegetables,2015,OUT045,Tier 2,Small,Supermarket Type1,0.120443298,14.15,196.511,4,8,16.31564423
Low Fat,FDG32,Fruits and Vegetables,2015,OUT045,Tier 2,Small,Supermarket Type1,0.175849067,14.65,260.959,4,8,14.83994226
Regular,FDA07,Fruits and Vegetables,2015,OUT045,Tier 2,Small,Supermarket Type1,0.030918873,16,210.49,4,8,68.07816055
Regular,FDE20,Fruits and Vegetables,2015,OUT045,Tier 2,Small,Supermarket Type1,0.005525913,18.85,58.1562,4,8,105.2426993
Regular,FDK20,Fruits and Vegetables,2015,OUT045,Tier 2,Small,Supermarket Type1,0.04152307,14.6,238.354,4,8,57.40278838
Regular,FDA55,Fruits and Vegetables,2015,OUT045,Tier 2,Small,Supermarket Type1,0.056941603,12.6,53.2982,4,8,9.36015096
Regular,FDW07,Fruits and Vegetables,2015,OUT045,Tier 2,Small,Supermarket Type1,0.142570104,7.31,109.757,4,8,7.698458297
Regular,FDW32,Fruits and Vegetables,2015,OUT045,Tier 2,Small,Supermarket Type1,0.094218363,7.945,161.421,4,8,17.13264749
Regular,FDC08,Fruits and Vegetables,2015,OUT045,Tier 2,Small,Supermarket Type1,0.103363904,8.395,100.904,4,8,9.762015181
Low Fat,FDB21,Fruits and Vegetables,2015,OUT045,Tier 2,Small,Supermarket Type1,0.149125615,18.85,41.048,4,8,2.752578757
Low Fat,FDD09,Fruits and Vegetables,2015,OUT045,Tier 2,Small,Supermarket Type1,0.021583971,21.25,177.637,4,8,82.30042563
Low Fat,FDG57,Fruits and Vegetables,2015,OUT045,Tier 2,Small,Supermarket Type1,0.072592873,9,37.019,4,8,5.099536424
Low Fat,FDX19,Fruits and Vegetables,2015,OUT045,Tier 2,Small,Supermarket Type1,0.097127867,11.8,184.292,4,8,18.9741632
Regular,FDO31,Fruits and Vegetables,2015,OUT045,Tier 2,Small,Supermarket Type1,0.029100745,15.2,94.1752,4,8,32.36178318
Regular,FDN08,Fruits and Vegetables,2020,OUT017,Tier 2,Small,Supermarket Type1,0.058778429,12.3,73.838,4,3,12.56209144
Regular,FDC33,Fruits and Vegetables,2020,OUT017,Tier 2,Small,Supermarket Type1,0.069219165,17.75,111.154,4,3,16.05826941
Regular,FDO08,Fruits and Vegetables,2020,OUT017,Tier 2,Small,Supermarket Type1,0.058778429,13.15,86.5566,4,3,14.72591246
Regular,FDW19,Fruits and Vegetables,2020,OUT017,Tier 2,Small,Supermarket Type1,0.038657256,8.355,146.442,4,3,37.88215077
Regular,FDY20,Fruits and Vegetables,2020,OUT017,Tier 2,Small,Supermarket Type1,0.082085787,16.7,180.829,4,3,22.02927043
Regular,FDV19,Fruits and Vegetables,2020,OUT017,Tier 2,Small,Supermarket Type1,0.035400659,5.8,89.4172,4,3,25.25862584
Regular,FDF45,Fruits and Vegetables,2020,OUT017,Tier 2,Small,Supermarket Type1,0.012254429,16.25,94.941,4,3,77.47484603
Regular,FDS31,Fruits and Vegetables,2020,OUT017,Tier 2,Small,Supermarket Type1,0.044372393,17,220.011,4,3,49.58285662
Low Fat,FDM20,Fruits and Vegetables,2020,OUT017,Tier 2,Small,Supermarket Type1,0.058778429,17.25,173.476,4,3,29.51354824
Low Fat,FDW08,Fruits and Vegetables,2020,OUT017,Tier 2,Small,Supermarket Type1,0.147663025,20.7,177.803,4,3,12.04113217
Low Fat,FDB08,Fruits and Vegetables,2020,OUT017,Tier 2,Small,Supermarket Type1,0.030952737,5.19,196.811,4,3,63.58436089
Low Fat,FDC32,Fruits and Vegetables,2020,OUT017,Tier 2,Small,Supermarket Type1,0.098629062,8.3,37.4506,4,3,3.797116108
Low Fat,FDC44,Fruits and Vegetables,2020,OUT017,Tier 2,Small,Supermarket Type1,0.171761077,11.8,46.3402,4,3,2.697945356
Low Fat,FDD08,Fruits and Vegetables,2020,OUT017,Tier 2,Small,Supermarket Type1,0.035183156,12.35,113.752,4,3,32.33138039
Low Fat,FDD20,Fruits and Vegetables,2020,OUT017,Tier 2,Small,Supermarket Type1,0.020614212,12.5,102.899,4,3,49.91653331
Low Fat,FDE08,Fruits and Vegetables,2020,OUT017,Tier 2,Small,Supermarket Type1,0.049080853,7.85,143.344,4,3,29.20568638
Low Fat,FDE57,Fruits and Vegetables,2020,OUT017,Tier 2,Small,Supermarket Type1,0.036109413,9.5,188.987,4,3,52.33732268
Low Fat,FDL20,Fruits and Vegetables,2020,OUT017,Tier 2,Small,Supermarket Type1,0.127792701,10.1,60.6878,4,3,4.748925371
Low Fat,FDN20,Fruits and Vegetables,2020,OUT017,Tier 2,Small,Supermarket Type1,0.026055106,19.85,123.77,4,3,47.50316502
Regular,FDA08,Fruits and Vegetables,2020,OUT017,Tier 2,Small,Supermarket Type1,0.049842613,5.11,163.221,4,3,32.74727992
Regular,FDQ07,Fruits and Vegetables,2020,OUT017,Tier 2,Small,Supermarket Type1,0.086983591,9,100.802,4,3,11.5886225
Regular,FDQ31,Fruits and Vegetables,2020,OUT017,Tier 2,Small,Supermarket Type1,0.053586458,13,254.101,4,3,47.41888333
Low Fat,FDF32,Fruits and Vegetables,2020,OUT017,Tier 2,Small,Supermarket Type1,0.0680243,13.15,177.569,4,3,26.10375998
Regular,FDA08,Fruits and Vegetables,2020,OUT017,Tier 2,High,Supermarket Type1,0.050186726,15.75,100.37,4,3,19.99931217
Low Fat,FDX08,Fruits and Vegetables,2020,OUT017,Tier 2,High,Supermarket Type1,0.022604051,18,172.642,4,3,76.37657515
Regular,FDW31,Fruits and Vegetables,2020,OUT017,Tier 2,High,Supermarket Type1,0.043333912,18.85,192.514,4,3,44.42571444
Regular,FDW44,Fruits and Vegetables,2020,OUT017,Tier 2,High,Supermarket Type1,0.035205866,19.6,254.97,4,3,72.42259003
Low Fat,FDB21,Fruits and Vegetables,2020,OUT017,Tier 2,High,Supermarket Type1,0.148492521,7.51,113.554,4,3,7.647119143
Low Fat,FDJ08,Fruits and Vegetables,2020,OUT017,Tier 2,High,Supermarket Type1,0.111298111,9.395,106.428,4,3,9.562426446
Regular,FDV56,Fruits and Vegetables,2020,OUT017,Tier 2,High,Supermarket Type1,0.013529884,10.8,240.522,4,3,177.7709255
Regular,FDU44,Fruits and Vegetables,2020,OUT017,Tier 2,High,Supermarket Type1,0.058142797,18,145.142,4,3,24.96302336
Regular,FDZ08,Fruits and Vegetables,2020,OUT017,Tier 2,High,Supermarket Type1,0.109459733,6.865,127.365,4,3,11.63578574
Low Fat,FDA43,Fruits and Vegetables,2020,OUT017,Tier 2,High,Supermarket Type1,0.064621927,7.535,118.344,4,3,18.31328861
Low Fat,FDX20,Fruits and Vegetables,2020,OUT017,Tier 2,High,Supermarket Type1,0.042626422,7.63,94.6436,4,3,22.20303642
Low Fat,FDD08,Fruits and Vegetables,2020,OUT017,Tier 2,High,Supermarket Type1,0.035409328,9.895,236.856,4,3,66.89084865
Low Fat,FDN31,Fruits and Vegetables,2020,OUT017,Tier 2,High,Supermarket Type1,0.072994847,14.15,39.3138,4,3,5.385832236
Low Fat,FDV43,Fruits and Vegetables,2020,OUT017,Tier 2,High,Supermarket Type1,0.076975118,12.85,254.904,4,3,33.1151165
Low Fat,FDI32,Fruits and Vegetables,2015,OUT045,Tier 2,High,Supermarket Type1,0.174644552,5.44,178.137,4,8,10.19997463
Low Fat,FDE08,Fruits and Vegetables,2015,OUT045,Tier 2,High,Supermarket Type1,0.049396364,5.465,129.263,4,8,26.16852528
Regular,FDV19,Fruits and Vegetables,2015,OUT045,Tier 2,High,Supermarket Type1,0.035311852,7.22,61.951,4,8,17.54396796
Regular,FDH20,Fruits and Vegetables,2015,OUT045,Tier 2,High,Supermarket Type1,0.024987903,9.8,36.1874,4,8,14.48196753
Regular,FDO19,Fruits and Vegetables,2015,OUT045,Tier 2,High,Supermarket Type1,0.016622448,5.26,95.6068,4,8,57.51667865
Regular,FDU20,Fruits and Vegetables,2015,OUT045,Tier 2,High,Supermarket Type1,0.021490911,12.8,141.384,4,8,65.78781141
Regular,FDR20,Fruits and Vegetables,2015,OUT045,Tier 2,High,Supermarket Type1,0.028167478,9,55.9614,4,8,19.86738039
Regular,FDV20,Fruits and Vegetables,2015,OUT045,Tier 2,High,Supermarket Type1,0.059894378,5.405,199.074,4,8,33.23751021
Regular,FDE56,Fruits and Vegetables,2015,OUT045,Tier 2,High,Supermarket Type1,0.278730642,19.7,254.101,4,8,9.116364034
Regular,FDH45,Fruits and Vegetables,2015,OUT045,Tier 2,High,Supermarket Type1,0.185008985,10.895,124.173,4,8,6.711728082
Regular,FDH56,Fruits and Vegetables,2015,OUT045,Tier 2,High,Supermarket Type1,0.11173569,12.6,254.236,4,8,22.7533387
Regular,FDO56,Fruits and Vegetables,2015,OUT045,Tier 2,High,Supermarket Type1,0.078758649,14.85,263.791,4,8,33.49359129
Regular,FDT55,Fruits and Vegetables,2015,OUT045,Tier 2,High,Supermarket Type1,0.076434542,15.6,63.6194,4,8,8.323383425
Low Fat,FDO32,Fruits and Vegetables,2015,OUT045,Tier 2,High,Supermarket Type1,0.120543611,20.35,256.367,4,8,21.26757261
Regular,FDZ43,Fruits and Vegetables,2015,OUT045,Tier 2,High,Supermarket Type1,0.057058545,8.365,189.219,4,8,33.16225466
Regular,FDV19,Fruits and Vegetables,2015,OUT045,Tier 2,High,Supermarket Type1,0.035257037,8.96,197.777,4,8,56.09575189
Regular,FDZ31,Fruits and Vegetables,2015,OUT045,Tier 2,High,Supermarket Type1,0.113217223,19.2,181.695,4,8,16.04835335
Regular,FDS32,Fruits and Vegetables,2015,OUT045,Tier 2,High,Supermarket Type1,0.029653914,9.195,107.66,4,8,36.30549411
Regular,FDQ32,Fruits and Vegetables,2015,OUT045,Tier 2,High,Supermarket Type1,0.046608497,11.8,149.837,4,8,32.14800082
Low Fat,FDP19,Fruits and Vegetables,2015,OUT045,Tier 2,High,Supermarket Type1,0.173867958,20.75,239.988,4,8,13.80288828
Low Fat,FDD33,Fruits and Vegetables,2015,OUT045,Tier 2,High,Supermarket Type1,0.108412059,5.095,141.684,4,8,13.06902584
Low Fat,FDZ56,Fruits and Vegetables,2015,OUT045,Tier 2,High,Supermarket Type1,0.025789175,8.895,49.8008,4,8,19.31073794
Low Fat,FDY55,Fruits and Vegetables,2015,OUT045,Tier 2,High,Supermarket Type1,0.081485126,14.5,157.426,4,8,19.31959951
Low Fat,FDI32,Fruits and Vegetables,2015,OUT045,Tier 2,High,Supermarket Type1,0.058778429,19.35,110.254,4,8,18.75756155
Low Fat,FDL44,Fruits and Vegetables,2020,OUT017,Tier 2,High,Supermarket Type1,0.012300013,6.215,225.806,4,3,183.5819198
Low Fat,FDY31,Fruits and Vegetables,2020,OUT017,Tier 2,High,Supermarket Type1,0.043809261,9.8,35.0874,4,3,8.009128481
Low Fat,FDZ19,Fruits and Vegetables,2020,OUT017,Tier 2,High,Supermarket Type1,0.093983518,14.3,95.9726,4,3,10.21164158
Low Fat,FDQ20,Fruits and Vegetables,2020,OUT017,Tier 2,High,Supermarket Type1,0.029953314,17.35,89.383,4,3,29.84077154
Low Fat,FDJ56,Fruits and Vegetables,2020,OUT017,Tier 2,High,Supermarket Type1,0.184440421,6.55,157.529,4,3,8.540915226
Low Fat,FDG57,Fruits and Vegetables,2020,OUT017,Tier 2,High,Supermarket Type1,0.072707309,10.695,177.571,4,3,24.42271657
Low Fat,FDI44,Fruits and Vegetables,2020,OUT017,Tier 2,High,Supermarket Type1,0.100799828,6.885,111.423,4,3,11.05388791
Regular,FDN08,Fruits and Vegetables,2020,OUT017,Tier 2,High,Supermarket Type1,0.088543868,17.2,147.042,4,3,16.60668359
Regular,FDW44,Fruits and Vegetables,2020,OUT017,Tier 2,High,Supermarket Type1,0.035222503,6.905,98.1726,4,3,27.87212482
Regular,FDW31,Fruits and Vegetables,2020,OUT017,Tier 2,High,Supermarket Type1,0.04324563,8.71,43.5744,4,3,10.07602387
Regular,FDJ44,Fruits and Vegetables,2020,OUT017,Tier 2,High,Supermarket Type1,0.106542886,10.195,194.579,4,3,18.2629744
Regular,FDF08,Fruits and Vegetables,2020,OUT017,Tier 2,High,Supermarket Type1,0.065339802,11.35,181.961,4,3,27.84841619
Regular,FDH44,Fruits and Vegetables,2020,OUT017,Tier 2,High,Supermarket Type1,0.025924623,20.35,257.267,4,3,99.23654435
Regular,FDE33,Fruits and Vegetables,2020,OUT017,Tier 2,High,Supermarket Type1,0.049736267,9.695,244.614,4,3,49.18221949
Regular,FDD21,Fruits and Vegetables,2020,OUT017,Tier 2,High,Supermarket Type1,0.058778429,15.15,144.676,4,3,24.61379157
Regular,FDA08,Fruits and Vegetables,2020,OUT017,Tier 2,High,Supermarket Type1,0.050368454,16.2,98.6726,4,3,19.59015855
Regular,FDS44,Fruits and Vegetables,2020,OUT017,Tier 2,High,Supermarket Type1,0.156926608,17.7,163.221,4,3,10.40110419
Regular,FDG08,Fruits and Vegetables,2020,OUT017,Tier 2,High,Supermarket Type1,0.058778429,5.785,264.225,4,3,44.95271556
Regular,FDT55,Fruits and Vegetables,2020,OUT017,Tier 2,Medium,Supermarket Type1,0.043902087,8.05,257.065,4,3,58.55416395
Regular,FDC21,Fruits and Vegetables,2020,OUT017,Tier 2,Medium,Supermarket Type1,0.043201813,16,48.1718,4,3,11.15041167
Regular,FDV19,Fruits and Vegetables,2020,OUT017,Tier 2,Medium,Supermarket Type1,0.035456465,19.25,197.511,4,3,55.70521483
Regular,FDO19,Fruits and Vegetables,2020,OUT017,Tier 2,Medium,Supermarket Type1,0.058778429,5.365,173.676,4,3,29.54757433
Regular,FDT32,Fruits and Vegetables,2020,OUT017,Tier 2,Medium,Supermarket Type1,0.066005186,6.67,131.263,4,3,19.88677072
Low Fat,FDT20,Fruits and Vegetables,2020,OUT017,Tier 2,Medium,Supermarket Type1,0.041387618,6.67,88.9514,4,3,21.49227337
Low Fat,FDA31,Fruits and Vegetables,2020,OUT017,Tier 2,Medium,Supermarket Type1,0.109990885,11.8,126.27,4,3,11.48004219
Low Fat,FDH08,Fruits and Vegetables,2020,OUT017,Tier 2,Medium,Supermarket Type1,0.017425784,15.7,252.972,4,3,145.1710867
Low Fat,FDI45,Fruits and Vegetables,2020,OUT017,Tier 2,Medium,Supermarket Type1,0.037574137,16.85,111.454,4,3,29.66242445
Low Fat,FDL56,Fruits and Vegetables,2020,OUT017,Tier 2,Medium,Supermarket Type1,0.125756824,18.85,251.772,4,3,20.02054378
Low Fat,FDD57,Fruits and Vegetables,2020,OUT017,Tier 2,Medium,Supermarket Type1,0.022395357,5.92,49.0692,4,3,21.91043438
Low Fat,FDC32,Fruits and Vegetables,2020,OUT017,Tier 2,Medium,Supermarket Type1,0.099090261,8.85,125.139,4,3,12.62878902
Low Fat,FDW20,Fruits and Vegetables,2020,OUT017,Tier 2,Medium,Supermarket Type1,0.024144862,10.195,239.854,4,3,99.33956135
Regular,FDF44,Fruits and Vegetables,2020,OUT017,Tier 2,Medium,Supermarket Type1,0.059716729,17.6,47.806,4,3,8.00546192
Regular,FDF21,Fruits and Vegetables,2015,OUT045,Tier 2,Medium,Supermarket Type1,0.058778429,7.825,255.57,4,8,43.4802366
Regular,FDJ44,Fruits and Vegetables,2015,OUT045,Tier 2,Medium,Supermarket Type1,0.106307146,13.65,196.243,4,8,18.4600008
Regular,FDW55,Fruits and Vegetables,2015,OUT045,Tier 2,Medium,Supermarket Type1,0.058778429,6.11,129.597,4,8,22.04839466
Regular,FDG56,Fruits and Vegetables,2015,OUT045,Tier 2,Medium,Supermarket Type1,0.071439051,18.2,56.8904,4,8,7.963487645
Regular,FDF08,Fruits and Vegetables,2015,OUT045,Tier 2,Medium,Supermarket Type1,0.065195229,13.5,79.496,4,8,12.1935303
Regular,FDI08,Fruits and Vegetables,2017,OUT035,Tier 2,Small,Supermarket Type1,0.066284519,9.3,247.08,4,6,37.27567217
Regular,FDU19,Fruits and Vegetables,2017,OUT035,Tier 2,Small,Supermarket Type1,0.046762633,7.975,82.325,4,6,17.6048684
Regular,FDM08,Fruits and Vegetables,2017,OUT035,Tier 2,Small,Supermarket Type1,0.053574075,12.65,230.601,4,6,43.04339366
Low Fat,FDM32,Fruits and Vegetables,2017,OUT035,Tier 2,Small,Supermarket Type1,0.058778429,16.75,86.2856,4,6,14.67980711
Regular,FDY08,Fruits and Vegetables,2017,OUT035,Tier 2,Small,Supermarket Type1,0.286344848,8.5,51.1324,4,6,1.785693033
Regular,FDH56,Fruits and Vegetables,2017,OUT035,Tier 2,Small,Supermarket Type1,0.106816919,12.5,121.144,4,6,11.3412745
Regular,FDX32,Fruits and Vegetables,2017,OUT035,Tier 2,Small,Supermarket Type1,0.058778429,18,119.912,4,6,20.40068135
Regular,FDG09,Fruits and Vegetables,2017,OUT035,Tier 2,Small,Supermarket Type1,0.080235512,19.7,109.291,4,6,13.62127533
Low Fat,FDT08,Fruits and Vegetables,2017,OUT035,Tier 2,Small,Supermarket Type1,0.04917754,5.655,165.85,4,6,33.72474508
Low Fat,FDA20,Fruits and Vegetables,2017,OUT035,Tier 2,Small,Supermarket Type1,0.066565644,7.785,61.851,4,6,9.29173013
Low Fat,FDV08,Fruits and Vegetables,2017,OUT035,Tier 2,Small,Supermarket Type1,0.028571132,9.695,185.19,4,6,64.8171728
Low Fat,FDT20,Fruits and Vegetables,2017,OUT035,Tier 2,Small,Supermarket Type1,0.041360997,14.65,47.6692,4,6,11.52515738
Low Fat,FDX19,Fruits and Vegetables,2017,OUT035,Tier 2,Small,Supermarket Type1,0.096653315,16.75,258.499,4,6,26.7449699
Regular,FDS56,Fruits and Vegetables,2017,OUT035,Tier 2,Small,Supermarket Type1,0.038724612,18.25,160.289,4,6,41.39202221
Regular,FDZ32,Fruits and Vegetables,2017,OUT035,Tier 2,Small,Supermarket Type1,0.058778429,9,266.588,4,6,45.35473379
Regular,FDD44,Fruits and Vegetables,2017,OUT035,Tier 2,Small,Supermarket Type1,0.058778429,10,146.91,4,6,24.99386297
Regular,FDY20,Fruits and Vegetables,2017,OUT035,Tier 2,Small,Supermarket Type1,0.081684728,11.15,164.053,4,6,20.08368076
Regular,FDD32,Fruits and Vegetables,2017,OUT035,Tier 2,Small,Supermarket Type1,0.040897932,12.5,96.7384,4,6,23.65361652
Regular,FDO19,Fruits and Vegetables,2017,OUT035,Tier 2,Small,Supermarket Type1,0.016582833,18.2,43.3086,4,6,26.11652665
Low Fat,FDA31,Fruits and Vegetables,2017,OUT035,Tier 2,Small,Supermarket Type1,0.110459828,5.11,163.821,4,6,14.83082157
Low Fat,FDF09,Fruits and Vegetables,2017,OUT035,Tier 2,Small,Supermarket Type1,0.012198395,6.36,163.353,4,6,133.913519
Low Fat,FDP07,Fruits and Vegetables,2017,OUT035,Tier 2,Small,Supermarket Type1,0.090267996,12.5,40.8112,4,6,4.521115103
Regular,FDR55,Fruits and Vegetables,2017,OUT035,Tier 2,Small,Supermarket Type1,0.132621594,15.75,98.57,4,6,7.432424617
Regular,FDY44,Fruits and Vegetables,2017,OUT035,Tier 2,Small,Supermarket Type1,0.024503972,10.65,166.153,4,6,67.80655806
Regular,FDH45,Fruits and Vegetables,2017,OUT035,Tier 2,Small,Supermarket Type1,0.106097275,9,168.682,4,6,15.89880607
Regular,FDZ07,Fruits and Vegetables,2017,OUT035,Tier 2,Small,Supermarket Type1,0.058778429,9.695,160.492,4,6,27.30457461
Regular,FDD56,Fruits and Vegetables,2017,OUT035,Tier 2,Small,Supermarket Type1,0.104201619,15.35,90.983,4,6,8.731438232
Regular,FDQ32,Fruits and Vegetables,2017,OUT035,Tier 2,Small,Supermarket Type1,0.04679836,6.135,161.524,4,6,34.51488471
Low Fat,FDA20,Fruits and Vegetables,2017,OUT035,Tier 2,Small,Supermarket Type1,0.066298469,5.465,132.963,4,6,20.05521425
Low Fat,FDH32,Fruits and Vegetables,2017,OUT035,Tier 2,Small,Supermarket Type1,0.075691713,6.135,151.737,4,6,20.04671238
Low Fat,FDL08,Fruits and Vegetables,2017,OUT035,Tier 2,Small,Supermarket Type1,0.049478259,7.855,37.0848,4,6,7.495170758
Low Fat,FDP56,Fruits and Vegetables,2017,OUT035,Tier 2,Small,Supermarket Type1,0.046259036,11.15,103.265,4,6,22.32320622
Low Fat,FDV43,Fruits and Vegetables,2017,OUT035,Tier 2,Small,Supermarket Type1,0.076483451,20.2,195.011,4,6,25.4971497
Regular,FDR55,Fruits and Vegetables,2017,OUT035,Tier 2,Small,Supermarket Type1,0.131443921,10.695,174.771,4,6,13.29624061
Regular,FDZ43,Fruits and Vegetables,2017,OUT035,Tier 2,Small,Supermarket Type1,0.056782237,5.405,197.774,4,6,34.83025862
Low Fat,FDA44,Fruits and Vegetables,2017,OUT035,Tier 2,Small,Supermarket Type1,0.053212652,11.8,116.483,4,6,21.89009486
Low Fat,FDY31,Fruits and Vegetables,2017,OUT035,Tier 2,Small,Supermarket Type1,0.043351896,19.5,158.292,4,6,36.51328191
Regular,FDF45,Fruits and Vegetables,2017,OUT035,Tier 2,Small,Supermarket Type1,0.012194556,8.18,56.6588,4,6,46.46237223
Regular,FDW07,Fruits and Vegetables,2017,OUT035,Tier 2,Small,Supermarket Type1,0.142688846,9.695,246.014,4,6,17.24129159
Low Fat,FDR08,Fruits and Vegetables,2017,OUT035,Tier 2,Small,Supermarket Type1,0.037699254,10,228.667,4,6,60.6555769
Low Fat,FDH32,Fruits and Vegetables,2017,OUT035,Tier 2,Small,Supermarket Type1,0.076060037,18.7,229.201,4,6,30.13422147
Low Fat,FDW56,Fruits and Vegetables,2017,OUT035,Tier 2,Small,Supermarket Type1,0.118672537,16.1,95.441,4,6,8.042383049
Low Fat,FDP56,Fruits and Vegetables,2017,OUT035,Tier 2,Small,Supermarket Type1,0.046556408,16.7,182.198,4,6,39.13489202
Low Fat,FDB20,Fruits and Vegetables,2017,OUT035,Tier 2,Small,Supermarket Type1,0.052061483,18.7,182.329,4,6,35.0218606
Regular,FDS56,Fruits and Vegetables,2017,OUT035,Tier 2,Small,Supermarket Type1,0.038817121,5.365,173.776,4,6,44.76787446
Regular,FDA07,Fruits and Vegetables,2017,OUT035,Tier 2,Small,Supermarket Type1,0.030992735,14.65,52.8666,4,6,17.0577395
Regular,FDG08,Fruits and Vegetables,2017,OUT035,Tier 2,Small,Supermarket Type1,0.165616415,19.35,163.387,4,6,9.865386834
Regular,FDH45,Fruits and Vegetables,2017,OUT035,Tier 2,Small,Supermarket Type1,0.105831117,17.7,183.592,4,6,17.34763888
Regular,FDF57,Fruits and Vegetables,2017,OUT035,Tier 2,Small,Supermarket Type1,0.102999154,8.18,142.015,4,6,13.78797733
Regular,FDQ08,Fruits and Vegetables,2011,OUT010,Tier 3,Medium,Grocery Store,0.033144603,10.395,158.46,4,12,47.80868849
Regular,FDU44,Fruits and Vegetables,2011,OUT010,Tier 3,Medium,Grocery Store,0.102295904,9.8,47.506,4,12,4.643978707
Regular,FDX32,Fruits and Vegetables,2011,OUT010,Tier 3,Medium,Grocery Store,0.1748389,9.17,144.847,4,12,8.284597993
Low Fat,FDT31,Fruits and Vegetables,2011,OUT010,Tier 3,Medium,Grocery Store,0.012448294,11.1,159.06,4,12,127.7765451
Regular,FDR31,Fruits and Vegetables,2011,OUT010,Tier 3,Medium,Grocery Store,0.049162885,12.3,37.2874,4,12,7.584461327
Regular,FDY44,Fruits and Vegetables,2011,OUT010,Tier 3,Medium,Grocery Store,0.024404558,8.895,177.037,4,12,72.54259635
Regular,FDQ08,Fruits and Vegetables,2011,OUT010,Tier 3,Medium,Grocery Store,0.018930352,6.3,208.527,4,12,110.1548455
Low Fat,FDG32,Fruits and Vegetables,2011,OUT010,Tier 3,Medium,Grocery Store,0.176991029,6.465,265.288,4,12,14.98878228
Low Fat,FDE09,Fruits and Vegetables,2011,OUT010,Tier 3,Medium,Grocery Store,0.021647195,12.5,119.244,4,12,55.08519695
Low Fat,FDL08,Fruits and Vegetables,2011,OUT010,Tier 3,Medium,Grocery Store,0.049819857,16.6,118.012,4,12,23.68774362
Low Fat,FDG32,Fruits and Vegetables,2011,OUT010,Tier 3,Medium,Grocery Store,0.17635245,19.7,86.4198,4,12,4.900402575
Low Fat,FDX43,Fruits and Vegetables,2011,OUT010,Tier 3,Medium,Grocery Store,0.085757338,10.6,232.464,4,12,27.10718469
Low Fat,FDI56,Fruits and Vegetables,2011,OUT010,Tier 3,Medium,Grocery Store,0.093913607,20.35,259.759,4,12,27.65935718
Low Fat,FDT08,Fruits and Vegetables,2011,OUT010,Tier 3,Medium,Grocery Store,0.049496899,8.895,208.395,4,12,42.10263758
Regular,FDK20,Fruits and Vegetables,2011,OUT010,Tier 3,Medium,Grocery Store,0.041641933,14.35,109.223,4,12,26.2290898
Regular,FDY44,Fruits and Vegetables,2011,OUT010,Tier 3,Medium,Grocery Store,0.024454052,10.1,115.949,4,12,47.41504598
Regular,FDQ08,Fruits and Vegetables,2011,OUT010,Tier 3,Medium,Grocery Store,0.018968743,12.1,165.153,4,12,87.06586409
Regular,FDW44,Fruits and Vegetables,2011,OUT010,Tier 3,Medium,Grocery Store,0.035350045,13.15,157.26,4,12,44.48650631
Regular,FDR56,Fruits and Vegetables,2011,OUT010,Tier 3,Medium,Grocery Store,0.101335811,15.2,110.791,4,12,10.93305505
Low Fat,FDP56,Fruits and Vegetables,2011,OUT010,Tier 3,High,Grocery Store,0.046578409,6.32,38.5822,4,12,8.283279921
Low Fat,FDB20,Fruits and Vegetables,2011,OUT010,Tier 3,High,Grocery Store,0.051970838,9.8,217.185,4,12,41.78978219
Low Fat,FDK44,Fruits and Vegetables,2011,OUT010,Tier 3,High,Grocery Store,0.122204371,10.195,147.208,4,12,12.0460503
Regular,FDO08,Fruits and Vegetables,2011,OUT010,Tier 3,High,Grocery Store,0.053765212,17.85,128.002,4,12,23.8075877
Regular,FDX31,Fruits and Vegetables,2011,OUT010,Tier 3,High,Grocery Store,0.014822802,19,131.063,4,12,88.41985476
Low Fat,FDH57,Fruits and Vegetables,2011,OUT010,Tier 3,High,Grocery Store,0.059834024,19.2,178.932,4,12,29.90472444
Low Fat,FDT43,Fruits and Vegetables,2011,OUT010,Tier 3,High,Grocery Store,0.034393057,16.1,189.985,4,12,55.23934671
Regular,FDK08,Fruits and Vegetables,2011,OUT010,Tier 3,High,Grocery Store,0.204713036,13.85,233.93,4,12,11.42721561
Regular,FDH44,Fruits and Vegetables,2011,OUT010,Tier 3,High,Grocery Store,0.043304681,8.945,262.291,4,12,60.56874083
Low Fat,FDD33,Fruits and Vegetables,2011,OUT010,Tier 3,High,Grocery Store,0.108102606,11.6,82.2276,4,12,7.606440126
Low Fat,FDC32,Fruits and Vegetables,2011,OUT010,Tier 3,High,Grocery Store,0.099026525,12.35,110.957,4,12,11.20477569
Low Fat,FDE32,Fruits and Vegetables,2011,OUT010,Tier 3,High,Grocery Store,0.048718334,19.35,80.3644,4,12,16.49572007
Regular,FDR32,Fruits and Vegetables,2011,OUT010,Tier 3,High,Grocery Store,0.08573655,13.65,37.9532,4,12,4.426723492
Regular,FDU19,Fruits and Vegetables,2011,OUT010,Tier 3,High,Grocery Store,0.058778429,15.1,131.394,4,12,22.35411906
Regular,FDF21,Fruits and Vegetables,2011,OUT010,Tier 3,High,Grocery Store,0.058778429,5.59,63.1168,4,12,10.73808897
Regular,FDO08,Fruits and Vegetables,2011,OUT010,Tier 3,High,Grocery Store,0.05373063,5.78,262.357,4,12,48.82820097
Regular,FDA08,Fruits and Vegetables,2011,OUT010,Tier 3,Small,Grocery Store,0.050043472,6.115,189.053,4,12,37.77775451
Regular,FDZ08,Fruits and Vegetables,2011,OUT010,Tier 3,Small,Grocery Store,0.109900843,16.75,40.9822,4,12,3.729015982
Regular,FDP44,Fruits and Vegetables,2011,OUT010,Tier 3,Small,Grocery Store,0.07964724,7.35,241.051,4,12,30.26482776
Regular,FDF56,Fruits and Vegetables,2014,OUT013,Tier 3,High,Supermarket Type1,0.119362812,4.92,198.808,4,9,16.65577383
Low Fat,FDW56,Fruits and Vegetables,2014,OUT013,Tier 3,High,Supermarket Type1,0.0711891,5.175,86.9224,4,9,12.21007149
Low Fat,FDZ55,Fruits and Vegetables,2014,OUT013,Tier 3,High,Supermarket Type1,0.025512207,14.5,154.468,4,9,60.54670221
Low Fat,FDV32,Fruits and Vegetables,2014,OUT013,Tier 3,High,Supermarket Type1,0.089069748,18.1,93.6094,4,9,10.50967383
Low Fat,FDE45,Fruits and Vegetables,2014,OUT013,Tier 3,High,Supermarket Type1,0.040521714,12.15,119.844,4,9,29.57525439
Low Fat,FDI45,Fruits and Vegetables,2014,OUT013,Tier 3,High,Supermarket Type1,0.037734334,9.3,195.814,4,9,51.89279344
Low Fat,FDA32,Fruits and Vegetables,2014,OUT013,Tier 3,High,Supermarket Type1,0.030216783,14.3,75.7328,4,9,25.06315778
Low Fat,FDM56,Fruits and Vegetables,2014,OUT013,Tier 3,High,Supermarket Type1,0.058778429,5.78,161.955,4,9,27.55347544
Low Fat,FDC45,Fruits and Vegetables,2014,OUT013,Tier 3,High,Supermarket Type1,0.136286138,6.71,218.917,4,9,16.0630423
Low Fat,FDT31,Fruits and Vegetables,2014,OUT013,Tier 3,High,Supermarket Type1,0.012499004,12.15,163.518,4,9,130.8248241
Regular,FDU44,Fruits and Vegetables,2014,OUT013,Tier 3,High,Supermarket Type1,0.058663727,7.405,208.93,4,9,35.61485277
Low Fat,FDT08,Fruits and Vegetables,2014,OUT013,Tier 3,High,Supermarket Type1,0.048980156,14.3,121.973,4,9,24.902534
Low Fat,FDT20,Fruits and Vegetables,2014,OUT013,Tier 3,High,Supermarket Type1,0.041194986,9.3,181.629,4,9,44.09007446
Low Fat,FDV07,Fruits and Vegetables,2014,OUT013,Tier 3,High,Supermarket Type1,0.031131455,19,105.462,4,9,33.87634789
Regular,FDA55,Fruits and Vegetables,2014,OUT013,Tier 3,High,Supermarket Type1,0.056713056,7.02,148.473,4,9,26.17968603
Regular,FDB56,Fruits and Vegetables,2014,OUT013,Tier 3,High,Supermarket Type1,0.058778429,7.72,77.9986,4,9,13.26993615
Regular,FDF44,Fruits and Vegetables,2014,OUT013,Tier 3,High,Supermarket Type1,0.059438787,12.1,108.428,4,9,18.24196042
Regular,FDF57,Fruits and Vegetables,2014,OUT013,Tier 3,High,Supermarket Type1,0.058542509,14.1,86.9198,4,9,14.84729669
Low Fat,FDM56,Fruits and Vegetables,2014,OUT013,Tier 3,High,Supermarket Type1,0.069851683,19.1,210.659,4,9,30.15804215
Low Fat,FDY07,Fruits and Vegetables,2014,OUT013,Tier 3,High,Supermarket Type1,0.058778429,19.7,55.993,4,9,9.526113738
Low Fat,FDA43,Fruits and Vegetables,2014,OUT013,Tier 3,High,Supermarket Type1,0.065041581,5.98,55.3614,4,9,8.511693466
Regular,FDB56,Fruits and Vegetables,2014,OUT013,Tier 3,High,Supermarket Type1,0.074627201,14.7,144.513,4,9,19.36465499
Low Fat,FDU08,Fruits and Vegetables,2014,OUT013,Tier 3,High,Supermarket Type1,0.027310252,18.25,173.408,4,9,63.49556936
Low Fat,FDQ20,Fruits and Vegetables,2014,OUT013,Tier 3,High,Supermarket Type1,0.029760052,7.5,176.103,4,9,59.17429177
Regular,FDC08,Fruits and Vegetables,2014,OUT013,Tier 3,High,Supermarket Type1,0.104035148,7.93,44.9086,4,9,4.316675745
Low Fat,FDK44,Fruits and Vegetables,2014,OUT013,Tier 3,High,Supermarket Type1,0.058778429,8.27,241.288,4,9,41.05043365
Regular,FDM08,Fruits and Vegetables,2014,OUT013,Tier 3,High,Supermarket Type1,0.053584207,10.3,154.663,4,9,28.86354183
Regular,FDB56,Fruits and Vegetables,2014,OUT013,Tier 3,High,Supermarket Type1,0.074931201,11,101.936,4,9,13.60394584
Regular,FDF44,Fruits and Vegetables,2014,OUT013,Tier 3,High,Supermarket Type1,0.05997133,18.2,43.5086,4,9,7.254899966
Regular,FDS44,Fruits and Vegetables,2014,OUT013,Tier 3,High,Supermarket Type1,0.156286566,5.03,122.276,4,9,7.823833048
Low Fat,FDG45,Fruits and Vegetables,2014,OUT013,Tier 3,High,Supermarket Type1,0.058778429,9.3,245.48,4,9,41.76362046
Low Fat,FDH57,Fruits and Vegetables,2014,OUT013,Tier 3,High,Supermarket Type1,0.0358031,10.1,115.149,4,9,32.16174018
Low Fat,FDS43,Fruits and Vegetables,2014,OUT013,Tier 3,High,Supermarket Type1,0.040577878,12.5,42.8112,4,9,10.5503792
Low Fat,FDE21,Fruits and Vegetables,2014,OUT013,Tier 3,High,Supermarket Type1,0.022980361,15.75,101.37,4,9,44.11157858
Low Fat,FDY19,Fruits and Vegetables,2014,OUT013,Tier 3,High,Supermarket Type1,0.041429246,17.6,230.901,4,9,55.73381664
Regular,FDR44,Fruits and Vegetables,2014,OUT013,Tier 3,High,Supermarket Type1,0.103080901,20.2,154.634,4,9,15.00122705
Regular,FDU19,Fruits and Vegetables,2014,OUT013,Tier 3,High,Supermarket Type1,0.046844194,12.3,115.983,4,9,24.75931169
Regular,FDX56,Fruits and Vegetables,2014,OUT013,Tier 3,High,Supermarket Type1,0.058778429,18.25,260.296,4,9,44.28427306
Regular,FDQ32,Fruits and Vegetables,2014,OUT013,Tier 3,High,Supermarket Type1,0.046680961,6.28,85.5198,4,9,18.32005986
Low Fat,FDC45,Fruits and Vegetables,2014,OUT013,Tier 3,High,Supermarket Type1,0.237651344,9.395,226.072,4,9,9.512759162
Low Fat,FDL20,Fruits and Vegetables,2014,OUT013,Tier 3,High,Supermarket Type1,0.224837308,18.7,50.2324,4,9,2.234166582
Regular,FDC57,Fruits and Vegetables,2014,OUT013,Tier 3,High,Supermarket Type1,0.095587976,5.44,174.637,4,9,18.26976648
Regular,FDK08,Fruits and Vegetables,2014,OUT013,Tier 3,High,Supermarket Type1,0.214139786,11.15,102.765,4,9,4.798968091
Regular,FDS31,Fruits and Vegetables,2014,OUT013,Tier 3,High,Supermarket Type1,0.058778429,16,179.763,4,9,30.58315832
Low Fat,FDP32,Fruits and Vegetables,2014,OUT013,Tier 3,High,Supermarket Type1,0.087669485,6.575,146.044,4,9,16.65847587
Regular,FDK08,Fruits and Vegetables,2014,OUT013,Tier 3,High,Supermarket Type1,0.122304725,7.72,76.3986,4,9,6.246577963
Regular,FDW44,Fruits and Vegetables,2014,OUT013,Tier 3,High,Supermarket Type1,0.035151215,4.615,231.33,4,9,65.80995849
Regular,FDD21,Fruits and Vegetables,2014,OUT013,Tier 3,High,Supermarket Type1,0.030569229,8.1,88.5198,4,9,28.95715819
Regular,FDY20,Fruits and Vegetables,2014,OUT013,Tier 3,High,Supermarket Type1,0.08175276,13,195.843,4,9,23.9555215
Regular,FDT55,Fruits and Vegetables,2014,OUT013,Tier 3,High,Supermarket Type1,0.043655155,15.7,171.179,4,9,39.21163491
Regular,FDP08,Fruits and Vegetables,2014,OUT013,Tier 3,High,Supermarket Type1,0.112410046,11.15,150.471,4,9,13.38590325
Low Fat,FDF09,Fruits and Vegetables,2014,OUT013,Tier 3,High,Supermarket Type1,0.012173543,7.75,32.6558,4,9,26.82522253
Low Fat,FDJ08,Fruits and Vegetables,2014,OUT013,Tier 3,High,Supermarket Type1,0.11089655,9.195,51.1666,4,9,4.613903679
Low Fat,FDS43,Fruits and Vegetables,2014,OUT013,Tier 3,High,Supermarket Type1,0.040597054,10.195,141.784,4,9,34.92470168
Low Fat,FDO44,Fruits and Vegetables,2014,OUT013,Tier 3,High,Supermarket Type1,0.087630566,16.85,194.148,4,9,22.15528312
Low Fat,FDE21,Fruits and Vegetables,2014,OUT013,Tier 3,High,Supermarket Type1,0.02299122,8.96,195.377,4,9,84.97896153
Low Fat,FDT31,Fruits and Vegetables,2014,OUT013,Tier 3,High,Supermarket Type1,0.01247354,11.35,197.974,4,9,158.7151683
Low Fat,FDD08,Fruits and Vegetables,2014,OUT013,Tier 3,High,Supermarket Type1,0.03555434,12.6,250.909,4,9,70.57056888
Low Fat,FDY07,Fruits and Vegetables,2014,OUT013,Tier 3,High,Supermarket Type1,0.122289654,20.7,125.539,4,9,10.26570899
Low Fat,FDS07,Fruits and Vegetables,2014,OUT013,Tier 3,High,Supermarket Type1,0.100322104,5.15,122.539,4,9,12.21455643
Low Fat,FDM44,Fruits and Vegetables,2014,OUT013,Tier 3,High,Supermarket Type1,0.031225303,6.935,101.833,4,9,32.61233366
Regular,FDV44,Fruits and Vegetables,2014,OUT013,Tier 3,High,Supermarket Type1,0.039925235,16.85,111.654,4,9,27.96577152
Regular,FDC33,Fruits and Vegetables,2014,OUT013,Tier 3,High,Supermarket Type1,0.069078149,13,173.605,4,9,25.13168093
Regular,FDX07,Fruits and Vegetables,2014,OUT013,Tier 3,High,Supermarket Type1,0.022965292,19.35,162.487,4,9,70.75329153
Regular,FDS56,Fruits and Vegetables,2014,OUT013,Tier 3,High,Supermarket Type1,0.038976089,13.5,96.1068,4,9,24.65788704
Regular,FDD44,Fruits and Vegetables,2014,OUT013,Tier 3,High,Supermarket Type1,0.07884393,17.1,85.3566,4,9,10.82602047
Regular,FDR44,Fruits and Vegetables,2014,OUT013,Tier 3,High,Supermarket Type1,0.103129612,7.06,59.5904,4,9,5.778204615
Regular,FDF45,Fruits and Vegetables,2022,OUT018,Tier 3,Medium,Supermarket Type2,0.012229464,8.895,175.937,4,1,143.8632143
Low Fat,FDX43,Fruits and Vegetables,2022,OUT018,Tier 3,Medium,Supermarket Type2,0.085258864,12.1,165.553,4,1,19.41768776
Low Fat,FDV32,Fruits and Vegetables,2022,OUT018,Tier 3,Medium,Supermarket Type2,0.088691614,13.5,187.087,4,1,21.09410254
Low Fat,FDK56,Fruits and Vegetables,2022,OUT018,Tier 3,Medium,Supermarket Type2,0.058778429,9.3,195.814,4,1,33.31392202
Low Fat,FDE44,Fruits and Vegetables,2022,OUT018,Tier 3,Medium,Supermarket Type2,0.171355643,18,80.2618,4,1,4.683930952
Low Fat,FDY55,Fruits and Vegetables,2022,OUT018,Tier 3,Medium,Supermarket Type2,0.081304829,13.65,230.267,4,1,28.32144201
Low Fat,FDL44,Fruits and Vegetables,2022,OUT018,Tier 3,Medium,Supermarket Type2,0.012272797,11.6,177.069,4,1,144.2776247
Regular,FDH20,Fruits and Vegetables,2022,OUT018,Tier 3,Medium,Supermarket Type2,0.024944396,18.85,254.433,4,1,102.0000645
Regular,FDF56,Fruits and Vegetables,2022,OUT018,Tier 3,Medium,Supermarket Type2,0.119439636,9.27,148.005,4,1,12.39161513
Regular,FDW19,Fruits and Vegetables,2022,OUT018,Tier 3,Medium,Supermarket Type2,0.064441812,14.3,121.173,4,1,18.80347499
Regular,FDE33,Fruits and Vegetables,2022,OUT018,Tier 3,Medium,Supermarket Type2,0.083079826,15.75,38.0506,4,1,4.580004778
Regular,FDQ19,Fruits and Vegetables,2022,OUT018,Tier 3,Medium,Supermarket Type2,0.024044279,17.75,257.467,4,1,107.0803579
Low Fat,FDD57,Fruits and Vegetables,2022,OUT018,Tier 3,Medium,Supermarket Type2,0.022380952,6.325,100.904,4,1,45.08476672
Low Fat,FDS55,Fruits and Vegetables,2022,OUT018,Tier 3,Medium,Supermarket Type2,0.081096635,7.035,264.691,4,1,32.63896215
Low Fat,FDB20,Fruits and Vegetables,2022,OUT018,Tier 3,Medium,Supermarket Type2,0.05193741,20.85,195.348,4,1,37.61219514
Low Fat,FDW08,Fruits and Vegetables,2022,OUT018,Tier 3,Medium,Supermarket Type2,0.14825809,5.655,167.25,4,1,11.28100328
Low Fat,FDL56,Fruits and Vegetables,2022,OUT018,Tier 3,Medium,Supermarket Type2,0.125675936,5.98,145.342,4,1,11.56482336
Low Fat,FDI20,Fruits and Vegetables,2022,OUT018,Tier 3,Medium,Supermarket Type2,0.038531668,9.5,110.323,4,1,28.63177374
Low Fat,FDA44,Fruits and Vegetables,2022,OUT018,Tier 3,Medium,Supermarket Type2,0.053178425,10.3,97.3042,4,1,18.29768369
Regular,FDC33,Fruits and Vegetables,2022,OUT018,Tier 3,Medium,Supermarket Type2,0.068880971,10.65,56.2272,4,1,8.162951129
Regular,FDW31,Fruits and Vegetables,2022,OUT018,Tier 3,Medium,Supermarket Type2,0.043122189,10.895,131.328,4,1,30.45485469
Regular,FDW55,Fruits and Vegetables,2022,OUT018,Tier 3,Medium,Supermarket Type2,0.021951613,12.85,179.932,4,1,81.96755291
Regular,FDJ20,Fruits and Vegetables,2022,OUT018,Tier 3,Medium,Supermarket Type2,0.100091576,14.85,169.747,4,1,16.95916947
Low Fat,FDX43,Fruits and Vegetables,2022,OUT018,Tier 3,Medium,Supermarket Type2,0.085622362,18.25,162.889,4,1,19.02411896
Low Fat,FDY31,Fruits and Vegetables,2022,OUT018,Tier 3,Medium,Supermarket Type2,0.043740308,19.85,127.102,4,1,29.05832305
Low Fat,FDV07,Fruits and Vegetables,2022,OUT018,Tier 3,Medium,Supermarket Type2,0.031410378,20.7,37.8506,4,1,12.05034845
Low Fat,FDU08,Fruits and Vegetables,2022,OUT018,Tier 3,Medium,Supermarket Type2,0.027426689,17,123.773,4,1,45.12867011
Low Fat,FDC20,Fruits and Vegetables,2022,OUT018,Tier 3,Medium,Supermarket Type2,0.024069113,7.825,253.57,4,1,105.3507871
Low Fat,FDH57,Fruits and Vegetables,2022,OUT018,Tier 3,Medium,Supermarket Type2,0.035893143,17,124.536,4,1,34.69632069
Low Fat,FDX08,Fruits and Vegetables,2022,OUT018,Tier 3,Medium,Supermarket Type2,0.022696131,17.1,167.084,4,1,73.61783381
Low Fat,FDY43,Fruits and Vegetables,2022,OUT018,Tier 3,Medium,Supermarket Type2,0.098803088,19.75,100.833,4,1,10.20545026
Low Fat,FDL44,Fruits and Vegetables,2022,OUT018,Tier 3,Medium,Supermarket Type2,0.012325122,7.825,62.7826,4,1,50.93872499
Low Fat,FDP20,Fruits and Vegetables,2022,OUT018,Tier 3,Medium,Supermarket Type2,0.045855273,16.35,165.484,4,1,36.08832511
Low Fat,FDE32,Fruits and Vegetables,2022,OUT018,Tier 3,Medium,Supermarket Type2,0.048957533,14.6,241.254,4,1,49.27821833
Regular,FDR44,Fruits and Vegetables,2022,OUT018,Tier 3,Medium,Supermarket Type2,0.103340142,18.6,58.7588,4,1,5.685960834
Regular,FDO56,Fruits and Vegetables,2022,OUT018,Tier 3,Medium,Supermarket Type2,0.045165796,8.395,99.5042,4,1,22.03087487
Regular,FDD21,Fruits and Vegetables,2022,OUT018,Tier 3,Medium,Supermarket Type2,0.030693756,9,178.137,4,1,58.03688542
Regular,FDQ55,Fruits and Vegetables,2022,OUT018,Tier 3,Medium,Supermarket Type2,0.013091186,9.3,106.796,4,1,81.57855216
Regular,FDY56,Fruits and Vegetables,2022,OUT018,Tier 3,Medium,Supermarket Type2,0.062665642,17.85,213.756,4,1,34.11055774
Regular,FDX56,Fruits and Vegetables,2022,OUT018,Tier 3,Medium,Supermarket Type2,0.07436116,15.35,218.351,4,1,29.36358174
Low Fat,FDA56,Fruits and Vegetables,2022,OUT018,Tier 3,Medium,Supermarket Type2,0.008722342,5.695,257.499,4,1,295.2177294
Low Fat,FDQ56,Fruits and Vegetables,2022,OUT018,Tier 3,Medium,Supermarket Type2,0.105085956,9.6,104.799,4,1,9.972693211
Low Fat,FDZ20,Fruits and Vegetables,2022,OUT018,Tier 3,Medium,Supermarket Type2,0.058778429,7.895,101.133,4,1,17.20580181
Regular,FDB57,Fruits and Vegetables,2022,OUT018,Tier 3,Medium,Supermarket Type2,0.01871404,6.615,251.841,4,1,134.5732936
Regular,FDC08,Fruits and Vegetables,2022,OUT018,Tier 3,Medium,Supermarket Type2,0.102949031,17.35,89.6856,4,1,8.71165072
Regular,FDK08,Fruits and Vegetables,2022,OUT018,Tier 3,Medium,Supermarket Type2,0.121712459,19.2,153.431,4,1,12.60602253
Regular,FDN08,Fruits and Vegetables,2022,OUT018,Tier 3,Medium,Supermarket Type2,0.087936752,19.5,158.792,4,1,18.05752389
Regular,FDQ19,Fruits and Vegetables,2022,OUT018,Tier 3,Medium,Supermarket Type2,0.014295564,8.3,87.1198,4,1,60.94184182
Regular,FDU43,Fruits and Vegetables,2022,OUT018,Tier 3,Medium,Supermarket Type2,0.057762301,17.75,239.154,4,1,41.40312901
Regular,FDW55,Fruits and Vegetables,2022,OUT018,Tier 3,Medium,Supermarket Type2,0.021863506,9.695,246.214,4,1,112.6141434
Regular,FDZ31,Fruits and Vegetables,2022,OUT018,Tier 3,Medium,Supermarket Type2,0.112668963,6.11,131.297,4,1,11.65334237
Regular,FDV20,Fruits and Vegetables,2022,OUT018,Tier 3,Medium,Supermarket Type2,0.059511812,10.195,118.481,4,1,19.90882079
Low Fat,FDX44,Fruits and Vegetables,2022,OUT018,Tier 3,Medium,Supermarket Type2,0.043209581,10.3,114.218,4,1,26.43348937
Regular,FDS31,Fruits and Vegetables,2022,OUT018,Tier 3,Medium,Supermarket Type2,0.044155597,13.65,114.883,4,1,26.01776622
Regular,FDV20,Fruits and Vegetables,2022,OUT018,Tier 3,Medium,Supermarket Type2,0.104704537,16.35,225.606,4,1,21.5469173
Regular,FDW07,Fruits and Vegetables,2022,OUT018,Tier 3,Medium,Supermarket Type2,0.142978223,17.1,206.164,4,1,14.4192588
Low Fat,FDP32,Fruits and Vegetables,2022,OUT018,Tier 3,Medium,Supermarket Type2,0.087652908,6.69,176.837,4,1,20.17468719
Regular,FDL32,Fruits and Vegetables,2022,OUT018,Tier 3,Medium,Supermarket Type2,0.122657336,10,129.699,4,1,10.57409236
Regular,FDF21,Fruits and Vegetables,2022,OUT018,Tier 3,Medium,Supermarket Type2,0.098464979,11.6,223.04,4,1,22.65170848
Low Fat,FDU55,Fruits and Vegetables,2022,OUT018,Tier 3,Medium,Supermarket Type2,0.035967107,16.5,143.913,4,1,40.01239243
Regular,FDY44,Fruits and Vegetables,2022,OUT018,Tier 3,Medium,Supermarket Type2,0.024442501,8.21,150.539,4,1,61.58903297
Regular,FDF56,Fruits and Vegetables,2018,OUT027,Tier 3,Medium,Supermarket Type3,0.119647957,12.6,167.118,4,5,13.96747627
Low Fat,FDA32,Fruits and Vegetables,2018,OUT027,Tier 3,Medium,Supermarket Type3,0.052691046,12.6,145.713,4,5,27.65422421
Low Fat,FDA19,Fruits and Vegetables,2018,OUT027,Tier 3,Medium,Supermarket Type3,0.058778429,12.6,47.4034,4,5,8.064761309
Low Fat,FDI32,Fruits and Vegetables,2018,OUT027,Tier 3,Medium,Supermarket Type3,0.305305397,12.6,158.96,4,5,5.206589912
Regular,FDK20,Fruits and Vegetables,2018,OUT027,Tier 3,Medium,Supermarket Type3,0.072762086,12.6,35.2874,4,5,4.849696035
Regular,FDR32,Fruits and Vegetables,2018,OUT027,Tier 3,Medium,Supermarket Type3,0.150238656,12.6,127.102,4,5,8.460006458
Low Fat,FDJ32,Fruits and Vegetables,2018,OUT027,Tier 3,Medium,Supermarket Type3,0.057792343,12.6,218.217,4,5,37.75880829
Low Fat,FDC44,Fruits and Vegetables,2018,OUT027,Tier 3,Medium,Supermarket Type3,0.172596885,12.6,120.71,4,5,6.993753103
Low Fat,FDC32,Fruits and Vegetables,2018,OUT027,Tier 3,Medium,Supermarket Type3,0.099309997,12.6,98.97,4,5,9.965764071
Low Fat,FDA44,Fruits and Vegetables,2018,OUT027,Tier 3,Medium,Supermarket Type3,0.053330653,12.6,162.655,4,5,30.49934528
Low Fat,FDO32,Fruits and Vegetables,2018,OUT027,Tier 3,Medium,Supermarket Type3,0.121225455,12.6,53.3298,4,5,4.399224569
Low Fat,FDB21,Fruits and Vegetables,2018,OUT027,Tier 3,Medium,Supermarket Type3,0.149360698,12.6,248.375,4,5,16.62920724
Regular,FDR32,Fruits and Vegetables,2018,OUT027,Tier 3,Medium,Supermarket Type3,0.085981978,12.6,222.846,4,5,25.91775686
Regular,FDU44,Fruits and Vegetables,2018,OUT027,Tier 3,Medium,Supermarket Type3,0.058756205,12.6,184.229,4,5,31.35481606
Regular,FDD56,Fruits and Vegetables,2018,OUT027,Tier 3,Medium,Supermarket Type3,0.104365283,12.6,40.0454,4,5,3.837042247
Regular,FDS32,Fruits and Vegetables,2018,OUT027,Tier 3,Medium,Supermarket Type3,0.029821648,12.6,47.1402,4,5,15.8073759
Regular,FDI08,Fruits and Vegetables,2018,OUT027,Tier 3,Medium,Supermarket Type3,0.066672058,12.6,123.541,4,5,18.52965151
Low Fat,FDD45,Fruits and Vegetables,2018,OUT027,Tier 3,Medium,Supermarket Type3,0.116226984,12.6,82.3908,4,5,7.088784133
Low Fat,FDU32,Fruits and Vegetables,2018,OUT027,Tier 3,Medium,Supermarket Type3,0.025962714,12.6,253.036,4,5,97.46130547
Low Fat,FDI32,Fruits and Vegetables,2018,OUT027,Tier 3,Medium,Supermarket Type3,0.174340475,12.6,97.2384,4,5,5.577500004
Regular,FDN56,Fruits and Vegetables,2018,OUT027,Tier 3,Medium,Supermarket Type3,0.107036943,12.6,123.041,4,5,11.49519003
Regular,FDZ08,Fruits and Vegetables,2018,OUT027,Tier 3,Medium,Supermarket Type3,0.109971578,12.6,100.933,4,5,9.178098727
Regular,FDQ55,Fruits and Vegetables,2018,OUT027,Tier 3,Medium,Supermarket Type3,0.013035609,12.6,125.934,4,5,96.60768438
Regular,FDX32,Fruits and Vegetables,2018,OUT027,Tier 3,Medium,Supermarket Type3,0.099839365,12.6,34.8558,4,5,3.49118807
Regular,FDZ31,Fruits and Vegetables,2018,OUT027,Tier 3,Medium,Supermarket Type3,0.113195815,12.6,143.781,4,5,12.70197136
Low Fat,FDD57,Fruits and Vegetables,2018,OUT027,Tier 3,Medium,Supermarket Type3,0.037492325,12.6,184.661,4,5,49.25301378
Low Fat,FDI56,Fruits and Vegetables,2018,OUT027,Tier 3,Medium,Supermarket Type3,0.093307668,12.6,157.56,4,5,16.886072
Low Fat,FDQ44,Fruits and Vegetables,2018,OUT027,Tier 3,Medium,Supermarket Type3,0.036110222,12.6,45.7428,4,5,12.66754882
Regular,FDL32,Fruits and Vegetables,2018,OUT027,Tier 3,Medium,Supermarket Type3,0.058778429,12.6,132.963,4,5,22.62105372
Regular,FDO31,Fruits and Vegetables,2018,OUT027,Tier 3,Medium,Supermarket Type3,0.028958563,12.6,167.282,4,5,57.7659879
Low Fat,FDI56,Fruits and Vegetables,2018,OUT027,Tier 3,Medium,Supermarket Type3,0.093765794,12.6,248.809,4,5,26.53515631
Low Fat,FDD45,Fruits and Vegetables,2018,OUT027,Tier 3,Medium,Supermarket Type3,0.116722514,12.6,39.1848,4,5,3.357090133
Regular,FDR56,Fruits and Vegetables,2018,OUT027,Tier 3,Medium,Supermarket Type3,0.101176316,12.6,121.044,4,5,11.96366944
Regular,FDA55,Fruits and Vegetables,2018,OUT027,Tier 3,Medium,Supermarket Type3,0.057221177,12.6,97.2726,4,5,16.99940566
Low Fat,FDY07,Fruits and Vegetables,2018,OUT027,Tier 3,Medium,Supermarket Type3,0.058778429,12.6,143.813,4,5,24.466969
Regular,FDX07,Fruits and Vegetables,2018,OUT027,Tier 3,Medium,Supermarket Type3,0.022807826,12.6,156.529,4,5,68.6295134
Regular,FDY56,Fruits and Vegetables,2018,OUT027,Tier 3,Medium,Supermarket Type3,0.062109174,12.6,83.6224,4,5,13.4637759
Regular,FDY56,Fruits and Vegetables,2018,OUT027,Tier 3,Medium,Supermarket Type3,0.062508438,12.6,173.742,4,5,27.79496746
Low Fat,FDA44,Fruits and Vegetables,2018,OUT027,Tier 3,Medium,Supermarket Type3,0.089083914,12.6,250.909,4,5,28.16546655
Low Fat,FDT08,Fruits and Vegetables,2018,OUT027,Tier 3,Medium,Supermarket Type3,0.04929502,12.6,112.918,4,5,22.90657352
Regular,FDR19,Fruits and Vegetables,2018,OUT027,Tier 3,Medium,Supermarket Type3,0.159587755,12.6,154.463,4,5,9.678875425
Low Fat,FDE45,Fruits and Vegetables,2018,OUT027,Tier 3,Medium,Supermarket Type3,0.040357315,12.6,258.728,4,5,64.10931946
Low Fat,FDF09,Fruits and Vegetables,2018,OUT027,Tier 3,Medium,Supermarket Type3,0.012167793,12.6,158.429,4,5,130.2035628
Low Fat,FDE57,Fruits and Vegetables,2018,OUT027,Tier 3,Medium,Supermarket Type3,0.036341539,12.6,182.527,4,5,50.22544587
Low Fat,FDW08,Fruits and Vegetables,2018,OUT027,Tier 3,Medium,Supermarket Type3,0.148612263,12.6,223.477,4,5,15.03758812
Low Fat,FDG32,Fruits and Vegetables,2018,OUT027,Tier 3,Medium,Supermarket Type3,0.308145448,12.6,225.272,4,5,7.310573674
Regular,FDZ32,Fruits and Vegetables,2018,OUT027,Tier 3,Medium,Supermarket Type3,0.066765523,12.6,101.202,4,5,15.1578233
Low Fat,FDB45,Fruits and Vegetables,2018,OUT027,Tier 3,Medium,Supermarket Type3,0.021329793,12.6,115.947,4,5,54.35917733
Regular,FDW43,Fruits and Vegetables,2018,OUT027,Tier 3,Medium,Supermarket Type3,0.022425236,12.6,242.651,4,5,108.2044354
Low Fat,FDZ20,Fruits and Vegetables,2018,OUT027,Tier 3,Medium,Supermarket Type3,0.034501016,12.6,237.356,4,5,68.79681456
Low Fat,FDM56,Fruits and Vegetables,2018,OUT027,Tier 3,Medium,Supermarket Type3,0.070588621,12.6,247.009,4,5,34.99275046
Regular,FDR55,Fruits and Vegetables,2018,OUT027,Tier 3,Medium,Supermarket Type3,0.132351411,12.6,191.05,4,5,14.43505578
Regular,FDR44,Fruits and Vegetables,2018,OUT027,Tier 3,Medium,Supermarket Type3,0.103503049,12.6,98.1042,4,5,9.478387443
Regular,FDV20,Fruits and Vegetables,2018,OUT027,Tier 3,Medium,Supermarket Type3,0.058778429,12.6,182.161,4,5,30.99113112
Regular,FDH56,Fruits and Vegetables,2018,OUT027,Tier 3,Medium,Supermarket Type3,0.063805139,12.6,45.4718,4,5,7.126667336
Regular,FDU31,Fruits and Vegetables,2018,OUT027,Tier 3,Medium,Supermarket Type3,0.02498633,12.6,96.6094,4,5,38.66490197
Low Fat,FDA43,Fruits and Vegetables,2018,OUT027,Tier 3,Medium,Supermarket Type3,0.108253944,12.6,167.482,4,5,15.47121461
Regular,FDQ08,Fruits and Vegetables,2018,OUT027,Tier 3,Medium,Supermarket Type3,0.031685529,12.6,261.091,4,5,82.40070728
Regular,FDT32,Fruits and Vegetables,2018,OUT027,Tier 3,Medium,Supermarket Type3,0.10985775,12.6,88.5856,4,5,8.063664147
Low Fat,FDU07,Fruits and Vegetables,2018,OUT027,Tier 3,Medium,Supermarket Type3,0.059797172,12.6,252.272,4,5,42.18794829
Low Fat,FDI32,Fruits and Vegetables,2018,OUT027,Tier 3,Medium,Supermarket Type3,0.174228338,12.6,186.692,4,5,10.71536365
Regular,FDQ31,Fruits and Vegetables,2018,OUT027,Tier 3,Medium,Supermarket Type3,0.054066567,12.6,224.006,4,5,41.43151904
Regular,FDG08,Fruits and Vegetables,2018,OUT027,Tier 3,Medium,Supermarket Type3,0.166032929,12.6,183.992,4,5,11.08165718
Regular,FDO19,Fruits and Vegetables,2017,OUT035,Tier 2,Small,Supermarket Type1,0.016664252,13.35,230.535,3.9,6,138.3410429
Low Fat,FDI20,Fruits and Vegetables,2017,OUT035,Tier 2,Small,Supermarket Type1,0.038377013,14.6,196.508,3.9,6,51.20461043
Low Fat,FDE09,Fruits and Vegetables,2018,OUT019,Tier 1,Small,Grocery Store,0.021498768,12.6,107.694,3.9,5,50.09310301
Low Fat,FDJ32,Fruits and Vegetables,2016,OUT046,Tier 1,Small,Supermarket Type1,0.057512481,17.5,174.874,3.9,7,30.40626955
Low Fat,FDN32,Fruits and Vegetables,2018,OUT027,Tier 3,Medium,Supermarket Type3,0.015485016,12.6,128.068,3.9,5,82.70446734
Low Fat,FDZ56,Fruits and Vegetables,2011,OUT010,Tier 3,Small,Grocery Store,0.025612348,6.42,178.1,3.9,12,69.53677187
Low Fat,FDQ20,Fruits and Vegetables,2015,OUT045,Tier 2,Small,Supermarket Type1,0.029640604,19.6,153.302,3.9,8,51.72026859
Regular,FDX07,Fruits and Vegetables,2015,OUT045,Tier 2,Small,Supermarket Type1,0.058778429,9.195,106.162,3.9,8,18.06138779
Low Fat,FDR07,Fruits and Vegetables,2017,OUT035,Tier 2,Small,Supermarket Type1,0.077367431,19.35,172.574,3.9,6,22.30576843
Regular,FDW43,Fruits and Vegetables,2015,OUT045,Tier 2,Small,Supermarket Type1,0.022460102,5.905,222.546,3.9,8,99.08503532
Regular,FDK20,Fruits and Vegetables,2016,OUT046,Tier 1,Small,Supermarket Type1,0.041622264,7.76,101.87,3.9,7,24.474882
Low Fat,FDQ56,Fruits and Vegetables,2022,OUT018,Tier 3,Medium,Supermarket Type2,0.105577348,16.75,187.956,3.9,1,17.80268245
Low Fat,FDZ56,Fruits and Vegetables,2017,OUT035,Tier 2,Small,Supermarket Type1,0.025715562,17.7,95.041,3.9,6,36.95855451
Low Fat,FDY31,Fruits and Vegetables,2020,OUT017,Tier 2,Small,Supermarket Type1,0.04363058,9.3,90.8172,3.9,3,20.81503386
Regular,FDR32,Fruits and Vegetables,2012,OUT049,Tier 1,Medium,Supermarket Type1,0.058778429,16.6,177.634,3.9,11,30.22095061
Regular,FDT32,Fruits and Vegetables,2014,OUT013,Tier 3,High,Supermarket Type1,0.065735977,13.1,178.832,3.9,9,27.2045854
Low Fat,FDB09,Fruits and Vegetables,2015,OUT045,Tier 2,Small,Supermarket Type1,0.100493148,11.3,198.143,3.9,8,19.71706568
Regular,FDT07,Fruits and Vegetables,2015,OUT045,Tier 2,Small,Supermarket Type1,0.135375727,16.1,189.385,3.9,8,13.98958323
Low Fat,FDH08,Fruits and Vegetables,2018,OUT027,Tier 3,Medium,Supermarket Type3,0.01742908,12.6,126.202,3.9,5,72.40887069
Low Fat,FDR08,Fruits and Vegetables,2017,OUT035,Tier 2,Small,Supermarket Type1,0.037622954,7.09,47.9034,3.9,6,12.73249304
Low Fat,FDI20,Fruits and Vegetables,2018,OUT019,Tier 1,Small,Grocery Store,0.03856376,12.6,125.268,3.9,5,32.48334706
Low Fat,FDM32,Fruits and Vegetables,2015,OUT045,Tier 2,Small,Supermarket Type1,0.020605032,10.6,86.1224,3.9,8,41.79678051
Regular,FDF56,Fruits and Vegetables,2015,OUT045,Tier 2,Small,Supermarket Type1,0.119462225,18,87.4514,3.9,8,7.320422837
Low Fat,FDN44,Fruits and Vegetables,2016,OUT046,Tier 1,Small,Supermarket Type1,0.022924552,10.1,200.208,3.9,7,87.33344058
Low Fat,FDA32,Fruits and Vegetables,2016,OUT046,Tier 1,Small,Supermarket Type1,0.058778429,18.25,196.845,3.9,7,33.4893265
Low Fat,FDO32,Fruits and Vegetables,2017,OUT035,Tier 2,Small,Supermarket Type1,0.120788077,6.65,128.868,3.9,6,10.66893382
Low Fat,FDI20,Fruits and Vegetables,2022,OUT018,Tier 3,Medium,Supermarket Type2,0.038641968,7.93,123.241,3.9,1,31.89304437
Regular,FDN56,Fruits and Vegetables,2015,OUT045,Tier 2,Medium,Supermarket Type1,0.107274301,13.65,211.59,3.9,8,19.72420216
Regular,FDV56,Fruits and Vegetables,2020,OUT017,Tier 2,Medium,Supermarket Type1,0.013623294,17.25,253.172,3.9,3,185.8375808
Regular,FDU20,Fruits and Vegetables,2012,OUT049,Tier 1,Medium,Supermarket Type1,0.021501067,7.55,152.734,3.9,11,71.03554442
Regular,FDV19,Fruits and Vegetables,2011,OUT010,Tier 3,Medium,Grocery Store,0.03525037,17.25,99.2068,3.9,12,28.14347764
Low Fat,FDE09,Fruits and Vegetables,2011,OUT010,Tier 3,Medium,Grocery Store,0.036159635,13.8,55.893,3.9,12,15.45729098
Regular,FDO56,Fruits and Vegetables,2015,OUT045,Tier 2,Medium,Supermarket Type1,0.075291577,4.785,119.71,3.9,8,15.89952087
Low Fat,FDX44,Fruits and Vegetables,2014,OUT013,Tier 3,High,Supermarket Type1,0.042930789,17.35,80.5618,3.9,9,18.7655065
Low Fat,FDG57,Fruits and Vegetables,2016,OUT046,Tier 1,Small,Supermarket Type1,0.072238195,16.7,57.4562,3.9,7,7.95371479
Low Fat,FDA44,Fruits and Vegetables,2011,OUT010,Tier 3,Medium,Grocery Store,0.053439522,17.7,184.129,3.9,12,34.45558514
Low Fat,FDS07,Fruits and Vegetables,2022,OUT018,Tier 3,Medium,Supermarket Type2,0.100164204,6.38,178.334,3.9,1,17.80416485
Low Fat,FDF32,Fruits and Vegetables,2012,OUT049,Tier 1,Medium,Supermarket Type1,0.058778429,15.7,110.154,3.9,11,18.74054851
Regular,FDF08,Fruits and Vegetables,2020,OUT017,Tier 2,Medium,Supermarket Type1,0.058778429,15.1,131.994,3.9,3,22.45619732
Regular,FDU19,Fruits and Vegetables,2012,OUT049,Tier 1,Medium,Supermarket Type1,0.046962004,14.3,210.359,3.9,11,44.79344621
Regular,FDG56,Fruits and Vegetables,2011,OUT010,Tier 3,Medium,Grocery Store,0.071106549,10.3,188.653,3.9,12,26.53103021
Regular,FDH45,Fruits and Vegetables,2014,OUT013,Tier 3,High,Supermarket Type1,0.105646853,20.85,192.748,3.9,9,18.2445567
Low Fat,FDB08,Fruits and Vegetables,2017,OUT035,Tier 2,Small,Supermarket Type1,0.031151714,15.5,41.577,3.9,6,13.34661714
Regular,FDT55,Fruits and Vegetables,2015,OUT045,Tier 2,Medium,Supermarket Type1,0.058778429,11.6,57.9272,3.9,8,9.855180036
Low Fat,FDC20,Fruits and Vegetables,2012,OUT049,Tier 1,Medium,Supermarket Type1,0.023971463,12.15,165.018,3.9,11,68.83935286
Low Fat,FDT43,Fruits and Vegetables,2012,OUT049,Tier 1,Medium,Supermarket Type1,0.020547951,15.7,177.966,3.9,11,86.61009558
Low Fat,FDD57,Fruits and Vegetables,2012,OUT049,Tier 1,Medium,Supermarket Type1,0.022399592,16.2,260.328,3.9,11,116.219974
Regular,FDQ07,Fruits and Vegetables,2012,OUT049,Tier 1,Medium,Supermarket Type1,0.087406863,9.3,123.239,3.9,11,14.09946494
Regular,FDX56,Fruits and Vegetables,2012,OUT049,Tier 1,Medium,Supermarket Type1,0.074059474,9.695,158.86,3.9,11,21.45032788
Low Fat,FDQ20,Fruits and Vegetables,2012,OUT049,Tier 1,Medium,Supermarket Type1,0.029845243,8.02,157.597,3.9,11,52.80473005
Regular,FDP08,Fruits and Vegetables,2012,OUT049,Tier 1,Medium,Supermarket Type1,0.113045883,14.15,197.111,3.9,11,17.43637139
Low Fat,FDY31,Fruits and Vegetables,2012,OUT049,Tier 1,Medium,Supermarket Type1,0.043554614,20.25,232.762,3.9,11,53.44141036
Low Fat,FDR43,Fruits and Vegetables,2012,OUT049,Tier 1,Medium,Supermarket Type1,0.161458973,9.06,213.256,3.9,11,13.20806122
Low Fat,FDA19,Fruits and Vegetables,2012,OUT049,Tier 1,Medium,Supermarket Type1,0.092272132,7.315,153.434,3.9,11,16.62842254
Low Fat,FDX20,Fruits and Vegetables,2012,OUT049,Tier 1,Medium,Supermarket Type1,0.042524835,9.395,85.025,3.9,11,19.99419868
Low Fat,FDA56,Fruits and Vegetables,2012,OUT049,Tier 1,Medium,Supermarket Type1,0.008757492,17.7,182.427,3.9,11,208.3096393
Low Fat,FDB33,Fruits and Vegetables,2012,OUT049,Tier 1,Medium,Supermarket Type1,0.014568036,7.535,120.344,3.9,11,82.60825275
Low Fat,FDL44,Fruits and Vegetables,2012,OUT049,Tier 1,Medium,Supermarket Type1,0.012264903,15.7,182.763,3.9,11,149.0130008
Regular,FDG56,Fruits and Vegetables,2012,OUT049,Tier 1,Medium,Supermarket Type1,0.0713931,20.2,197.311,3.9,11,27.63726467
Regular,FDF08,Fruits and Vegetables,2012,OUT049,Tier 1,Medium,Supermarket Type1,0.065153295,6.575,145.744,3.9,11,22.3693982
Low Fat,FDM32,Fruits and Vegetables,2012,OUT049,Tier 1,Medium,Supermarket Type1,0.020688969,9.895,115.349,3.9,11,55.75386574
Regular,FDT19,Fruits and Vegetables,2012,OUT049,Tier 1,Medium,Supermarket Type1,0.145631695,17.1,141.384,3.9,11,9.708326199
Low Fat,FDB32,Fruits and Vegetables,2012,OUT049,Tier 1,Medium,Supermarket Type1,0.023339367,14.15,196.411,3.9,11,84.15438174
Low Fat,FDS08,Fruits and Vegetables,2012,OUT049,Tier 1,Medium,Supermarket Type1,0.056685383,16.7,180.998,3.9,11,31.93027733
Regular,FDR32,Fruits and Vegetables,2012,OUT049,Tier 1,Medium,Supermarket Type1,0.085392428,17.35,147.905,3.9,11,17.32062239
Low Fat,FDM20,Fruits and Vegetables,2012,OUT049,Tier 1,Medium,Supermarket Type1,0.058778429,14.85,158.263,3.9,11,26.92535386
Low Fat,FDU55,Fruits and Vegetables,2018,OUT019,Tier 1,Small,Grocery Store,0.035984104,12.6,216.319,3.9,5,60.11515529
Low Fat,FDH57,Fruits and Vegetables,2018,OUT019,Tier 1,Small,Grocery Store,0.035747522,12.6,197.877,3.9,5,55.35404664
Low Fat,FDL08,Fruits and Vegetables,2018,OUT019,Tier 1,Small,Grocery Store,0.049677651,12.6,104.433,3.9,5,21.02212925
Low Fat,FDP19,Fruits and Vegetables,2018,OUT019,Tier 1,Small,Grocery Store,0.173516063,12.6,253.301,3.9,5,14.59812974
Regular,FDF21,Fruits and Vegetables,2018,OUT019,Tier 1,Small,Grocery Store,0.058918844,12.6,247.278,3.9,5,41.9692552
Regular,FDR19,Fruits and Vegetables,2018,OUT019,Tier 1,Small,Grocery Store,0.159968994,12.6,126.699,3.9,5,7.92022234
Low Fat,FDZ44,Fruits and Vegetables,2018,OUT019,Tier 1,Small,Grocery Store,0.038729057,12.6,116.683,3.9,5,30.12802506
Low Fat,FDA56,Fruits and Vegetables,2018,OUT019,Tier 1,Small,Grocery Store,0.008764786,12.6,55.7614,3.9,5,63.61980772
Regular,FDW55,Fruits and Vegetables,2018,OUT019,Tier 1,Small,Grocery Store,0.021969896,12.6,36.3874,3.9,5,16.56239065
Low Fat,FDV32,Fruits and Vegetables,2018,OUT019,Tier 1,Small,Grocery Store,0.088888291,12.6,109.46,3.9,5,12.31433283
Low Fat,FDG45,Fruits and Vegetables,2018,OUT019,Tier 1,Small,Grocery Store,0.12829573,12.6,223.84,3.9,5,17.44719018
Low Fat,FDS20,Fruits and Vegetables,2018,OUT019,Tier 1,Small,Grocery Store,0.053976156,12.6,142.779,3.9,5,26.45223569
Low Fat,FDN31,Fruits and Vegetables,2018,OUT019,Tier 1,Small,Grocery Store,0.073029341,12.6,195.548,3.9,5,26.77663489
Low Fat,FDC44,Fruits and Vegetables,2018,OUT019,Tier 1,Small,Grocery Store,0.172946916,12.6,250.772,3.9,5,14.49994055
Low Fat,FDX19,Fruits and Vegetables,2018,OUT019,Tier 1,Small,Grocery Store,0.097280981,12.6,105.694,3.9,5,10.86481642
Regular,FDU19,Fruits and Vegetables,2018,OUT019,Tier 1,Small,Grocery Store,0.046866331,12.6,44.0402,3.9,5,9.396980532
Regular,FDT56,Fruits and Vegetables,2018,OUT019,Tier 1,Small,Grocery Store,0.115826834,12.6,150.871,3.9,5,13.02556539
Regular,FDG56,Fruits and Vegetables,2018,OUT019,Tier 1,Small,Grocery Store,0.071856726,12.6,60.0194,3.9,5,8.352648853
Low Fat,FDB32,Fruits and Vegetables,2018,OUT019,Tier 1,Small,Grocery Store,0.023448504,12.6,247.809,3.9,5,105.6822218
Low Fat,FDI56,Fruits and Vegetables,2018,OUT019,Tier 1,Small,Grocery Store,0.156307983,12.6,120.907,3.9,5,7.735177544
Regular,FDA07,Fruits and Vegetables,2018,OUT019,Tier 1,Small,Grocery Store,0.051794958,12.6,229.369,3.9,5,44.28404016
Low Fat,FDN31,Fruits and Vegetables,2018,OUT019,Tier 1,Small,Grocery Store,0.072820885,12.6,63.6484,3.9,5,8.740404624
Regular,FDK08,Fruits and Vegetables,2016,OUT046,Tier 1,Small,Supermarket Type1,0.122202946,16.6,118.812,3.9,7,9.7225152
Low Fat,FDC56,Fruits and Vegetables,2016,OUT046,Tier 1,Small,Supermarket Type1,0.122015744,10.695,61.4536,3.9,7,5.036530368
Regular,FDG20,Fruits and Vegetables,2016,OUT046,Tier 1,Small,Supermarket Type1,0.126199917,20.2,123.605,3.9,7,9.794380451
Regular,FDG09,Fruits and Vegetables,2016,OUT046,Tier 1,Small,Supermarket Type1,0.048131556,11.65,113.386,3.9,7,23.55751807
Low Fat,FDE32,Fruits and Vegetables,2016,OUT046,Tier 1,Small,Supermarket Type1,0.048522793,15.1,159.26,3.9,7,32.82168856
Low Fat,FDG44,Fruits and Vegetables,2016,OUT046,Tier 1,Small,Supermarket Type1,0.058778429,7.405,89.9146,3.9,7,15.29721048
Low Fat,FDL44,Fruits and Vegetables,2016,OUT046,Tier 1,Small,Supermarket Type1,0.012215675,8.355,148.042,3.9,7,121.1901921
Low Fat,FDQ56,Fruits and Vegetables,2016,OUT046,Tier 1,Small,Supermarket Type1,0.105761491,15.2,219.482,3.9,7,20.75254404
Low Fat,FDB44,Fruits and Vegetables,2016,OUT046,Tier 1,Small,Supermarket Type1,0.016944719,13.35,77.6012,3.9,7,45.79668745
Low Fat,FDX44,Fruits and Vegetables,2016,OUT046,Tier 1,Small,Supermarket Type1,0.043033346,15.6,114.852,3.9,7,26.68907038
Low Fat,FDX19,Fruits and Vegetables,2016,OUT046,Tier 1,Small,Supermarket Type1,0.09688421,18.25,174.708,3.9,7,18.03265981
Low Fat,FDV55,Fruits and Vegetables,2016,OUT046,Tier 1,Small,Supermarket Type1,0.05507343,19.6,151.802,3.9,7,27.56356377
Low Fat,FDC20,Fruits and Vegetables,2016,OUT046,Tier 1,Small,Supermarket Type1,0.024020078,20,113.354,3.9,7,47.19135383
Regular,FDS56,Fruits and Vegetables,2016,OUT046,Tier 1,Small,Supermarket Type1,0.064871045,7.39,252.607,3.9,7,38.93986909
Low Fat,FDS20,Fruits and Vegetables,2016,OUT046,Tier 1,Small,Supermarket Type1,0.053822086,10,250.175,3.9,7,46.48184762
Low Fat,FDU08,Fruits and Vegetables,2016,OUT046,Tier 1,Small,Supermarket Type1,0.027292686,12.65,108.694,3.9,7,39.8253217
Regular,FDV20,Fruits and Vegetables,2016,OUT046,Tier 1,Small,Supermarket Type1,0.059751638,13.35,61.2194,3.9,7,10.24564381
Regular,FDB57,Fruits and Vegetables,2016,OUT046,Tier 1,Small,Supermarket Type1,0.018789455,20.35,116.847,3.9,7,62.18754083
Regular,FDX31,Fruits and Vegetables,2016,OUT046,Tier 1,Small,Supermarket Type1,0.014813268,15.7,183.163,3.9,7,123.6479351
Low Fat,FDX20,Fruits and Vegetables,2016,OUT046,Tier 1,Small,Supermarket Type1,0.042733625,9.695,226.14,3.9,7,52.91851557
Regular,FDQ07,Fruits and Vegetables,2016,OUT046,Tier 1,Small,Supermarket Type1,0.087762922,9.5,79.596,3.9,7,9.069433673
Low Fat,FDF20,Fruits and Vegetables,2016,OUT046,Tier 1,Small,Supermarket Type1,0.033287541,11.65,85.1908,3.9,7,25.59239807
Low Fat,FDI44,Fruits and Vegetables,2016,OUT046,Tier 1,Small,Supermarket Type1,0.100388706,11.8,127.17,3.9,7,12.66775966
Regular,FDZ08,Fruits and Vegetables,2015,OUT045,Tier 2,Medium,Supermarket Type1,0.110163385,6.035,153.202,3.9,8,13.90679852
Regular,FDZ07,Fruits and Vegetables,2020,OUT017,Tier 2,Medium,Supermarket Type1,0.094037291,5.655,144.01,3.9,3,15.31413745
Regular,FDP44,Fruits and Vegetables,2015,OUT045,Tier 2,Medium,Supermarket Type1,0.079713576,18.75,97.9042,3.9,8,12.28199824
Low Fat,FDL20,Fruits and Vegetables,2015,OUT045,Tier 2,Medium,Supermarket Type1,0.129140919,7.145,161.358,3.9,8,12.49472292
Low Fat,FDB32,Fruits and Vegetables,2015,OUT045,Tier 2,Medium,Supermarket Type1,0.023585598,7.3,146.808,3.9,8,62.24476479
Regular,FDQ55,Fruits and Vegetables,2015,OUT045,Tier 2,Medium,Supermarket Type1,0.013064516,18.35,91.4462,3.9,8,69.99585748
Regular,FDP08,Fruits and Vegetables,2015,OUT045,Tier 2,Medium,Supermarket Type1,0.112638016,19.7,56.793,3.9,8,5.042080997
Low Fat,FDZ56,Fruits and Vegetables,2015,OUT045,Tier 2,Small,Supermarket Type1,0.025732114,5.03,119.376,3.9,8,46.39183551
Low Fat,FDL20,Fruits and Vegetables,2015,OUT045,Tier 2,Small,Supermarket Type1,0.128390273,6.235,264.791,3.9,8,20.6239144
Regular,FDR44,Fruits and Vegetables,2015,OUT045,Tier 2,Small,Supermarket Type1,0.102901425,14.6,199.608,3.9,8,19.3979821
Low Fat,FDI44,Fruits and Vegetables,2015,OUT045,Tier 2,Small,Supermarket Type1,0.100149459,14.65,162.455,3.9,8,16.22125587
Regular,FDB56,Fruits and Vegetables,2015,OUT045,Tier 2,Small,Supermarket Type1,0.074565098,18,170.542,3.9,8,22.87155849
Low Fat,FDA44,Fruits and Vegetables,2015,OUT045,Tier 2,Small,Supermarket Type1,0.053523765,17.5,141.418,3.9,8,26.42153443
Low Fat,FDV32,Fruits and Vegetables,2015,OUT045,Tier 2,Small,Supermarket Type1,0.155316936,20.5,153.434,3.9,8,9.878768147
Low Fat,FDS43,Fruits and Vegetables,2015,OUT045,Tier 2,Small,Supermarket Type1,0.040744057,9.6,258.462,3.9,8,63.43550913
Regular,FDP44,Fruits and Vegetables,2015,OUT045,Tier 2,Small,Supermarket Type1,0.079698503,9.8,216.785,3.9,8,27.20063638
Regular,FDQ31,Fruits and Vegetables,2015,OUT045,Tier 2,Small,Supermarket Type1,0.0901292,13.65,183.792,3.9,8,20.3920594
Regular,FDX32,Fruits and Vegetables,2015,OUT045,Tier 2,Small,Supermarket Type1,0.100265027,18,148.442,3.9,8,14.80496285
Low Fat,FDY55,Fruits and Vegetables,2015,OUT045,Tier 2,Small,Supermarket Type1,0.058778429,19.35,222.609,3.9,8,37.87256716
Low Fat,FDT31,Fruits and Vegetables,2015,OUT045,Tier 2,Small,Supermarket Type1,0.012467648,6.135,112.686,3.9,8,90.38272495
Regular,FDJ44,Fruits and Vegetables,2015,OUT045,Tier 2,Small,Supermarket Type1,0.106492562,8.52,151.968,3.9,8,14.27029242
Regular,FDH44,Fruits and Vegetables,2015,OUT045,Tier 2,Small,Supermarket Type1,0.025872153,14.6,47.5692,3.9,8,18.38625491
Regular,FDF45,Fruits and Vegetables,2015,OUT045,Tier 2,Small,Supermarket Type1,0.012273747,17.5,172.974,3.9,8,140.9300681
Regular,FDS32,Fruits and Vegetables,2020,OUT017,Tier 2,Small,Supermarket Type1,0.029510313,9.6,105.028,3.9,3,35.59026975
Low Fat,FDK44,Fruits and Vegetables,2020,OUT017,Tier 2,Small,Supermarket Type1,0.122918852,17.85,193.379,3.9,3,15.73224911
Regular,FDZ32,Fruits and Vegetables,2020,OUT017,Tier 2,Small,Supermarket Type1,0.038288087,7.655,115.749,3.9,3,30.23107422
Low Fat,FDP32,Fruits and Vegetables,2020,OUT017,Tier 2,Small,Supermarket Type1,0.087805788,6.615,198.743,3.9,3,22.63438488
Low Fat,FDS55,Fruits and Vegetables,2020,OUT017,Tier 2,Small,Supermarket Type1,0.081290366,12.6,34.9874,3.9,3,4.304003257
Low Fat,FDE45,Fruits and Vegetables,2020,OUT017,Tier 2,Small,Supermarket Type1,0.070660449,6.36,45.906,3.9,3,6.496703693
Low Fat,FDC56,Fruits and Vegetables,2020,OUT017,Tier 2,Small,Supermarket Type1,0.12152072,7.475,243.485,3.9,3,20.03650077
Low Fat,FDD09,Fruits and Vegetables,2020,OUT017,Tier 2,Small,Supermarket Type1,0.021496403,8.6,90.5146,3.9,3,42.10685853
Regular,FDR19,Fruits and Vegetables,2020,OUT017,Tier 2,High,Supermarket Type1,0.159720671,17,125.836,3.9,3,7.878504342
Low Fat,FDT43,Fruits and Vegetables,2020,OUT017,Tier 2,High,Supermarket Type1,0.020589623,14.65,57.0614,3.9,3,27.71366916
Low Fat,FDR08,Fruits and Vegetables,2020,OUT017,Tier 2,High,Supermarket Type1,0.037835765,12.85,42.9428,3.9,3,11.34979034
Regular,FDT07,Fruits and Vegetables,2020,OUT017,Tier 2,High,Supermarket Type1,0.077475884,12.5,127.102,3.9,3,16.40536299
Regular,FDF44,Fruits and Vegetables,2020,OUT017,Tier 2,High,Supermarket Type1,0.059849153,15,106.194,3.9,3,17.7436095
Regular,FDR19,Fruits and Vegetables,2015,OUT045,Tier 2,High,Supermarket Type1,0.160044589,4.615,231.93,3.9,8,14.49158647
Regular,FDF57,Fruits and Vegetables,2015,OUT045,Tier 2,High,Supermarket Type1,0.058946687,13,198.543,3.9,8,33.68179114
Regular,FDW43,Fruits and Vegetables,2015,OUT045,Tier 2,High,Supermarket Type1,0.022552083,6.905,99.8726,3.9,8,44.28531059
Low Fat,FDQ20,Fruits and Vegetables,2015,OUT045,Tier 2,High,Supermarket Type1,0.029779207,11.8,178.534,3.9,8,59.95257026
Low Fat,FDT43,Fruits and Vegetables,2015,OUT045,Tier 2,High,Supermarket Type1,0.020544065,15.85,37.3506,3.9,8,18.18072519
Regular,FDZ43,Fruits and Vegetables,2015,OUT045,Tier 2,High,Supermarket Type1,0.057047756,19,48.1718,3.9,8,8.444118293
Regular,FDE56,Fruits and Vegetables,2015,OUT045,Tier 2,High,Supermarket Type1,0.159165324,6.78,228.469,3.9,8,14.35419438
Regular,FDU20,Fruits and Vegetables,2015,OUT045,Tier 2,High,Supermarket Type1,0.021453493,5.86,156.631,3.9,8,73.00955607
Regular,FDH44,Fruits and Vegetables,2015,OUT045,Tier 2,High,Supermarket Type1,0.025867261,17,229.135,3.9,8,88.58108325
Low Fat,FDM20,Fruits and Vegetables,2015,OUT045,Tier 2,High,Supermarket Type1,0.038653608,17.6,47.306,3.9,8,12.23844356
Regular,FDK20,Fruits and Vegetables,2020,OUT017,Tier 2,High,Supermarket Type1,0.041726942,10.8,40.7138,3.9,3,9.757197161
Regular,FDS44,Fruits and Vegetables,2020,OUT017,Tier 2,High,Supermarket Type1,0.156679617,11.65,172.042,3.9,3,10.98049659
Regular,FDD32,Fruits and Vegetables,2020,OUT017,Tier 2,High,Supermarket Type1,0.041098734,16.5,103.699,3.9,3,25.23167745
Low Fat,FDB44,Fruits and Vegetables,2020,OUT017,Tier 2,High,Supermarket Type1,0.016876708,11.1,175.071,3.9,3,103.7352782
Low Fat,FDV55,Fruits and Vegetables,2020,OUT017,Tier 2,High,Supermarket Type1,0.054806734,12.6,102.399,3.9,3,18.683653
Regular,FDP31,Fruits and Vegetables,2020,OUT017,Tier 2,High,Supermarket Type1,0.160722863,13.85,161.221,3.9,3,10.03099354
Regular,FDU19,Fruits and Vegetables,2020,OUT017,Tier 2,Medium,Supermarket Type1,0.046544984,12.15,161.055,3.9,3,34.60200996
Regular,FDQ31,Fruits and Vegetables,2020,OUT017,Tier 2,Medium,Supermarket Type1,0.053930934,15.2,177.105,3.9,3,32.83922359
Regular,FDN56,Fruits and Vegetables,2020,OUT017,Tier 2,Medium,Supermarket Type1,0.107662745,17.75,139.984,3.9,3,13.0020835
Regular,FDT32,Fruits and Vegetables,2020,OUT017,Tier 2,Medium,Supermarket Type1,0.065621523,18.2,248.109,3.9,3,37.80908895
Regular,FDO19,Fruits and Vegetables,2020,OUT017,Tier 2,Medium,Supermarket Type1,0.016630303,16.7,143.81,3.9,3,86.47467217
Low Fat,FDL56,Fruits and Vegetables,2020,OUT017,Tier 2,Medium,Supermarket Type1,0.220225608,17.25,96.9068,3.9,3,4.400342035
Regular,FDE33,Fruits and Vegetables,2020,OUT017,Tier 2,Medium,Supermarket Type1,0.049712775,13,174.105,3.9,3,35.02218494
Low Fat,FDV43,Fruits and Vegetables,2020,OUT017,Tier 2,Medium,Supermarket Type1,0.077290355,14.1,53.3956,3.9,3,6.908442845
Regular,FDK20,Fruits and Vegetables,2017,OUT035,Tier 2,Small,Supermarket Type1,0.04179272,11.3,247.812,3.9,6,59.29549453
Regular,FDO56,Fruits and Vegetables,2017,OUT035,Tier 2,Small,Supermarket Type1,0.044974051,13.35,90.0804,3.9,6,20.02941652
Regular,FDX56,Fruits and Vegetables,2017,OUT035,Tier 2,Small,Supermarket Type1,0.073997843,18,81.2618,3.9,6,10.98164442
Low Fat,FDD20,Fruits and Vegetables,2017,OUT035,Tier 2,Small,Supermarket Type1,0.020798905,8.06,231.733,3.9,6,111.4159616
Low Fat,FDH08,Fruits and Vegetables,2017,OUT035,Tier 2,Small,Supermarket Type1,0.017344679,7.285,156.529,3.9,6,90.24612101
Regular,FDE33,Fruits and Vegetables,2017,OUT035,Tier 2,Small,Supermarket Type1,0.049395242,17.75,248.275,3.9,6,50.26293828
Regular,FDR55,Fruits and Vegetables,2017,OUT035,Tier 2,Small,Supermarket Type1,0.132058566,6.325,99.2042,3.9,6,7.512136699
Low Fat,FDR07,Fruits and Vegetables,2017,OUT035,Tier 2,Small,Supermarket Type1,0.078060605,8.615,95.9436,3.9,6,12.29091166
Regular,FDK08,Fruits and Vegetables,2017,OUT035,Tier 2,Small,Supermarket Type1,0.122494876,8.785,120.941,3.9,6,9.873147674
Low Fat,FDA31,Fruits and Vegetables,2017,OUT035,Tier 2,Small,Supermarket Type1,0.110633958,17.7,116.683,3.9,6,10.54676178
Low Fat,FDB21,Fruits and Vegetables,2017,OUT035,Tier 2,Small,Supermarket Type1,0.148821808,8.485,104.499,3.9,6,7.021753156
Regular,FDQ07,Fruits and Vegetables,2017,OUT035,Tier 2,Small,Supermarket Type1,0.087584126,11,101.736,3.9,6,11.61580353
Regular,FDS32,Fruits and Vegetables,2017,OUT035,Tier 2,Small,Supermarket Type1,0.058778429,9.895,234.264,3.9,6,39.85543744
Low Fat,FDA56,Fruits and Vegetables,2017,OUT035,Tier 2,Small,Supermarket Type1,0.008778413,15.35,124.373,3.9,6,141.6805065
Low Fat,FDN31,Fruits and Vegetables,2017,OUT035,Tier 2,Small,Supermarket Type1,0.072881535,16.35,198.211,3.9,6,27.1963262
Regular,FDH45,Fruits and Vegetables,2017,OUT035,Tier 2,Small,Supermarket Type1,0.105881129,21.1,233.996,3.9,6,22.09987768
Regular,FDC09,Fruits and Vegetables,2017,OUT035,Tier 2,Small,Supermarket Type1,0.026355345,11,122.376,3.9,6,46.43308596
Regular,FDA07,Fruits and Vegetables,2017,OUT035,Tier 2,Small,Supermarket Type1,0.030938774,12.65,106.094,3.9,6,34.29159798
Low Fat,FDI20,Fruits and Vegetables,2017,OUT035,Tier 2,Small,Supermarket Type1,0.064547828,21.25,185.561,3.9,6,28.74783021
Low Fat,FDO44,Fruits and Vegetables,2017,OUT035,Tier 2,Small,Supermarket Type1,0.087380432,11.15,66.8142,3.9,6,7.646357253
Low Fat,FDI45,Fruits and Vegetables,2017,OUT035,Tier 2,Small,Supermarket Type1,0.037549969,16.2,155.897,3.9,6,41.51721137
Low Fat,FDM56,Fruits and Vegetables,2017,OUT035,Tier 2,Small,Supermarket Type1,0.122896411,12.15,119.244,3.9,6,9.702805723
Regular,FDJ44,Fruits and Vegetables,2017,OUT035,Tier 2,Small,Supermarket Type1,0.105812357,12.15,37.9532,3.9,6,3.586840051
Low Fat,FDX19,Fruits and Vegetables,2017,OUT035,Tier 2,Small,Supermarket Type1,0.096733815,14,182.463,3.9,6,18.86238023
Low Fat,FDN44,Fruits and Vegetables,2017,OUT035,Tier 2,Small,Supermarket Type1,0.022831052,9.1,177.005,3.9,6,77.52818398
Low Fat,FDC45,Fruits and Vegetables,2017,OUT035,Tier 2,Small,Supermarket Type1,0.135944247,12.5,85.6198,3.9,6,6.298155449
Low Fat,FDS43,Fruits and Vegetables,2017,OUT035,Tier 2,Small,Supermarket Type1,0.040318693,19.7,254.701,3.9,6,63.17193863
Regular,FDD44,Fruits and Vegetables,2017,OUT035,Tier 2,Small,Supermarket Type1,0.07838564,16.2,178.337,3.9,6,22.75123352
Low Fat,FDE32,Fruits and Vegetables,2017,OUT035,Tier 2,Small,Supermarket Type1,0.04874969,20.1,151.737,3.9,6,31.12573639
Regular,FDG20,Fruits and Vegetables,2017,OUT035,Tier 2,Small,Supermarket Type1,0.125687917,5.46,144.279,3.9,6,11.4791464
Low Fat,FDA32,Fruits and Vegetables,2017,OUT035,Tier 2,Small,Supermarket Type1,0.030155224,12.5,82.7592,3.9,6,27.44439902
Regular,FDS19,Fruits and Vegetables,2017,OUT035,Tier 2,Small,Supermarket Type1,0.058778429,13.65,114.783,3.9,6,19.52808232
Regular,FDG09,Fruits and Vegetables,2017,OUT035,Tier 2,Small,Supermarket Type1,0.047896393,15.1,143.379,3.9,6,29.93523959
Low Fat,FDO32,Fruits and Vegetables,2017,OUT035,Tier 2,Small,Supermarket Type1,0.119959873,15.35,190.85,3.9,6,15.90948667
Low Fat,FDE44,Fruits and Vegetables,2017,OUT035,Tier 2,Small,Supermarket Type1,0.058778429,14.5,159.326,3.9,6,27.10620252
Low Fat,FDS55,Fruits and Vegetables,2017,OUT035,Tier 2,Small,Supermarket Type1,0.08114883,17.5,103.999,3.9,6,12.81583481
Regular,FDG09,Fruits and Vegetables,2017,OUT035,Tier 2,Small,Supermarket Type1,0.047936284,17.25,263.391,3.9,6,54.94606132
Regular,FDE33,Fruits and Vegetables,2011,OUT010,Tier 3,Medium,Grocery Store,0.049916364,10.1,49.8008,3.9,12,9.976848474
Low Fat,FDZ44,Fruits and Vegetables,2011,OUT010,Tier 3,Medium,Grocery Store,0.06780958,7.575,197.777,3.9,12,29.1665278
Low Fat,FDG44,Fruits and Vegetables,2011,OUT010,Tier 3,Medium,Grocery Store,0.058778429,6.4,41.0796,3.9,12,6.988890431
Low Fat,FDQ56,Fruits and Vegetables,2011,OUT010,Tier 3,Medium,Grocery Store,0.105597316,18.1,95.5094,3.9,12,9.044680643
Low Fat,FDN44,Fruits and Vegetables,2011,OUT010,Tier 3,Medium,Grocery Store,0.022795611,16.75,35.7532,3.9,12,15.68424729
Low Fat,FDV08,Fruits and Vegetables,2011,OUT010,Tier 3,Medium,Grocery Store,0.028652919,5.03,122.076,3.9,12,42.60508327
Low Fat,FDB20,Fruits and Vegetables,2011,OUT010,Tier 3,High,Grocery Store,0.052086085,18.25,257.296,3.9,12,49.39822219
Low Fat,FDD09,Fruits and Vegetables,2011,OUT010,Tier 3,High,Grocery Store,0.021539999,6.135,160.224,3.9,12,74.38440457
Regular,FDJ44,Fruits and Vegetables,2011,OUT010,Tier 3,High,Grocery Store,0.17797002,20.75,151.802,3.9,12,8.529638868
Regular,FDO19,Fruits and Vegetables,2011,OUT010,Tier 3,High,Grocery Store,0.027779381,11.8,102.467,3.9,12,36.88599109
Low Fat,FDE44,Fruits and Vegetables,2011,OUT010,Tier 3,High,Grocery Store,0.171245426,15.85,47.1744,3.9,12,2.754783068
Low Fat,FDR43,Fruits and Vegetables,2011,OUT010,Tier 3,High,Grocery Store,0.161355122,19.35,166.082,3.9,12,10.29294874
Regular,FDQ31,Fruits and Vegetables,2011,OUT010,Tier 3,Small,Grocery Store,0.053802405,17.6,94.841,3.9,12,17.62765066
Regular,FDG08,Fruits and Vegetables,2014,OUT013,Tier 3,High,Supermarket Type1,0.165221717,11.8,177.069,3.9,9,10.71705362
Low Fat,FDD45,Fruits and Vegetables,2014,OUT013,Tier 3,High,Supermarket Type1,0.116152226,14.35,79.296,3.9,9,6.826903171
Low Fat,FDI20,Fruits and Vegetables,2014,OUT013,Tier 3,High,Supermarket Type1,0.038720852,8.355,145.642,3.9,9,37.61332524
Regular,FDI08,Fruits and Vegetables,2014,OUT013,Tier 3,High,Supermarket Type1,0.066567121,17.6,171.642,3.9,9,25.78480148
Low Fat,FDU32,Fruits and Vegetables,2014,OUT013,Tier 3,High,Supermarket Type1,0.025841875,13.15,180.798,3.9,9,69.96318959
Regular,FDK20,Fruits and Vegetables,2014,OUT013,Tier 3,High,Supermarket Type1,0.058778429,7.325,92.7146,3.9,9,15.77357571
Regular,FDG20,Fruits and Vegetables,2014,OUT013,Tier 3,High,Supermarket Type1,0.12639886,20.5,120.176,3.9,9,9.507680686
Low Fat,FDZ55,Fruits and Vegetables,2014,OUT013,Tier 3,High,Supermarket Type1,0.025403898,6.385,109.86,3.9,9,43.24533188
Low Fat,FDW20,Fruits and Vegetables,2014,OUT013,Tier 3,High,Supermarket Type1,0.040421193,8.485,103.199,3.9,9,25.53091394
Low Fat,FDI32,Fruits and Vegetables,2014,OUT013,Tier 3,High,Supermarket Type1,0.291865402,11,40.948,3.9,9,1.402975472
Low Fat,FDT20,Fruits and Vegetables,2014,OUT013,Tier 3,High,Supermarket Type1,0.041395445,11.6,101.204,3.9,9,24.44810051
Low Fat,FDL56,Fruits and Vegetables,2014,OUT013,Tier 3,High,Supermarket Type1,0.126035694,7.105,58.2562,3.9,9,4.622198534
Regular,FDY56,Fruits and Vegetables,2014,OUT013,Tier 3,High,Supermarket Type1,0.062764429,8.895,113.154,3.9,9,18.02836444
Low Fat,FDV32,Fruits and Vegetables,2014,OUT013,Tier 3,High,Supermarket Type1,0.088846306,17.75,34.2216,3.9,9,3.851775222
Regular,FDG08,Fruits and Vegetables,2014,OUT013,Tier 3,High,Supermarket Type1,0.165694678,7.945,161.821,3.9,9,9.766215907
Low Fat,FDY55,Fruits and Vegetables,2014,OUT013,Tier 3,High,Supermarket Type1,0.081252534,15.5,142.847,3.9,9,17.58062093
Low Fat,FDJ08,Fruits and Vegetables,2014,OUT013,Tier 3,High,Supermarket Type1,0.193772568,13.85,141.715,3.9,9,7.313470708
Regular,FDC08,Fruits and Vegetables,2014,OUT013,Tier 3,High,Supermarket Type1,0.173154079,6.78,94.012,3.9,9,5.429384081
Low Fat,FDB45,Fruits and Vegetables,2014,OUT013,Tier 3,High,Supermarket Type1,0.021362955,15.5,262.957,3.9,9,123.0901811
Low Fat,FDG45,Fruits and Vegetables,2014,OUT013,Tier 3,High,Supermarket Type1,0.127929521,10.695,174.071,3.9,9,13.60678901
Regular,FDL32,Fruits and Vegetables,2014,OUT013,Tier 3,High,Supermarket Type1,0.123159656,17.2,165.318,3.9,9,13.42306445
Regular,FDX31,Fruits and Vegetables,2014,OUT013,Tier 3,High,Supermarket Type1,0.014753811,20,107.462,3.9,9,72.83677417
Low Fat,FDR43,Fruits and Vegetables,2014,OUT013,Tier 3,High,Supermarket Type1,0.160707489,5.925,45.6086,3.9,9,2.837988465
Low Fat,FDY32,Fruits and Vegetables,2014,OUT013,Tier 3,High,Supermarket Type1,0.129503146,11.3,259.196,3.9,9,20.01464891
Low Fat,FDB44,Fruits and Vegetables,2014,OUT013,Tier 3,High,Supermarket Type1,0.016993225,19.75,180.466,3.9,9,106.1987939
Low Fat,FDN32,Fruits and Vegetables,2014,OUT013,Tier 3,High,Supermarket Type1,0.015623754,15.7,112.454,3.9,9,71.97629968
Low Fat,FDU56,Fruits and Vegetables,2014,OUT013,Tier 3,High,Supermarket Type1,0.058778429,20.35,81.0276,3.9,9,13.78526126
Regular,FDR56,Fruits and Vegetables,2014,OUT013,Tier 3,High,Supermarket Type1,0.100277876,5.905,221.546,3.9,9,22.09320828
Low Fat,FDR43,Fruits and Vegetables,2014,OUT013,Tier 3,High,Supermarket Type1,0.161817014,14.3,96.5726,3.9,9,5.968012733
Low Fat,FDT31,Fruits and Vegetables,2014,OUT013,Tier 3,High,Supermarket Type1,0.012518707,6.76,78.396,3.9,9,62.6230808
Low Fat,FDT08,Fruits and Vegetables,2022,OUT018,Tier 3,Medium,Supermarket Type2,0.049318315,4.92,199.108,3.9,1,40.37202001
Low Fat,FDO44,Fruits and Vegetables,2022,OUT018,Tier 3,Medium,Supermarket Type2,0.087029712,8.235,146.508,3.9,1,16.83425081
Regular,FDT32,Fruits and Vegetables,2022,OUT018,Tier 3,Medium,Supermarket Type2,0.065901299,13.65,46.1402,3.9,1,7.00140979
Low Fat,FDL20,Fruits and Vegetables,2022,OUT018,Tier 3,Medium,Supermarket Type2,0.128674983,7.325,90.3146,3.9,1,7.018815771
Regular,FDR20,Fruits and Vegetables,2022,OUT018,Tier 3,Medium,Supermarket Type2,0.028282832,8.615,95.4436,3.9,1,33.74612556
Low Fat,FDY07,Fruits and Vegetables,2022,OUT018,Tier 3,Medium,Supermarket Type2,0.058778429,8.88,154.068,3.9,1,26.21165666
Low Fat,FDJ08,Fruits and Vegetables,2022,OUT018,Tier 3,Medium,Supermarket Type2,0.11084417,14.7,144.513,3.9,1,13.03749218
Low Fat,FDU32,Fruits and Vegetables,2022,OUT018,Tier 3,Medium,Supermarket Type2,0.058778429,7.5,56.2588,3.9,1,9.571334409
Regular,FDG09,Fruits and Vegetables,2022,OUT018,Tier 3,Medium,Supermarket Type2,0.04792722,10,247.775,3.9,1,51.69817903
Low Fat,FDU56,Fruits and Vegetables,2022,OUT018,Tier 3,Medium,Supermarket Type2,0.044377096,12.15,118.515,3.9,1,26.70634419
Regular,FDC33,Fruits and Vegetables,2022,OUT018,Tier 3,Medium,Supermarket Type2,0.068604503,8.155,189.153,3.9,1,27.57151378
Low Fat,FDN20,Fruits and Vegetables,2022,OUT018,Tier 3,Medium,Supermarket Type2,0.026181893,7.315,154.334,3.9,1,58.94684544
Regular,FDG08,Fruits and Vegetables,2022,OUT018,Tier 3,Medium,Supermarket Type2,0.165328057,11.8,199.708,3.9,1,12.0794984
Regular,FDV56,Fruits and Vegetables,2022,OUT018,Tier 3,Medium,Supermarket Type2,0.013584408,15.35,197.277,3.9,1,145.2231117
Regular,FDU44,Fruits and Vegetables,2022,OUT018,Tier 3,Medium,Supermarket Type2,0.058516562,20.5,90.6172,3.9,1,15.48573547
Low Fat,FDV07,Fruits and Vegetables,2022,OUT018,Tier 3,Medium,Supermarket Type2,0.031346387,9.8,50.5008,3.9,1,16.11056483
Regular,FDF08,Fruits and Vegetables,2022,OUT018,Tier 3,Medium,Supermarket Type2,0.065207559,15.5,265.157,3.9,1,40.66353718
Low Fat,FDG44,Fruits and Vegetables,2022,OUT018,Tier 3,Medium,Supermarket Type2,0.102607233,15.6,62.4194,3.9,1,6.083333326
Regular,FDQ31,Fruits and Vegetables,2022,OUT018,Tier 3,Medium,Supermarket Type2,0.058778429,16.7,113.418,3.9,1,19.29585427
Regular,FDT32,Fruits and Vegetables,2022,OUT018,Tier 3,Medium,Supermarket Type2,0.114916546,19,48.6718,3.9,1,4.235404012
Regular,FDN56,Fruits and Vegetables,2022,OUT018,Tier 3,Medium,Supermarket Type2,0.106968096,15.5,198.977,3.9,1,18.60152769
Low Fat,FDM20,Fruits and Vegetables,2022,OUT018,Tier 3,Medium,Supermarket Type2,0.038685802,15.6,169.976,3.9,1,43.93756655
Low Fat,FDG57,Fruits and Vegetables,2022,OUT018,Tier 3,Medium,Supermarket Type2,0.072410764,12.1,56.7614,3.9,1,7.838806949
Regular,FDR20,Fruits and Vegetables,2022,OUT018,Tier 3,Medium,Supermarket Type2,0.028118435,17.2,225.409,3.9,1,80.16413431
Regular,FDS44,Fruits and Vegetables,2018,OUT027,Tier 3,Medium,Supermarket Type3,0.15528831,12.6,149.471,3.9,5,9.625386483
Low Fat,FDV31,Fruits and Vegetables,2018,OUT027,Tier 3,Medium,Supermarket Type3,0.058778429,12.6,191.419,3.9,5,32.56619873
Low Fat,FDG44,Fruits and Vegetables,2018,OUT027,Tier 3,Medium,Supermarket Type3,0.10234983,12.6,154,3.9,5,15.04643437
Low Fat,FDO32,Fruits and Vegetables,2018,OUT027,Tier 3,Medium,Supermarket Type3,0.120731024,12.6,83.225,3.9,5,6.893422854
Low Fat,FDA20,Fruits and Vegetables,2018,OUT027,Tier 3,Medium,Supermarket Type3,0.066724663,12.6,214.385,3.9,5,32.12979884
Low Fat,FDA19,Fruits and Vegetables,2018,OUT027,Tier 3,Medium,Supermarket Type3,0.055213208,12.6,179.098,3.9,5,32.43752835
Low Fat,FDW56,Fruits and Vegetables,2018,OUT027,Tier 3,Medium,Supermarket Type3,0.071010513,12.6,45.9402,3.9,5,6.469492764
Low Fat,FDZ44,Fruits and Vegetables,2018,OUT027,Tier 3,Medium,Supermarket Type3,0.038789271,12.6,192.982,3.9,5,49.75138615
Low Fat,FDS20,Fruits and Vegetables,2018,OUT027,Tier 3,Medium,Supermarket Type3,0.053950661,12.6,140.915,3.9,5,26.11923513
Low Fat,FDU07,Fruits and Vegetables,2018,OUT027,Tier 3,Medium,Supermarket Type3,0.059940022,12.6,49.0034,3.9,5,8.175405741
Low Fat,FDX08,Fruits and Vegetables,2018,OUT027,Tier 3,Medium,Supermarket Type3,0.022639195,12.6,102.833,3.9,5,45.42255146
Low Fat,FDZ56,Fruits and Vegetables,2018,OUT027,Tier 3,Medium,Supermarket Type3,0.025776994,12.6,116.612,3.9,5,45.23878929
Low Fat,FDY55,Fruits and Vegetables,2018,OUT027,Tier 3,Medium,Supermarket Type3,0.081446638,12.6,99.67,3.9,5,12.23746031
Low Fat,FDL20,Fruits and Vegetables,2018,OUT027,Tier 3,Medium,Supermarket Type3,0.128614205,12.6,105.765,3.9,5,8.223430686
Low Fat,FDB33,Fruits and Vegetables,2018,OUT027,Tier 3,Medium,Supermarket Type3,0.014602837,12.6,222.709,3.9,5,152.5107758
Low Fat,FDV55,Fruits and Vegetables,2018,OUT027,Tier 3,Medium,Supermarket Type3,0.055159054,12.6,153.802,3.9,5,27.88336435
Low Fat,FDA44,Fruits and Vegetables,2018,OUT027,Tier 3,Medium,Supermarket Type3,0.053305463,12.6,133.163,3.9,5,24.98111685
Regular,FDN56,Fruits and Vegetables,2018,OUT027,Tier 3,Medium,Supermarket Type3,0.107223632,12.6,129.131,3.9,5,12.04314735
Regular,FDF44,Fruits and Vegetables,2018,OUT027,Tier 3,Medium,Supermarket Type3,0.059820884,12.6,125.105,3.9,5,20.91326501
Regular,FDH56,Fruits and Vegetables,2018,OUT027,Tier 3,Medium,Supermarket Type3,0.063916425,12.6,128.131,3.9,5,20.04664685
Regular,FDD21,Fruits and Vegetables,2018,OUT027,Tier 3,Medium,Supermarket Type3,0.030616757,12.6,183.495,3.9,5,59.93286618
Regular,FDO20,Fruits and Vegetables,2018,OUT027,Tier 3,Medium,Supermarket Type3,0.152364317,12.6,223.706,3.9,5,14.68230911
Regular,FDS19,Fruits and Vegetables,2018,OUT027,Tier 3,Medium,Supermarket Type3,0.064307102,12.6,213.356,3.9,5,33.17767297
Regular,FDC09,Fruits and Vegetables,2018,OUT027,Tier 3,Medium,Supermarket Type3,0.026342897,12.6,148.705,3.9,5,56.4497519
Regular,FDR56,Fruits and Vegetables,2018,OUT027,Tier 3,Medium,Supermarket Type3,0.100922503,12.6,125.57,3.9,5,12.44222015
Regular,FDW07,Fruits and Vegetables,2018,OUT027,Tier 3,Medium,Supermarket Type3,0.142910689,12.6,165.787,3.9,5,11.60074178
Regular,FDF45,Fruits and Vegetables,2018,OUT027,Tier 3,Medium,Supermarket Type3,0.012223687,12.6,35.2532,3.9,5,28.84007092
Regular,FDI08,Fruits and Vegetables,2016,OUT046,Tier 1,Small,Supermarket Type1,0.066400129,17.6,119.678,3.8,7,18.02376016
Regular,FDC08,Fruits and Vegetables,2020,OUT017,Tier 2,Small,Supermarket Type1,0.10361083,13,47.5034,3.8,3,4.584790991
Regular,FDX07,Fruits and Vegetables,2011,OUT010,Tier 3,Small,Grocery Store,0.022954444,9.8,194.348,3.8,12,84.66682966
Regular,FDP08,Fruits and Vegetables,2020,OUT017,Tier 2,Small,Supermarket Type1,0.112584813,9.195,108.76,3.8,3,9.66027274
Regular,FDT07,Fruits and Vegetables,2022,OUT018,Tier 3,Medium,Supermarket Type2,0.058778429,10.5,166.484,3.8,1,28.32399621
Low Fat,FDM44,Fruits and Vegetables,2018,OUT027,Tier 3,Medium,Supermarket Type3,0.054363971,12.6,115.352,3.8,5,21.21846471
Low Fat,FDY55,Fruits and Vegetables,2014,OUT013,Tier 3,High,Supermarket Type1,0.058778429,16.7,110.289,3.8,9,18.76351612
Low Fat,FDB32,Fruits and Vegetables,2016,OUT046,Tier 1,Small,Supermarket Type1,0.041063069,15.15,150.171,3.8,7,36.57081744
Low Fat,FDB45,Fruits and Vegetables,2012,OUT049,Tier 1,Medium,Supermarket Type1,0.037345714,16.35,227.106,3.8,11,60.81179757
Low Fat,FDC32,Fruits and Vegetables,2018,OUT019,Tier 1,Small,Grocery Store,0.173527068,12.6,37.3164,3.8,5,2.150465655
Low Fat,FDE08,Fruits and Vegetables,2017,OUT035,Tier 2,Small,Supermarket Type1,0.086352403,14.85,141.081,3.8,6,16.33781981
Low Fat,FDG44,Fruits and Vegetables,2014,OUT013,Tier 3,High,Supermarket Type1,0.178923163,9.5,182.361,3.8,9,10.19214041
Low Fat,FDJ56,Fruits and Vegetables,2020,OUT017,Tier 2,Small,Supermarket Type1,0.32111501,8.51,195.248,3.8,3,6.080313717
Low Fat,FDX08,Fruits and Vegetables,2015,OUT045,Tier 2,Medium,Supermarket Type1,0.039576776,9.8,128.402,3.8,8,32.4437746
Low Fat,FDX20,Fruits and Vegetables,2011,OUT010,Tier 3,Medium,Grocery Store,0.074517508,19.7,54.593,3.8,12,7.326197757
Low Fat,FDX55,Fruits and Vegetables,2022,OUT018,Tier 3,Medium,Supermarket Type2,0.096658404,20.2,94.1462,3.8,1,9.740094612
Regular,FDA55,Fruits and Vegetables,2014,OUT013,Tier 3,High,Supermarket Type1,0.099780431,5.175,105.462,3.8,9,10.56940714
Regular,FDC21,Fruits and Vegetables,2011,OUT010,Tier 3,Medium,Grocery Store,0.075215349,7.825,63.2826,3.8,12,8.413522086
Regular,FDL32,Fruits and Vegetables,2017,OUT035,Tier 2,Small,Supermarket Type1,0.214423791,6.55,100.633,3.8,6,4.693182577
Regular,FDN56,Fruits and Vegetables,2014,OUT013,Tier 3,High,Supermarket Type1,0.187443314,7.865,166.053,3.8,9,8.858838251
Regular,FDR31,Fruits and Vegetables,2017,OUT035,Tier 2,Small,Supermarket Type1,0.086077865,9.895,239.456,3.8,6,27.81853384
Regular,FDS44,Fruits and Vegetables,2018,OUT027,Tier 3,Medium,Supermarket Type3,0.27321283,12.6,41.548,3.8,5,1.520719214
Regular,FDU20,Fruits and Vegetables,2012,OUT049,Tier 1,Medium,Supermarket Type1,0.037569401,13.65,150.505,3.8,11,40.06052692
Regular,FDV19,Fruits and Vegetables,2020,OUT017,Tier 2,Medium,Supermarket Type1,0.06173052,20.35,117.947,3.8,3,19.10675627
Regular,FDW32,Fruits and Vegetables,2011,OUT010,Tier 3,Medium,Grocery Store,0.165101585,11.395,150.171,3.8,12,9.095672825
Regular,FDX31,Fruits and Vegetables,2022,OUT018,Tier 3,Medium,Supermarket Type2,0.058778429,13,65.9484,3.8,1,11.21983032
Regular,FDY56,Fruits and Vegetables,2014,OUT013,Tier 3,High,Supermarket Type1,0.109274313,13.5,145.31,3.8,9,13.29772716
Regular,FDZ07,Fruits and Vegetables,2016,OUT046,Tier 1,Small,Supermarket Type1,0.164391573,12.1,177.8,3.8,7,10.81563956
Low Fat,FDC20,Fruits and Vegetables,2017,OUT035,Tier 2,Small,Supermarket Type1,0.041970938,10,120.644,3.8,6,28.74465184
Low Fat,FDD20,Fruits and Vegetables,2012,OUT049,Tier 1,Medium,Supermarket Type1,0.020714523,20.2,255.765,3.8,11,123.4713442
Low Fat,FDU56,Fruits and Vegetables,2012,OUT049,Tier 1,Medium,Supermarket Type1,0.044414056,5.635,148.705,3.8,11,33.48151765
Low Fat,FDG32,Fruits and Vegetables,2012,OUT049,Tier 1,Medium,Supermarket Type1,0.175995526,20.35,233.662,3.8,11,13.2765875
Low Fat,FDS08,Fruits and Vegetables,2012,OUT049,Tier 1,Medium,Supermarket Type1,0.05696122,7.865,165.353,3.8,11,29.02904818
Low Fat,FDZ55,Fruits and Vegetables,2012,OUT049,Tier 1,Medium,Supermarket Type1,0.025408702,16.25,93.1804,3.8,11,36.67263286
Low Fat,FDB44,Fruits and Vegetables,2012,OUT049,Tier 1,Medium,Supermarket Type1,0.016958832,20.35,262.159,3.8,11,154.5855281
Low Fat,FDI56,Fruits and Vegetables,2012,OUT049,Tier 1,Medium,Supermarket Type1,0.093385381,20.7,77.667,3.8,11,8.316826378
Low Fat,FDA19,Fruits and Vegetables,2012,OUT049,Tier 1,Medium,Supermarket Type1,0.055127499,6.215,37.4848,3.8,11,6.799655468
Low Fat,FDW56,Fruits and Vegetables,2012,OUT049,Tier 1,Medium,Supermarket Type1,0.070900282,9.6,142.915,3.8,11,20.15718358
Low Fat,FDU32,Fruits and Vegetables,2012,OUT049,Tier 1,Medium,Supermarket Type1,0.025967624,12.1,104.528,3.8,11,40.25320145
Low Fat,FDU07,Fruits and Vegetables,2012,OUT049,Tier 1,Medium,Supermarket Type1,0.059846975,14.35,109.523,3.8,11,18.30050725
Low Fat,FDS07,Fruits and Vegetables,2012,OUT049,Tier 1,Medium,Supermarket Type1,0.099757833,10,113.754,3.8,11,11.40301434
Low Fat,FDF20,Fruits and Vegetables,2012,OUT049,Tier 1,Medium,Supermarket Type1,0.033220169,14.6,48.7692,3.8,11,14.68059961
Low Fat,FDA32,Fruits and Vegetables,2012,OUT049,Tier 1,Medium,Supermarket Type1,0.030094192,11.15,105.865,3.8,11,35.17788416
Low Fat,FDE44,Fruits and Vegetables,2012,OUT049,Tier 1,Medium,Supermarket Type1,0.17138805,15.5,83.2934,3.8,11,4.859930433
Low Fat,FDB09,Fruits and Vegetables,2012,OUT049,Tier 1,Medium,Supermarket Type1,0.057396092,17.6,120.878,3.8,11,21.06031888
Low Fat,FDP07,Fruits and Vegetables,2012,OUT049,Tier 1,Medium,Supermarket Type1,0.089901774,5.82,169.179,3.8,11,18.81820486
Low Fat,FDR43,Fruits and Vegetables,2012,OUT049,Tier 1,Medium,Supermarket Type1,0.161489509,9.3,156.631,3.8,11,9.699143986
Low Fat,FDP20,Fruits and Vegetables,2018,OUT019,Tier 1,Small,Grocery Store,0.045669236,12.6,124.107,3.8,5,27.17518638
Low Fat,FDQ44,Fruits and Vegetables,2018,OUT019,Tier 1,Small,Grocery Store,0.036140297,12.6,196.011,3.8,5,54.23613425
Low Fat,FDE32,Fruits and Vegetables,2018,OUT019,Tier 1,Small,Grocery Store,0.04875891,12.6,154.397,3.8,5,31.66539203
Regular,FDN56,Fruits and Vegetables,2018,OUT019,Tier 1,Small,Grocery Store,0.107057186,12.6,123.839,3.8,5,11.56755605
Regular,FDS56,Fruits and Vegetables,2018,OUT019,Tier 1,Small,Grocery Store,0.038756864,12.6,81.8618,3.8,5,21.12188437
Regular,FDO31,Fruits and Vegetables,2018,OUT019,Tier 1,Small,Grocery Store,0.028982682,12.6,191.919,3.8,5,66.21850938
Regular,FDD44,Fruits and Vegetables,2018,OUT019,Tier 1,Small,Grocery Store,0.078400465,12.6,222.077,3.8,5,28.32597995
Regular,FDV44,Fruits and Vegetables,2018,OUT019,Tier 1,Small,Grocery Store,0.039844429,12.6,115.983,3.8,5,29.10896276
Regular,FDU31,Fruits and Vegetables,2018,OUT019,Tier 1,Small,Grocery Store,0.024991056,12.6,48.2034,3.8,5,19.28826057
Regular,FDR55,Fruits and Vegetables,2018,OUT019,Tier 1,Small,Grocery Store,0.132083542,12.6,262.291,3.8,5,19.85796232
Regular,FDW19,Fruits and Vegetables,2018,OUT019,Tier 1,Small,Grocery Store,0.038500421,12.6,121.373,3.8,5,31.52510982
Regular,FDK20,Fruits and Vegetables,2018,OUT019,Tier 1,Small,Grocery Store,0.041557653,12.6,121.31,3.8,5,29.19077264
Regular,FDS44,Fruits and Vegetables,2018,OUT019,Tier 1,Small,Grocery Store,0.15604396,12.6,198.011,3.8,5,12.689437
Regular,FDS31,Fruits and Vegetables,2018,OUT019,Tier 1,Small,Grocery Store,0.044192372,12.6,107.196,3.8,5,24.25667488
Regular,FDS19,Fruits and Vegetables,2016,OUT046,Tier 1,Small,Supermarket Type1,0.064207277,6.675,33.3874,3.8,7,5.199940187
Regular,FDH45,Fruits and Vegetables,2016,OUT046,Tier 1,Small,Supermarket Type1,0.105666833,7.75,92.5436,3.8,7,8.758055614
Regular,FDO19,Fruits and Vegetables,2016,OUT046,Tier 1,Small,Supermarket Type1,0.016596645,15.75,194.445,3.8,7,117.159221
Regular,FDI08,Fruits and Vegetables,2016,OUT046,Tier 1,Small,Supermarket Type1,0.066297055,6.52,164.284,3.8,7,24.77998457
Regular,FDW32,Fruits and Vegetables,2016,OUT046,Tier 1,Small,Supermarket Type1,0.094296835,10.6,232.864,3.8,7,24.69478429
Regular,FDT32,Fruits and Vegetables,2016,OUT046,Tier 1,Small,Supermarket Type1,0.065633934,10.895,106.428,3.8,7,16.21539248
Regular,FDB57,Fruits and Vegetables,2016,OUT046,Tier 1,Small,Supermarket Type1,0.018805105,20.85,105.531,3.8,7,56.11827214
Regular,FDX31,Fruits and Vegetables,2016,OUT046,Tier 1,Small,Supermarket Type1,0.014825605,15,125.236,3.8,7,84.47277531
Low Fat,FDH57,Fruits and Vegetables,2016,OUT046,Tier 1,Small,Supermarket Type1,0.035949725,6.235,257.996,3.8,7,71.76577846
Low Fat,FDX43,Fruits and Vegetables,2016,OUT046,Tier 1,Small,Supermarket Type1,0.085447928,14.6,179.698,3.8,7,21.0301179
Low Fat,FDZ55,Fruits and Vegetables,2016,OUT046,Tier 1,Small,Supermarket Type1,0.025460232,12.5,220.08,3.8,7,86.44068915
Low Fat,FDA31,Fruits and Vegetables,2016,OUT046,Tier 1,Small,Supermarket Type1,0.110234793,10.895,50.6666,3.8,7,4.596243946
Low Fat,FDX20,Fruits and Vegetables,2016,OUT046,Tier 1,Small,Supermarket Type1,0.042646566,7.315,154.434,3.8,7,36.21252881
Low Fat,FDJ56,Fruits and Vegetables,2016,OUT046,Tier 1,Small,Supermarket Type1,0.183774965,12.85,155.563,3.8,7,8.464863536
Low Fat,FDK56,Fruits and Vegetables,2016,OUT046,Tier 1,Small,Supermarket Type1,0.130261652,19,107.062,3.8,7,8.218996025
Low Fat,FDV31,Fruits and Vegetables,2016,OUT046,Tier 1,Small,Supermarket Type1,0.106933748,4.59,114.586,3.8,7,10.71560683
Low Fat,FDJ32,Fruits and Vegetables,2016,OUT046,Tier 1,Small,Supermarket Type1,0.057909547,18.2,241.82,3.8,7,41.75822684
Low Fat,FDU07,Fruits and Vegetables,2016,OUT046,Tier 1,Small,Supermarket Type1,0.059968347,20.7,213.988,3.8,7,35.68349149
Low Fat,FDX08,Fruits and Vegetables,2016,OUT046,Tier 1,Small,Supermarket Type1,0.022649893,20.1,226.304,3.8,7,99.91393778
Low Fat,FDX55,Fruits and Vegetables,2016,OUT046,Tier 1,Small,Supermarket Type1,0.058778429,11.8,149.937,3.8,7,25.50884781
Low Fat,FDF32,Fruits and Vegetables,2016,OUT046,Tier 1,Small,Supermarket Type1,0.068219025,8.655,119.676,3.8,7,17.54290684
Low Fat,FDY19,Fruits and Vegetables,2016,OUT046,Tier 1,Small,Supermarket Type1,0.041448824,19.35,110.554,3.8,7,26.67240933
Low Fat,FDB45,Fruits and Vegetables,2016,OUT046,Tier 1,Small,Supermarket Type1,0.02137305,18.7,230.201,3.8,7,107.7062001
Low Fat,FDZ55,Fruits and Vegetables,2015,OUT045,Tier 2,Medium,Supermarket Type1,0.025552424,16.75,37.6532,3.8,8,14.73566657
Low Fat,FDP32,Fruits and Vegetables,2015,OUT045,Tier 2,Medium,Supermarket Type1,0.08816538,7.475,214.519,3.8,8,24.33143259
Low Fat,FDA20,Fruits and Vegetables,2020,OUT017,Tier 2,Medium,Supermarket Type1,0.066997921,7.975,83.125,3.8,3,12.40710141
Low Fat,FDW56,Fruits and Vegetables,2020,OUT017,Tier 2,Medium,Supermarket Type1,0.071301323,12.1,165.853,3.8,3,23.26085871
Low Fat,FDZ44,Fruits and Vegetables,2015,OUT045,Tier 2,Medium,Supermarket Type1,0.038948125,10.6,43.8454,3.8,8,11.25738402
Low Fat,FDM20,Fruits and Vegetables,2015,OUT045,Tier 2,Medium,Supermarket Type1,0.038904624,13.65,231.967,3.8,8,59.62453204
Low Fat,FDC20,Fruits and Vegetables,2015,OUT045,Tier 2,Medium,Supermarket Type1,0.024107056,6.38,178.034,3.8,8,73.85140682
Low Fat,FDL08,Fruits and Vegetables,2015,OUT045,Tier 2,Medium,Supermarket Type1,0.050000257,13.35,228.835,3.8,8,45.76676476
Low Fat,FDI45,Fruits and Vegetables,2015,OUT045,Tier 2,Small,Supermarket Type1,0.037793818,5.485,163.784,3.8,8,43.33618794
Low Fat,FDE44,Fruits and Vegetables,2015,OUT045,Tier 2,Small,Supermarket Type1,0.172357491,15,127.736,3.8,8,7.411108114
Low Fat,FDX55,Fruits and Vegetables,2015,OUT045,Tier 2,Small,Supermarket Type1,0.055518167,12.35,119.812,3.8,8,21.58068367
Low Fat,FDD57,Fruits and Vegetables,2015,OUT045,Tier 2,Small,Supermarket Type1,0.022526293,13.15,158.76,3.8,8,70.47764139
Low Fat,FDQ44,Fruits and Vegetables,2015,OUT045,Tier 2,Small,Supermarket Type1,0.036344721,21.25,145.11,3.8,8,39.92601842
Regular,FDA07,Fruits and Vegetables,2015,OUT045,Tier 2,Small,Supermarket Type1,0.031007381,15.35,143.447,3.8,8,46.26221092
Regular,FDB56,Fruits and Vegetables,2015,OUT045,Tier 2,Small,Supermarket Type1,0.074778547,9.695,159.692,3.8,8,21.35532267
Regular,FDH56,Fruits and Vegetables,2015,OUT045,Tier 2,Small,Supermarket Type1,0.063946629,11.5,120.312,3.8,8,18.81443977
Regular,FDO56,Fruits and Vegetables,2015,OUT045,Tier 2,Small,Supermarket Type1,0.045073782,13.35,236.356,3.8,8,52.4375789
Regular,FDF21,Fruits and Vegetables,2015,OUT045,Tier 2,Small,Supermarket Type1,0.058778429,18.25,214.022,3.8,8,36.41165707
Regular,FDU31,Fruits and Vegetables,2020,OUT017,Tier 2,Small,Supermarket Type1,0.025041738,12,124.139,3.8,3,49.57283716
Regular,FDW19,Fruits and Vegetables,2020,OUT017,Tier 2,Small,Supermarket Type1,0.038578501,18.85,133.328,3.8,3,34.56018159
Regular,FDZ08,Fruits and Vegetables,2020,OUT017,Tier 2,Small,Supermarket Type1,0.110215444,6.425,133.063,3.8,3,12.07299042
Regular,FDS31,Fruits and Vegetables,2020,OUT017,Tier 2,Small,Supermarket Type1,0.044281996,19.2,90.9488,3.8,3,20.53855025
Regular,FDD56,Fruits and Vegetables,2020,OUT017,Tier 2,Small,Supermarket Type1,0.103988736,19.5,180.2,3.8,3,17.32879992
Regular,FDG20,Fruits and Vegetables,2020,OUT017,Tier 2,Small,Supermarket Type1,0.125942816,16,142.415,3.8,3,11.30790977
Regular,FDP44,Fruits and Vegetables,2020,OUT017,Tier 2,Small,Supermarket Type1,0.079875237,16.1,255.736,3.8,3,32.01693161
Regular,FDF56,Fruits and Vegetables,2020,OUT017,Tier 2,Small,Supermarket Type1,0.119704498,16.7,107.991,3.8,3,9.021465509
Regular,FDW32,Fruits and Vegetables,2020,OUT017,Tier 2,Small,Supermarket Type1,0.094488071,12.5,100.138,3.8,3,10.59795157
Regular,FDR20,Fruits and Vegetables,2020,OUT017,Tier 2,Small,Supermarket Type1,0.028180789,13.15,158.16,3.8,3,56.12333991
Regular,FDX31,Fruits and Vegetables,2020,OUT017,Tier 2,High,Supermarket Type1,0.058778429,19.1,172.442,3.8,3,29.33763337
Regular,FDG09,Fruits and Vegetables,2020,OUT017,Tier 2,High,Supermarket Type1,0.0480335,18.5,87.7172,3.8,3,18.26167154
Regular,FDJ20,Fruits and Vegetables,2020,OUT017,Tier 2,High,Supermarket Type1,0.100378096,14.6,239.254,3.8,3,23.83527976
Regular,FDT07,Fruits and Vegetables,2020,OUT017,Tier 2,High,Supermarket Type1,0.077756427,16.35,104.528,3.8,3,13.44300452
Regular,FDO31,Fruits and Vegetables,2020,OUT017,Tier 2,High,Supermarket Type1,0.02914662,11.35,51.9008,3.8,3,17.80679887
Regular,FDN08,Fruits and Vegetables,2020,OUT017,Tier 2,High,Supermarket Type1,0.088864488,11.5,118.912,3.8,3,13.38127329
Regular,FDY08,Fruits and Vegetables,2020,OUT017,Tier 2,High,Supermarket Type1,0.172042892,20.35,123.207,3.8,3,7.161411818
Regular,FDM08,Fruits and Vegetables,2020,OUT017,Tier 2,High,Supermarket Type1,0.053887301,11.5,171.808,3.8,3,31.88283637
Regular,FDO08,Fruits and Vegetables,2020,OUT017,Tier 2,High,Supermarket Type1,0.054079556,12.15,36.6532,3.8,3,6.777644402
Regular,FDJ44,Fruits and Vegetables,2015,OUT045,Tier 2,High,Supermarket Type1,0.106928681,8.38,108.157,3.8,8,10.11487273
Regular,FDW19,Fruits and Vegetables,2015,OUT045,Tier 2,High,Supermarket Type1,0.038718195,9.395,88.3856,3.8,8,22.82792367
Regular,FDY20,Fruits and Vegetables,2015,OUT045,Tier 2,High,Supermarket Type1,0.082215187,9.695,226.54,3.8,8,27.55451982
Regular,FDZ08,Fruits and Vegetables,2015,OUT045,Tier 2,High,Supermarket Type1,0.110614538,19.7,197.911,3.8,8,17.89195196
Regular,FDO20,Fruits and Vegetables,2015,OUT045,Tier 2,High,Supermarket Type1,0.152988295,14.8,110.657,3.8,8,7.233037011
Regular,FDR19,Fruits and Vegetables,2015,OUT045,Tier 2,High,Supermarket Type1,0.160624116,11.6,168.247,3.8,8,10.47457905
Regular,FDX32,Fruits and Vegetables,2015,OUT045,Tier 2,High,Supermarket Type1,0.100423086,15,185.927,3.8,8,18.5143683
Regular,FDQ08,Fruits and Vegetables,2015,OUT045,Tier 2,High,Supermarket Type1,0.01903743,12.15,190.387,3.8,8,100.0066711
Regular,FDF56,Fruits and Vegetables,2015,OUT045,Tier 2,High,Supermarket Type1,0.120187953,19.7,102.599,3.8,8,8.536546088
Regular,FDW07,Fruits and Vegetables,2015,OUT045,Tier 2,High,Supermarket Type1,0.143495952,6.67,131.463,3.8,8,9.161443105
Regular,FDH44,Fruits and Vegetables,2015,OUT045,Tier 2,High,Supermarket Type1,0.026018497,8.655,119.376,3.8,8,45.88120521
Regular,FDU20,Fruits and Vegetables,2015,OUT045,Tier 2,High,Supermarket Type1,0.021578923,9.3,196.508,3.8,8,91.06478576
Regular,FDX31,Fruits and Vegetables,2020,OUT017,Tier 2,High,Supermarket Type1,0.014909465,10.5,144.813,3.8,3,97.12823364
Regular,FDG09,Fruits and Vegetables,2020,OUT017,Tier 2,High,Supermarket Type1,0.048207431,11.35,89.4856,3.8,3,18.56261538
Regular,FDP31,Fruits and Vegetables,2020,OUT017,Tier 2,High,Supermarket Type1,0.162418495,9.42,61.5194,3.8,3,3.787709029
Low Fat,FDM44,Fruits and Vegetables,2020,OUT017,Tier 2,High,Supermarket Type1,0.031112643,11.5,194.982,3.8,3,62.6696999
Low Fat,FDD09,Fruits and Vegetables,2020,OUT017,Tier 2,High,Supermarket Type1,0.021617996,6.11,129.697,3.8,3,59.99492275
Regular,FDI08,Fruits and Vegetables,2020,OUT017,Tier 2,Medium,Supermarket Type1,0.066431507,20.2,129.068,3.8,3,19.42873281
Regular,FDF57,Fruits and Vegetables,2020,OUT017,Tier 2,Medium,Supermarket Type1,0.059160135,7.97,90.4514,3.8,3,15.28924841
Low Fat,FDP19,Fruits and Vegetables,2020,OUT017,Tier 2,Medium,Supermarket Type1,0.173483253,10.65,229.367,3.8,3,13.22127618
Low Fat,FDS08,Fruits and Vegetables,2017,OUT035,Tier 2,Small,Supermarket Type1,0.05695045,20.75,107.162,3.8,6,18.81670821
Low Fat,FDG44,Fruits and Vegetables,2017,OUT035,Tier 2,Small,Supermarket Type1,0.102171627,6.15,97.8384,3.8,6,9.575887443
Low Fat,FDF09,Fruits and Vegetables,2017,OUT035,Tier 2,Small,Supermarket Type1,0.012146608,9.3,194.614,3.8,6,160.2208617
Low Fat,FDA20,Fruits and Vegetables,2017,OUT035,Tier 2,Small,Supermarket Type1,0.066608487,5.94,177.934,3.8,6,26.71341266
Low Fat,FDG45,Fruits and Vegetables,2017,OUT035,Tier 2,Small,Supermarket Type1,0.128011859,8.71,46.1376,3.8,6,3.60416608
Low Fat,FDX44,Fruits and Vegetables,2017,OUT035,Tier 2,Small,Supermarket Type1,0.04295842,12.1,78.067,3.8,6,18.17268885
Low Fat,FDH57,Fruits and Vegetables,2017,OUT035,Tier 2,Small,Supermarket Type1,0.035740763,12.6,34.4874,3.8,6,9.649318343
Low Fat,FDU07,Fruits and Vegetables,2017,OUT035,Tier 2,Small,Supermarket Type1,0.059835659,12.15,151.071,3.8,6,25.24765374
Low Fat,FDE45,Fruits and Vegetables,2017,OUT035,Tier 2,Small,Supermarket Type1,0.058778429,14.15,195.011,3.8,6,33.17730727
Low Fat,FDH32,Fruits and Vegetables,2017,OUT035,Tier 2,Small,Supermarket Type1,0.076045655,20.2,187.69,3.8,6,24.68122603
Low Fat,FDG57,Fruits and Vegetables,2017,OUT035,Tier 2,Small,Supermarket Type1,0.072284689,14.15,126.305,3.8,6,17.47327155
Low Fat,FDZ20,Fruits and Vegetables,2017,OUT035,Tier 2,Small,Supermarket Type1,0.034300475,8.38,109.857,3.8,6,32.02783635
Low Fat,FDB09,Fruits and Vegetables,2017,OUT035,Tier 2,Small,Supermarket Type1,0.057385239,16.7,188.621,3.8,6,32.86925406
Low Fat,FDC45,Fruits and Vegetables,2017,OUT035,Tier 2,Small,Supermarket Type1,0.135707553,14,52.564,3.8,6,3.873328996
Low Fat,FDB33,Fruits and Vegetables,2017,OUT035,Tier 2,Small,Supermarket Type1,0.014577412,9.8,117.349,3.8,6,80.50057171
Low Fat,FDP07,Fruits and Vegetables,2017,OUT035,Tier 2,Small,Supermarket Type1,0.089884775,10.5,216.751,3.8,6,24.11431747
Low Fat,FDR08,Fruits and Vegetables,2017,OUT035,Tier 2,Small,Supermarket Type1,0.03761584,6.63,55.8588,3.8,6,14.84980795
Low Fat,FDG32,Fruits and Vegetables,2017,OUT035,Tier 2,Small,Supermarket Type1,0.175962247,9.285,161.158,3.8,6,9.158669132
Low Fat,FDQ44,Fruits and Vegetables,2017,OUT035,Tier 2,Small,Supermarket Type1,0.036133463,6.11,46.6086,3.8,6,12.89901275
Regular,FDS56,Fruits and Vegetables,2017,OUT035,Tier 2,Small,Supermarket Type1,0.038749536,8.6,91.2146,3.8,6,23.53953348
Regular,FDT07,Fruits and Vegetables,2011,OUT010,Tier 3,Medium,Grocery Store,0.077304459,12.15,166.018,3.8,12,21.47586338
Regular,FDV44,Fruits and Vegetables,2011,OUT010,Tier 3,Medium,Grocery Store,0.039836895,10.1,118.115,3.8,12,29.64965015
Regular,FDC33,Fruits and Vegetables,2011,OUT010,Tier 3,Medium,Grocery Store,0.068925304,10.895,194.879,3.8,12,28.27394131
Regular,FDE20,Fruits and Vegetables,2011,OUT010,Tier 3,Medium,Grocery Store,0.00552947,15.2,49.1034,3.8,12,88.80308601
Regular,FDF57,Fruits and Vegetables,2011,OUT010,Tier 3,Medium,Grocery Store,0.058778429,6.59,121.41,3.8,12,20.65553674
Regular,FDD56,Fruits and Vegetables,2011,OUT010,Tier 3,Medium,Grocery Store,0.103758647,17.1,112.986,3.8,12,10.8893093
Regular,FDQ32,Fruits and Vegetables,2011,OUT010,Tier 3,High,Grocery Store,0.046599684,20.35,119.547,3.8,12,25.65403662
Regular,FDW32,Fruits and Vegetables,2011,OUT010,Tier 3,High,Grocery Store,0.094279004,20.1,152.237,3.8,12,16.1474977
Regular,FDX07,Fruits and Vegetables,2011,OUT010,Tier 3,High,Grocery Store,0.022914478,15.7,63.1536,3.8,12,27.56056673
Regular,FDP31,Fruits and Vegetables,2011,OUT010,Tier 3,High,Grocery Store,0.161474419,19,188.821,3.8,12,11.693555
Low Fat,FDX43,Fruits and Vegetables,2011,OUT010,Tier 3,High,Grocery Store,0.142732848,11.15,169.979,3.8,12,11.9088915
Low Fat,FDP19,Fruits and Vegetables,2011,OUT010,Tier 3,Small,Grocery Store,0.290430317,20.6,177.234,3.8,12,6.102462092
Low Fat,FDQ56,Fruits and Vegetables,2011,OUT010,Tier 3,Small,Grocery Store,0.176748258,19.85,61.9194,3.8,12,3.503253763
Low Fat,FDY32,Fruits and Vegetables,2014,OUT013,Tier 3,High,Supermarket Type1,0.216323008,19.5,179.2,3.8,9,8.283908478
Low Fat,FDK56,Fruits and Vegetables,2014,OUT013,Tier 3,High,Supermarket Type1,0.058778429,12.6,60.4194,3.8,9,10.27917912
Low Fat,FDM44,Fruits and Vegetables,2014,OUT013,Tier 3,High,Supermarket Type1,0.051970788,7.075,145.813,3.8,9,28.05672294
Low Fat,FDG57,Fruits and Vegetables,2014,OUT013,Tier 3,High,Supermarket Type1,0.121012632,11.1,151.837,3.8,9,12.54720251
Low Fat,FDZ20,Fruits and Vegetables,2014,OUT013,Tier 3,High,Supermarket Type1,0.057422821,17.7,117.183,3.8,9,20.40704339
Low Fat,FDR07,Fruits and Vegetables,2014,OUT013,Tier 3,High,Supermarket Type1,0.130127365,8.395,254.804,3.8,9,19.58112346
Regular,FDN08,Fruits and Vegetables,2014,OUT013,Tier 3,High,Supermarket Type1,0.147904328,7.68,85.5224,3.8,9,5.782278393
Regular,FDW44,Fruits and Vegetables,2014,OUT013,Tier 3,High,Supermarket Type1,0.058835928,13.65,55.593,3.8,9,9.448818416
Regular,FDM08,Fruits and Vegetables,2014,OUT013,Tier 3,High,Supermarket Type1,0.089688978,19.5,57.1614,3.8,9,6.373291487
Regular,FDZ08,Fruits and Vegetables,2014,OUT013,Tier 3,High,Supermarket Type1,0.058778429,13.1,189.853,3.8,9,32.29977446
Regular,FDS19,Fruits and Vegetables,2014,OUT013,Tier 3,High,Supermarket Type1,0.107469819,16.35,105.528,3.8,9,9.819314946
Regular,FDC21,Fruits and Vegetables,2014,OUT013,Tier 3,High,Supermarket Type1,0.071904258,6.035,188.324,3.8,9,26.19093851
Regular,FDZ07,Fruits and Vegetables,2014,OUT013,Tier 3,High,Supermarket Type1,0.157154813,10.3,173.042,3.8,9,11.0109259
Regular,FDD56,Fruits and Vegetables,2014,OUT013,Tier 3,High,Supermarket Type1,0.173703549,20.2,197.211,3.8,9,11.35330862
Regular,FDL32,Fruits and Vegetables,2014,OUT013,Tier 3,High,Supermarket Type1,0.204984538,8.6,188.553,3.8,9,9.198401101
Regular,FDT56,Fruits and Vegetables,2014,OUT013,Tier 3,High,Supermarket Type1,0.193477995,16.75,101.267,3.8,9,5.234031911
Regular,FDY56,Fruits and Vegetables,2014,OUT013,Tier 3,High,Supermarket Type1,0.104463896,20.25,193.816,3.8,9,18.55339571
Regular,FDP44,Fruits and Vegetables,2014,OUT013,Tier 3,High,Supermarket Type1,0.133424184,15.15,145.676,3.8,9,10.91826052
Regular,FDW32,Fruits and Vegetables,2014,OUT013,Tier 3,High,Supermarket Type1,0.15783357,17.6,111.82,3.8,9,7.084677867
Regular,FDR20,Fruits and Vegetables,2014,OUT013,Tier 3,High,Supermarket Type1,0.058778429,13.5,261.491,3.8,9,44.48757894
Regular,FDX31,Fruits and Vegetables,2014,OUT013,Tier 3,High,Supermarket Type1,0.024815024,14.85,157.463,3.8,9,63.45470389
Regular,FDJ20,Fruits and Vegetables,2022,OUT018,Tier 3,Medium,Supermarket Type2,0.16767231,10.6,42.8454,3.8,1,2.555305643
Regular,FDF56,Fruits and Vegetables,2022,OUT018,Tier 3,Medium,Supermarket Type2,0.199955274,20.7,157.529,3.8,1,7.878211805
Low Fat,FDA19,Fruits and Vegetables,2022,OUT018,Tier 3,Medium,Supermarket Type2,0.055081623,5.44,239.154,3.8,1,43.41811061
Low Fat,FDF09,Fruits and Vegetables,2022,OUT018,Tier 3,Medium,Supermarket Type2,0.012138795,6.92,61.4852,3.8,1,50.65181511
Low Fat,FDU32,Fruits and Vegetables,2022,OUT018,Tier 3,Medium,Supermarket Type2,0.058778429,16.75,170.411,3.8,1,28.99209844
Low Fat,FDK56,Fruits and Vegetables,2022,OUT018,Tier 3,Medium,Supermarket Type2,0.129889831,20.1,108.923,3.8,1,8.385798885
Low Fat,FDP19,Fruits and Vegetables,2022,OUT018,Tier 3,Medium,Supermarket Type2,0.058778429,20.7,177.203,3.8,1,30.14762439
Low Fat,FDY07,Fruits and Vegetables,2022,OUT018,Tier 3,Medium,Supermarket Type2,0.12150063,15.35,62.5168,3.8,1,5.145388958
Low Fat,FDM44,Fruits and Vegetables,2022,OUT018,Tier 3,Medium,Supermarket Type2,0.031023835,18.7,121.707,3.8,1,39.23015965
Low Fat,FDH32,Fruits and Vegetables,2022,OUT018,Tier 3,Medium,Supermarket Type2,0.075996742,10,120.944,3.8,1,15.91436643
Low Fat,FDF20,Fruits and Vegetables,2022,OUT018,Tier 3,Medium,Supermarket Type2,0.033192524,11.6,98.1042,3.8,1,29.5561133
Low Fat,FDD09,Fruits and Vegetables,2022,OUT018,Tier 3,Medium,Supermarket Type2,0.058778429,12.35,36.2216,3.8,1,6.162396753
Low Fat,FDC44,Fruits and Vegetables,2022,OUT018,Tier 3,Medium,Supermarket Type2,0.172453254,16.5,39.7506,3.8,1,2.305007246
Low Fat,FDP07,Fruits and Vegetables,2022,OUT018,Tier 3,Medium,Supermarket Type2,0.08982696,21.25,233.03,3.8,1,25.94210023
Low Fat,FDY19,Fruits and Vegetables,2022,OUT018,Tier 3,Medium,Supermarket Type2,0.041330512,7.105,59.2562,3.8,1,14.33715605
Low Fat,FDM32,Fruits and Vegetables,2022,OUT018,Tier 3,Medium,Supermarket Type2,0.020587886,10.695,36.0848,3.8,1,17.52720022
Regular,FDR31,Fruits and Vegetables,2022,OUT018,Tier 3,Medium,Supermarket Type2,0.049121972,10.8,100.504,3.8,1,20.46009065
Regular,FDQ19,Fruits and Vegetables,2022,OUT018,Tier 3,Medium,Supermarket Type2,0.014353174,5.5,100.502,3.8,1,70.02074942
Regular,FDT19,Fruits and Vegetables,2022,OUT018,Tier 3,Medium,Supermarket Type2,0.14492016,10.85,104.962,3.8,1,7.242746627
Regular,FDV44,Fruits and Vegetables,2022,OUT018,Tier 3,Medium,Supermarket Type2,0.039811272,18.25,200.008,3.8,1,50.23903783
Regular,FDW44,Fruits and Vegetables,2022,OUT018,Tier 3,Medium,Supermarket Type2,0.035121963,11.6,142.015,3.8,1,40.43481283
Regular,FDH56,Fruits and Vegetables,2022,OUT018,Tier 3,Medium,Supermarket Type2,0.063764099,19.7,83.8592,3.8,1,13.15147572
Regular,FDM08,Fruits and Vegetables,2022,OUT018,Tier 3,Medium,Supermarket Type2,0.058778429,6.035,187.724,3.8,1,31.93756676
Regular,FDR55,Fruits and Vegetables,2022,OUT018,Tier 3,Medium,Supermarket Type2,0.131973625,8.3,98.5384,3.8,1,7.466522193
Regular,FDT55,Fruits and Vegetables,2022,OUT018,Tier 3,Medium,Supermarket Type2,0.043618827,19.5,86.054,3.8,1,19.7286369
Regular,FDC09,Fruits and Vegetables,2022,OUT018,Tier 3,Medium,Supermarket Type2,0.026280116,20.7,94.3436,3.8,1,35.89923271
Regular,FDY56,Fruits and Vegetables,2022,OUT018,Tier 3,Medium,Supermarket Type2,0.062359467,5.785,87.0856,3.8,1,13.96509691
Regular,FDU20,Fruits and Vegetables,2022,OUT018,Tier 3,Medium,Supermarket Type2,0.021439694,13.15,170.876,3.8,1,79.70076439
Regular,FDC57,Fruits and Vegetables,2022,OUT018,Tier 3,Medium,Supermarket Type2,0.054549098,17.7,47.9034,3.8,1,8.781703411
Regular,FDP08,Fruits and Vegetables,2018,OUT027,Tier 3,Medium,Supermarket Type3,0.112316501,12.6,211.559,3.8,5,18.83596783
Low Fat,FDO32,Fruits and Vegetables,2018,OUT027,Tier 3,Medium,Supermarket Type3,0.121034655,12.6,94.4462,3.8,5,7.803236189
Low Fat,FDQ56,Fruits and Vegetables,2018,OUT027,Tier 3,Medium,Supermarket Type3,0.106027474,12.6,93.0804,3.8,5,8.778894421
Low Fat,FDA20,Fruits and Vegetables,2018,OUT027,Tier 3,Medium,Supermarket Type3,0.066892471,12.6,262.623,3.8,5,39.26047223
Low Fat,FDV08,Fruits and Vegetables,2018,OUT027,Tier 3,Medium,Supermarket Type3,0.028711412,12.6,255.37,3.8,5,88.94372732
Low Fat,FDP56,Fruits and Vegetables,2018,OUT027,Tier 3,Medium,Supermarket Type3,0.046673494,12.6,111.523,3.8,5,23.89428998
Low Fat,FDD08,Fruits and Vegetables,2018,OUT027,Tier 3,Medium,Supermarket Type3,0.03549838,12.6,62.5536,3.8,5,17.62153653
Low Fat,FDX44,Fruits and Vegetables,2018,OUT027,Tier 3,Medium,Supermarket Type3,0.043141572,12.6,185.627,3.8,5,43.02740753
Low Fat,FDA43,Fruits and Vegetables,2018,OUT027,Tier 3,Medium,Supermarket Type3,0.064939211,12.6,168.247,3.8,5,25.90838377
Low Fat,FDY07,Fruits and Vegetables,2018,OUT027,Tier 3,Medium,Supermarket Type3,0.058778429,12.6,159.658,3.8,5,27.16268582
Low Fat,FDW08,Fruits and Vegetables,2018,OUT027,Tier 3,Medium,Supermarket Type3,0.148986013,12.6,127.536,3.8,5,8.560266661
Low Fat,FDM44,Fruits and Vegetables,2018,OUT027,Tier 3,Medium,Supermarket Type3,0.031176157,12.6,197.411,3.8,5,63.32114635
Low Fat,FDH32,Fruits and Vegetables,2018,OUT027,Tier 3,Medium,Supermarket Type3,0.076369874,12.6,176.171,3.8,5,23.06812762
Low Fat,FDD33,Fruits and Vegetables,2018,OUT027,Tier 3,Medium,Supermarket Type3,0.108633372,12.6,123.176,3.8,5,11.33868881
Low Fat,FDL56,Fruits and Vegetables,2018,OUT027,Tier 3,Medium,Supermarket Type3,0.126292985,12.6,83.9908,3.8,5,6.650472312
Low Fat,FDB09,Fruits and Vegetables,2018,OUT027,Tier 3,Medium,Supermarket Type3,0.057629899,12.6,67.5142,3.8,5,11.71513419
Low Fat,FDT44,Fruits and Vegetables,2018,OUT027,Tier 3,Medium,Supermarket Type3,0.103406065,12.6,195.777,3.8,5,18.93283532
Low Fat,FDY55,Fruits and Vegetables,2018,OUT027,Tier 3,Medium,Supermarket Type3,0.08165147,12.6,150.737,3.8,5,18.46102709
Low Fat,FDR43,Fruits and Vegetables,2018,OUT027,Tier 3,Medium,Supermarket Type3,0.162147349,12.6,104.533,3.8,5,6.446790567
Low Fat,FDB32,Fruits and Vegetables,2018,OUT027,Tier 3,Medium,Supermarket Type3,0.023548476,12.6,159.692,3.8,5,67.81415494
Regular,FDT07,Fruits and Vegetables,2018,OUT027,Tier 3,Medium,Supermarket Type3,0.077634044,12.6,186.592,3.8,5,24.03481648
Regular,FDA07,Fruits and Vegetables,2018,OUT027,Tier 3,Medium,Supermarket Type3,0.03107068,12.6,200.174,3.8,5,64.42536822
Regular,FDD44,Fruits and Vegetables,2018,OUT027,Tier 3,Medium,Supermarket Type3,0.078719835,12.6,263.788,3.8,5,33.50972471
Regular,FDK08,Fruits and Vegetables,2018,OUT027,Tier 3,Medium,Supermarket Type3,0.122802943,12.6,248.641,3.8,5,20.2471532
Regular,FDZ43,Fruits and Vegetables,2018,OUT027,Tier 3,Medium,Supermarket Type3,0.057290978,12.6,130.794,3.8,5,22.8297726
Regular,FDO20,Fruits and Vegetables,2018,OUT027,Tier 3,Medium,Supermarket Type3,0.152747503,12.6,178.703,3.8,5,11.69924198
Regular,FDC21,Fruits and Vegetables,2018,OUT027,Tier 3,Medium,Supermarket Type3,0.043133816,12.6,209.759,3.8,5,48.62982677
Regular,FDZ31,Fruits and Vegetables,2018,OUT027,Tier 3,Medium,Supermarket Type3,0.113678422,12.6,133.228,3.8,5,11.71972637
Regular,FDT56,Fruits and Vegetables,2018,OUT027,Tier 3,Medium,Supermarket Type3,0.116063284,12.6,40.8138,3.8,5,3.516512595
Regular,FDH20,Fruits and Vegetables,2011,OUT010,Tier 3,Small,Grocery Store,0.025050746,19.2,182.095,3.7,12,72.69045002
Regular,FDW32,Fruits and Vegetables,2015,OUT045,Tier 2,Small,Supermarket Type1,0.09468096,17.85,93.1436,3.7,8,9.837627333
Regular,FDX07,Fruits and Vegetables,2018,OUT027,Tier 3,Medium,Supermarket Type3,0.058778429,12.6,36.9874,3.7,5,6.292682644
Regular,FDJ20,Fruits and Vegetables,2016,OUT046,Tier 1,Small,Supermarket Type1,0.100583009,15.85,60.622,3.7,7,6.027061688
Regular,FDP31,Fruits and Vegetables,2016,OUT046,Tier 1,Small,Supermarket Type1,0.16216286,15.1,194.511,3.7,7,11.99479338
Regular,FDG56,Fruits and Vegetables,2018,OUT027,Tier 3,Medium,Supermarket Type3,0.071743629,12.6,149.971,3.7,5,20.90373767
Low Fat,FDU08,Fruits and Vegetables,2014,OUT013,Tier 3,High,Supermarket Type1,0.027183141,16.75,38.7822,3.7,9,14.26700468
Low Fat,FDA43,Fruits and Vegetables,2016,OUT046,Tier 1,Small,Supermarket Type1,0.064362554,7.235,116.049,3.7,7,18.03051507
Low Fat,FDA44,Fruits and Vegetables,2017,OUT035,Tier 2,Small,Supermarket Type1,0.052964982,21.25,178.237,3.7,6,33.65185699
Low Fat,FDB21,Fruits and Vegetables,2018,OUT027,Tier 3,Medium,Supermarket Type3,0.058778429,12.6,97.0094,3.7,5,16.50425193
Low Fat,FDC45,Fruits and Vegetables,2018,OUT027,Tier 3,Medium,Supermarket Type3,0.135075924,12.6,198.808,3.7,5,14.71824098
Low Fat,FDD09,Fruits and Vegetables,2018,OUT027,Tier 3,Medium,Supermarket Type3,0.021392306,12.6,232.63,3.7,5,108.7447048
Low Fat,FDE21,Fruits and Vegetables,2018,OUT019,Tier 1,Small,Grocery Store,0.058778429,12.6,107.362,3.7,5,18.26554432
Low Fat,FDF20,Fruits and Vegetables,2012,OUT049,Tier 1,Medium,Supermarket Type1,0.033059299,8.195,94.3462,3.7,11,28.53847566
Low Fat,FDH57,Fruits and Vegetables,2012,OUT049,Tier 1,Medium,Supermarket Type1,0.035574413,20.1,226.804,3.7,11,63.75481164
Low Fat,FDI32,Fruits and Vegetables,2017,OUT035,Tier 2,Small,Supermarket Type1,0.173529036,9.395,82.4908,3.7,6,4.753717412
Low Fat,FDI44,Fruits and Vegetables,2011,OUT010,Tier 3,Medium,Grocery Store,0.099747488,15.6,184.792,3.7,12,18.52598032
Low Fat,FDI56,Fruits and Vegetables,2012,OUT049,Tier 1,Medium,Supermarket Type1,0.092933158,12.6,124.007,3.7,11,13.34367654
Low Fat,FDK44,Fruits and Vegetables,2022,OUT018,Tier 3,Medium,Supermarket Type2,0.121635591,8.395,254.104,3.7,1,20.89059608
Low Fat,FDL56,Fruits and Vegetables,2018,OUT027,Tier 3,Medium,Supermarket Type3,0.12517151,12.6,159.458,3.7,5,12.73916085
Low Fat,FDN44,Fruits and Vegetables,2020,OUT017,Tier 2,Medium,Supermarket Type1,0.022685222,8.945,264.791,3.7,3,116.7240065
Low Fat,FDS55,Fruits and Vegetables,2016,OUT046,Tier 1,Small,Supermarket Type1,0.080771137,18.85,168.113,3.7,7,20.81349926
Low Fat,FDU55,Fruits and Vegetables,2014,OUT013,Tier 3,High,Supermarket Type1,0.035737373,13.35,240.256,3.7,9,67.22822072
Low Fat,FDV08,Fruits and Vegetables,2011,OUT010,Tier 3,Medium,Grocery Store,0.028456456,7.06,58.8904,3.7,12,20.69491717
Low Fat,FDW56,Fruits and Vegetables,2022,OUT018,Tier 3,Medium,Supermarket Type2,0.070556945,19.85,62.0194,3.7,1,8.789978081
Low Fat,FDX20,Fruits and Vegetables,2017,OUT035,Tier 2,Small,Supermarket Type1,0.042354152,6.59,85.6908,3.7,6,20.23197159
Low Fat,FDX44,Fruits and Vegetables,2014,OUT013,Tier 3,High,Supermarket Type1,0.042758477,21,195.048,3.7,9,45.61621781
Low Fat,FDZ19,Fruits and Vegetables,2020,OUT017,Tier 2,Medium,Supermarket Type1,0.093002339,11.65,55.5298,3.7,3,5.970796068
Low Fat,FDZ55,Fruits and Vegetables,2020,OUT017,Tier 2,Medium,Supermarket Type1,0.02528566,7.865,166.353,3.7,3,65.78946328
Regular,FDA07,Fruits and Vegetables,2014,OUT013,Tier 3,High,Supermarket Type1,0.030794774,16.25,168.147,3.7,9,54.60244651
Regular,FDF21,Fruits and Vegetables,2012,OUT049,Tier 1,Medium,Supermarket Type1,0.058542509,7.035,263.791,3.7,11,45.05973599
Regular,FDF56,Fruits and Vegetables,2012,OUT049,Tier 1,Medium,Supermarket Type1,0.118883724,19.7,110.391,3.7,11,9.285627695
Regular,FDG09,Fruits and Vegetables,2012,OUT049,Tier 1,Medium,Supermarket Type1,0.047704151,5.98,148.242,3.7,11,31.07528316
Regular,FDN56,Fruits and Vegetables,2012,OUT049,Tier 1,Medium,Supermarket Type1,0.106538757,11.15,106.862,3.7,11,10.03034041
Regular,FDQ32,Fruits and Vegetables,2012,OUT049,Tier 1,Medium,Supermarket Type1,0.046382793,14.3,124.373,3.7,11,26.81446975
Regular,FDQ55,Fruits and Vegetables,2012,OUT049,Tier 1,Medium,Supermarket Type1,0.012974937,15.6,78.067,3.7,11,60.16753684
Regular,FDR44,Fruits and Vegetables,2012,OUT049,Tier 1,Medium,Supermarket Type1,0.102422487,15,45.206,3.7,11,4.413679195
Regular,FDT55,Fruits and Vegetables,2012,OUT049,Tier 1,Medium,Supermarket Type1,0.043443753,8.235,182.295,3.7,11,41.96115377
Regular,FDT56,Fruits and Vegetables,2012,OUT049,Tier 1,Medium,Supermarket Type1,0.115032648,14.5,160.36,3.7,11,13.94039021
Regular,FDU20,Fruits and Vegetables,2012,OUT049,Tier 1,Medium,Supermarket Type1,0.021353642,9.1,112.552,3.7,11,52.70857309
Regular,FDW07,Fruits and Vegetables,2012,OUT049,Tier 1,Medium,Supermarket Type1,0.141997869,19.6,104.596,3.7,11,7.366026035
Regular,FDW31,Fruits and Vegetables,2012,OUT049,Tier 1,Medium,Supermarket Type1,0.042949109,8.63,183.958,3.7,11,42.83162196
Regular,FDX56,Fruits and Vegetables,2012,OUT049,Tier 1,Medium,Supermarket Type1,0.073700837,11.1,220.748,3.7,11,29.95189865
Regular,FDY08,Fruits and Vegetables,2012,OUT049,Tier 1,Medium,Supermarket Type1,0.170246782,15.5,143.547,3.7,11,8.431701223
Regular,FDY44,Fruits and Vegetables,2012,OUT049,Tier 1,Medium,Supermarket Type1,0.024286378,18.25,198.008,3.7,11,81.5304777
Low Fat,FDG32,Fruits and Vegetables,2012,OUT049,Tier 1,Medium,Supermarket Type1,0.17514326,16.5,95.2068,3.7,11,5.435938557
Low Fat,DRN47,Hard Drinks,2012,OUT049,Tier 1,Medium,Supermarket Type1,0.016895293,21.1,128.799,3.7,11,76.23365869
Low Fat,DRJ35,Hard Drinks,2012,OUT049,Tier 1,Medium,Supermarket Type1,0.046545786,6.78,227.569,3.7,11,48.89142918
Low Fat,DRL11,Hard Drinks,2012,OUT049,Tier 1,Medium,Supermarket Type1,0.048115543,19,189.621,3.7,11,39.40951056
Low Fat,DRM59,Hard Drinks,2012,OUT049,Tier 1,Medium,Supermarket Type1,0.003597678,6.115,188.653,3.7,11,524.3743326
Low Fat,DRG23,Hard Drinks,2018,OUT019,Tier 1,Small,Grocery Store,0.086916126,12.6,54.3956,3.7,5,6.258401347
Low Fat,DRI59,Hard Drinks,2018,OUT019,Tier 1,Small,Grocery Store,0.041065647,12.6,123.105,3.7,5,29.97761121
Low Fat,DRN47,Hard Drinks,2018,OUT019,Tier 1,Small,Grocery Store,0.016921927,12.6,54.5956,3.7,5,32.26322865
Low Fat,DRM23,Hard Drinks,2018,OUT019,Tier 1,Small,Grocery Store,0.136500981,12.6,120.541,3.7,5,8.830779026
Low Fat,DRL11,Hard Drinks,2018,OUT019,Tier 1,Small,Grocery Store,0.048009081,12.6,122.276,3.7,5,25.46934818
Low Fat,DRN35,Hard Drinks,2018,OUT019,Tier 1,Small,Grocery Store,0.117580062,12.6,53.7324,3.7,5,4.56985641
Low Fat,DRJ23,Hard Drinks,2018,OUT019,Tier 1,Small,Grocery Store,0.041634206,12.6,40.548,3.7,5,9.73910731
Low Fat,DRJ47,Hard Drinks,2018,OUT019,Tier 1,Small,Grocery Store,0.044430561,12.6,88.383,3.7,5,19.89238893
Low Fat,DRN47,Hard Drinks,2018,OUT019,Tier 1,Small,Grocery Store,0.016745264,12.6,141.418,3.7,5,84.45253536
Low Fat,DRN35,Hard Drinks,2018,OUT019,Tier 1,Small,Grocery Store,0.070247589,12.6,107.628,3.7,5,15.32123757
Low Fat,DRI47,Hard Drinks,2018,OUT019,Tier 1,Small,Grocery Store,0.020920179,12.6,200.474,3.7,5,95.82805195
Low Fat,DRM11,Hard Drinks,2018,OUT019,Tier 1,Small,Grocery Store,0.066014596,12.6,185.192,3.7,5,28.05318993
Low Fat,DRL11,Hard Drinks,2018,OUT019,Tier 1,Small,Grocery Store,0.048092816,12.6,256.133,3.7,5,53.25805833
Low Fat,DRK35,Hard Drinks,2016,OUT046,Tier 1,Small,Supermarket Type1,0.120256303,14.35,80.996,3.7,7,6.73528106
Low Fat,DRM11,Hard Drinks,2016,OUT046,Tier 1,Small,Supermarket Type1,0.066338717,15.25,217.319,3.7,7,32.75899954
Low Fat,DRK35,Hard Drinks,2016,OUT046,Tier 1,Small,Supermarket Type1,0.071958197,7.51,229.601,3.7,7,31.90755321
Low Fat,DRI11,Hard Drinks,2016,OUT046,Tier 1,Small,Supermarket Type1,0.034457776,18.7,110.789,3.7,7,32.15210407
Low Fat,DRL47,Hard Drinks,2016,OUT046,Tier 1,Small,Supermarket Type1,0.064325351,19.1,209.259,3.7,7,32.53134211
Low Fat,DRN11,Hard Drinks,2016,OUT046,Tier 1,Small,Supermarket Type1,0.162980276,20.5,91.083,3.7,7,5.588590364
Low Fat,DRK23,Hard Drinks,2016,OUT046,Tier 1,Small,Supermarket Type1,0.072383777,8.27,237.988,3.7,7,32.87863799
Low Fat,DRO47,Hard Drinks,2016,OUT046,Tier 1,Small,Supermarket Type1,0.112859454,19.2,129.831,3.7,7,11.50377708
Low Fat,DRJ23,Hard Drinks,2016,OUT046,Tier 1,Small,Supermarket Type1,0.041904578,9.06,213.756,3.7,7,51.01017841
Low Fat,DRK11,Hard Drinks,2016,OUT046,Tier 1,Small,Supermarket Type1,0.010762387,15.35,216.751,3.7,7,201.3967719
Low Fat,DRL23,Hard Drinks,2016,OUT046,Tier 1,Small,Supermarket Type1,0.015301418,12.5,199.743,3.7,7,130.5388821
Low Fat,DRM59,Hard Drinks,2016,OUT046,Tier 1,Small,Supermarket Type1,0.003589104,11.6,172.511,3.7,7,480.6519956
Low Fat,DRL35,Hard Drinks,2016,OUT046,Tier 1,Small,Supermarket Type1,0.03067808,16.7,182.798,3.7,7,59.58586717
Low Fat,DRP35,Hard Drinks,2015,OUT045,Tier 2,Medium,Supermarket Type1,0.09079168,11.8,117.649,3.7,8,12.95812568
Low Fat,DRJ59,Hard Drinks,2020,OUT017,Tier 2,Medium,Supermarket Type1,0.064325351,13.15,157.892,3.7,3,24.54584352
Low Fat,DRL35,Hard Drinks,2020,OUT017,Tier 2,Medium,Supermarket Type1,0.030554947,14,216.919,3.7,3,70.99308665
Low Fat,DRI11,Hard Drinks,2015,OUT045,Tier 2,Medium,Supermarket Type1,0.034237682,7.5,121.707,3.7,8,35.54767522
Low Fat,DRQ35,Hard Drinks,2015,OUT045,Tier 2,Medium,Supermarket Type1,0.042086652,9.3,145.379,3.7,8,34.54278093
Low Fat,DRN35,Hard Drinks,2015,OUT045,Tier 2,Medium,Supermarket Type1,0.070356805,15.25,215.119,3.7,8,30.57543616
Low Fat,DRH23,Hard Drinks,2015,OUT045,Tier 2,Medium,Supermarket Type1,0.064325351,6.36,45.706,3.7,8,7.105441212
Low Fat,DRK35,Hard Drinks,2015,OUT045,Tier 2,Medium,Supermarket Type1,0.071846495,19.1,212.159,3.7,8,29.52948505
Low Fat,DRP35,Hard Drinks,2015,OUT045,Tier 2,Small,Supermarket Type1,0.090867297,15.7,43.277,3.7,8,4.762659552
Low Fat,DRM59,Hard Drinks,2015,OUT045,Tier 2,Small,Supermarket Type1,0.003599378,7.5,175.403,3.7,8,487.3147527
Low Fat,DRK35,Hard Drinks,2015,OUT045,Tier 2,Small,Supermarket Type1,0.071992202,14.85,253.27,3.7,8,35.1801991
Low Fat,DRM47,Hard Drinks,2015,OUT045,Tier 2,Small,Supermarket Type1,0.043874493,17.75,177.866,3.7,8,40.53972772
Low Fat,DRJ59,Hard Drinks,2015,OUT045,Tier 2,Small,Supermarket Type1,0.01941154,6.865,214.622,3.7,8,110.5641283
Low Fat,DRH23,Hard Drinks,2020,OUT017,Tier 2,Small,Supermarket Type1,0.171281641,4.92,199.808,3.7,3,11.66546507
Low Fat,DRI23,Hard Drinks,2020,OUT017,Tier 2,Small,Supermarket Type1,0.137972993,12.35,57.3246,3.7,3,4.154769622
Low Fat,DRQ35,Hard Drinks,2020,OUT017,Tier 2,Small,Supermarket Type1,0.042283454,16.6,54.6614,3.7,3,12.92737344
Low Fat,DRP35,Hard Drinks,2020,OUT017,Tier 2,Small,Supermarket Type1,0.090850115,17.6,41.7454,3.7,3,4.594974921
Low Fat,DRH59,Hard Drinks,2020,OUT017,Tier 2,Small,Supermarket Type1,0.097805615,10,121.444,3.7,3,12.41687402
Low Fat,DRG11,Hard Drinks,2020,OUT017,Tier 2,Small,Supermarket Type1,0.14032811,6.59,119.11,3.7,3,8.487964386
Low Fat,DRQ35,Hard Drinks,2020,OUT017,Tier 2,High,Supermarket Type1,0.042463728,11,119.976,3.7,3,28.25376048
Low Fat,DRK59,Hard Drinks,2020,OUT017,Tier 2,High,Supermarket Type1,0.075084457,13.15,144.381,3.7,3,19.22914619
Low Fat,DRP47,Hard Drinks,2015,OUT045,Tier 2,High,Supermarket Type1,0.141398626,5.46,145.579,3.7,8,10.2956446
Low Fat,DRK23,Hard Drinks,2015,OUT045,Tier 2,High,Supermarket Type1,0.072088552,16.1,109.36,3.7,8,15.17023119
Low Fat,DRK11,Hard Drinks,2015,OUT045,Tier 2,High,Supermarket Type1,0.010781158,19.35,122.21,3.7,8,113.3551702
Low Fat,DRP47,Hard Drinks,2015,OUT045,Tier 2,High,Supermarket Type1,0.140821917,9.6,258.33,3.7,8,18.34444563
Low Fat,DRH59,Hard Drinks,2015,OUT045,Tier 2,High,Supermarket Type1,0.05843345,18.85,252.472,3.7,8,43.20675914
Low Fat,DRK47,Hard Drinks,2015,OUT045,Tier 2,High,Supermarket Type1,0.064194304,19.2,223.806,3.7,8,34.86384088
Low Fat,DRP35,Hard Drinks,2020,OUT017,Tier 2,High,Supermarket Type1,0.091051579,19.85,167.682,3.7,3,18.41615509
Low Fat,DRF23,Hard Drinks,2020,OUT017,Tier 2,High,Supermarket Type1,0.123346085,16.75,101.967,3.7,3,8.266739881
Low Fat,DRK59,Hard Drinks,2020,OUT017,Tier 2,High,Supermarket Type1,0.075876602,11.5,100.636,3.7,3,13.26311371
Low Fat,DRL35,Hard Drinks,2020,OUT017,Tier 2,High,Supermarket Type1,0.030877303,16.7,114.718,3.7,3,37.15285626
Low Fat,DRI11,Hard Drinks,2020,OUT017,Tier 2,Medium,Supermarket Type1,0.034397781,5.785,180.366,3.7,3,52.43535913
Low Fat,DRG23,Hard Drinks,2020,OUT017,Tier 2,Medium,Supermarket Type1,0.086764795,15.15,130.028,3.7,3,14.98626257
Low Fat,DRI47,Hard Drinks,2017,OUT035,Tier 2,Small,Supermarket Type1,0.035016091,15.75,195.845,3.7,6,55.93000087
Low Fat,DRM23,Hard Drinks,2017,OUT035,Tier 2,Small,Supermarket Type1,0.227189581,12.15,163.118,3.7,6,7.179818691
Low Fat,DRJ11,Hard Drinks,2017,OUT035,Tier 2,Small,Supermarket Type1,0.085020342,8.645,53.3982,3.7,6,6.280638109
Low Fat,DRN35,Hard Drinks,2017,OUT035,Tier 2,Small,Supermarket Type1,0.070533748,16,225.94,3.7,6,32.03289296
Low Fat,DRM23,Hard Drinks,2017,OUT035,Tier 2,Small,Supermarket Type1,0.136286138,19.6,45.5718,3.7,6,3.343832371
Low Fat,DRP35,Hard Drinks,2017,OUT035,Tier 2,Small,Supermarket Type1,0.091237452,9.065,97.0094,3.7,6,10.63262924
Low Fat,DRJ47,Hard Drinks,2017,OUT035,Tier 2,Small,Supermarket Type1,0.04403602,13.1,188.99,3.7,6,42.9171392
Low Fat,DRL23,Hard Drinks,2017,OUT035,Tier 2,Small,Supermarket Type1,0.015335349,13.35,148.339,3.7,6,96.73011028
Low Fat,DRM47,Hard Drinks,2017,OUT035,Tier 2,Small,Supermarket Type1,0.043785694,18,129.399,3.7,6,29.55280325
Low Fat,DRM59,Hard Drinks,2017,OUT035,Tier 2,Small,Supermarket Type1,0.003612411,19.6,152.002,3.7,6,420.7771486
Low Fat,DRK35,Hard Drinks,2017,OUT035,Tier 2,Small,Supermarket Type1,0.072252888,5.88,149.439,3.7,6,20.68277188
Low Fat,DRJ11,Hard Drinks,2017,OUT035,Tier 2,Small,Supermarket Type1,0.085075063,9.1,47.2718,3.7,6,5.556481339
Low Fat,DRL47,Hard Drinks,2017,OUT035,Tier 2,Small,Supermarket Type1,0.038729457,10,248.375,3.7,6,64.13077261
Low Fat,DRJ23,Hard Drinks,2017,OUT035,Tier 2,Small,Supermarket Type1,0.069745165,7.235,197.245,3.7,6,28.28081344
Low Fat,DRL11,Hard Drinks,2017,OUT035,Tier 2,Small,Supermarket Type1,0.048213766,20.2,259.465,3.7,6,53.81554305
Low Fat,DRM59,Hard Drinks,2017,OUT035,Tier 2,Small,Supermarket Type1,0.003606726,7.155,33.7874,3.7,6,93.67886554
Low Fat,DRM35,Hard Drinks,2017,OUT035,Tier 2,Small,Supermarket Type1,0.070103425,17.25,41.648,3.7,6,5.940936552
Low Fat,DRJ59,Hard Drinks,2017,OUT035,Tier 2,Small,Supermarket Type1,0.019356132,5.925,43.8086,3.7,6,22.632931
Low Fat,DRM47,Hard Drinks,2017,OUT035,Tier 2,Small,Supermarket Type1,0.04357366,11.6,239.622,3.7,6,54.99239678
Low Fat,DRF23,Hard Drinks,2017,OUT035,Tier 2,Small,Supermarket Type1,0.122843005,11.1,177.271,3.7,6,14.4306955
Low Fat,DRL35,Hard Drinks,2017,OUT035,Tier 2,Small,Supermarket Type1,0.030751366,11.5,99.7358,3.7,6,32.43296574
Low Fat,DRM11,Hard Drinks,2017,OUT035,Tier 2,Small,Supermarket Type1,0.066069578,13.6,110.091,3.7,6,16.66288833
Low Fat,DRO35,Hard Drinks,2017,OUT035,Tier 2,Small,Supermarket Type1,0.034570357,14.85,160.958,3.7,6,46.55954233
Low Fat,DRN47,Hard Drinks,2017,OUT035,Tier 2,Small,Supermarket Type1,0.064325351,13.8,231.598,3.7,6,36.00415643
Low Fat,DRN11,Hard Drinks,2017,OUT035,Tier 2,Small,Supermarket Type1,0.163902159,8.115,157.397,3.7,6,9.603107181
Low Fat,DRJ11,Hard Drinks,2011,OUT010,Tier 3,Medium,Grocery Store,0.064325351,6.615,196.343,3.7,12,30.52342458
Low Fat,DRJ35,Hard Drinks,2011,OUT010,Tier 3,Medium,Grocery Store,0.046848053,6.85,261.259,3.7,12,55.76731225
Low Fat,DRH11,Hard Drinks,2011,OUT010,Tier 3,Medium,Grocery Store,0.075495088,12.3,193.316,3.7,12,25.60643416
Low Fat,DRI47,Hard Drinks,2011,OUT010,Tier 3,Medium,Grocery Store,0.02090277,15.35,35.219,3.7,12,16.84896308
Low Fat,DRJ47,Hard Drinks,2011,OUT010,Tier 3,Medium,Grocery Store,0.04421348,8.775,110.723,3.7,12,25.042815
Low Fat,DRK11,Hard Drinks,2011,OUT010,Tier 3,Medium,Grocery Store,0.010808272,15.2,117.649,3.7,12,108.8508875
Low Fat,DRQ35,Hard Drinks,2011,OUT010,Tier 3,Medium,Grocery Store,0.042357203,16.5,178.732,3.7,12,42.19636504
Low Fat,DRH23,Hard Drinks,2011,OUT010,Tier 3,High,Grocery Store,0.298205272,19.2,196.211,3.7,12,6.579729415
Low Fat,DRJ47,Hard Drinks,2011,OUT010,Tier 3,High,Grocery Store,0.044250304,9.6,258.362,3.7,12,58.38649154
Low Fat,DRG11,Hard Drinks,2011,OUT010,Tier 3,High,Grocery Store,0.083768522,12.1,146.673,3.7,12,17.5093217
Low Fat,DRG23,Hard Drinks,2011,OUT010,Tier 3,High,Grocery Store,0.064325351,12.35,47.8692,3.7,12,7.441731643
Low Fat,DRI47,Hard Drinks,2011,OUT010,Tier 3,High,Grocery Store,0.021005399,16.7,120.378,3.7,12,57.3081235
Low Fat,DRI11,Hard Drinks,2011,OUT010,Tier 3,High,Grocery Store,0.060237465,10.195,119.181,3.7,12,19.78519514
Low Fat,DRK23,Hard Drinks,2011,OUT010,Tier 3,High,Grocery Store,0.07191675,12.15,182.295,3.7,12,25.34805869
Low Fat,DRI23,Hard Drinks,2011,OUT010,Tier 3,Small,Grocery Store,0.136532569,9.3,195.014,3.7,12,14.28333191
Low Fat,DRL47,Hard Drinks,2014,OUT013,Tier 3,High,Supermarket Type1,0.038549197,19.7,179.166,3.7,9,46.47723272
Low Fat,DRK23,Hard Drinks,2014,OUT013,Tier 3,High,Supermarket Type1,0.07226985,7.5,123.407,3.7,9,17.0758622
Low Fat,DRN59,Hard Drinks,2014,OUT013,Tier 3,High,Supermarket Type1,0.064241345,8.71,46.5376,3.7,9,7.244182076
Low Fat,DRL35,Hard Drinks,2014,OUT013,Tier 3,High,Supermarket Type1,0.030765898,17,247.443,3.7,9,80.42768652
Low Fat,DRM23,Hard Drinks,2014,OUT013,Tier 3,High,Supermarket Type1,0.135944247,18.7,121.407,3.7,9,8.930646399
Low Fat,DRK11,Hard Drinks,2014,OUT013,Tier 3,High,Supermarket Type1,0.018847114,9.3,88.5172,3.7,9,46.96591743
Low Fat,DRG11,Hard Drinks,2014,OUT013,Tier 3,High,Supermarket Type1,0.064325351,14.7,47.5034,3.7,9,7.384864484
Low Fat,DRH23,Hard Drinks,2014,OUT013,Tier 3,High,Supermarket Type1,0.170176516,8.76,126.734,3.7,9,7.447208521
Low Fat,DRG23,Hard Drinks,2014,OUT013,Tier 3,High,Supermarket Type1,0.086360962,10.1,196.508,3.7,9,22.75426251
Low Fat,DRF23,Hard Drinks,2014,OUT013,Tier 3,High,Supermarket Type1,0.205294827,13.15,159.56,3.7,9,7.772236755
Low Fat,DRN47,Hard Drinks,2014,OUT013,Tier 3,High,Supermarket Type1,0.016826748,18.85,246.714,3.7,9,146.6201312
Low Fat,DRN59,Hard Drinks,2014,OUT013,Tier 3,High,Supermarket Type1,0.064504433,19.5,181.861,3.7,9,28.19356617
Low Fat,DRK47,Hard Drinks,2014,OUT013,Tier 3,High,Supermarket Type1,0.064011067,19.6,103.196,3.7,9,16.12158722
Low Fat,DRK47,Hard Drinks,2014,OUT013,Tier 3,High,Supermarket Type1,0.064325351,11.65,111.686,3.7,9,17.36267246
Low Fat,DRL59,Hard Drinks,2014,OUT013,Tier 3,High,Supermarket Type1,0.037160705,12.6,208.961,3.7,9,56.23171035
Low Fat,DRL47,Hard Drinks,2014,OUT013,Tier 3,High,Supermarket Type1,0.038815341,19,107.662,3.7,9,27.73697132
Low Fat,DRI11,Hard Drinks,2014,OUT013,Tier 3,High,Supermarket Type1,0.03447406,4.59,113.286,3.7,9,32.86122957
Low Fat,DRO35,Hard Drinks,2014,OUT013,Tier 3,High,Supermarket Type1,0.034640466,6.865,129.965,3.7,9,37.51825971
Low Fat,DRO47,Hard Drinks,2014,OUT013,Tier 3,High,Supermarket Type1,0.187841082,6.55,156.529,3.7,9,8.33305464
Low Fat,DRN11,Hard Drinks,2014,OUT013,Tier 3,High,Supermarket Type1,0.163310805,18.5,144.91,3.7,9,8.873264693
Low Fat,DRM23,Hard Drinks,2014,OUT013,Tier 3,High,Supermarket Type1,0.135707553,6.11,43.0086,3.7,9,3.16921196
Low Fat,DRM47,Hard Drinks,2014,OUT013,Tier 3,High,Supermarket Type1,0.043777415,7.6,171.345,3.7,9,39.14004516
Low Fat,DRK35,Hard Drinks,2014,OUT013,Tier 3,High,Supermarket Type1,0.071832909,13,46.306,3.7,9,6.446348985
Low Fat,DRF23,Hard Drinks,2014,OUT013,Tier 3,High,Supermarket Type1,0.064325351,11.6,240.622,3.7,9,37.4070248
Low Fat,DRJ59,Hard Drinks,2022,OUT018,Tier 3,Medium,Supermarket Type2,0.019372253,19.7,55.093,3.7,1,28.43912889
Low Fat,DRN35,Hard Drinks,2022,OUT018,Tier 3,Medium,Supermarket Type2,0.070234306,18.7,85.3566,3.7,1,12.15312073
Low Fat,DRF23,Hard Drinks,2022,OUT018,Tier 3,Medium,Supermarket Type2,0.123151947,17.25,40.8822,3.7,1,3.31965519
Low Fat,DRK59,Hard Drinks,2022,OUT018,Tier 3,Medium,Supermarket Type2,0.075757177,18.25,224.106,3.7,1,29.58214771
Low Fat,DRM59,Hard Drinks,2022,OUT018,Tier 3,Medium,Supermarket Type2,0.003574698,12.35,113.652,3.7,1,317.93455
Low Fat,DRN59,Hard Drinks,2022,OUT018,Tier 3,Medium,Supermarket Type2,0.063831013,16.35,196.343,3.7,1,30.75981263
Low Fat,DRL11,Hard Drinks,2022,OUT018,Tier 3,Medium,Supermarket Type2,0.04778563,14.35,110.323,3.7,1,23.08706613
Low Fat,DRM35,Hard Drinks,2022,OUT018,Tier 3,Medium,Supermarket Type2,0.070587419,13.5,160.692,3.7,1,22.76496326
Low Fat,DRL23,Hard Drinks,2022,OUT018,Tier 3,Medium,Supermarket Type2,0.015291576,7.26,118.115,3.7,1,77.24187487
Low Fat,DRK23,Hard Drinks,2022,OUT018,Tier 3,Medium,Supermarket Type2,0.071628097,17.85,153.668,3.7,1,21.45359244
Low Fat,DRI47,Hard Drinks,2022,OUT018,Tier 3,Medium,Supermarket Type2,0.020916223,9.395,85.1908,3.7,1,40.72953324
Low Fat,DRN47,Hard Drinks,2022,OUT018,Tier 3,Medium,Supermarket Type2,0.016852909,19.85,196.077,3.7,1,116.346086
Low Fat,DRQ35,Hard Drinks,2022,OUT018,Tier 3,Medium,Supermarket Type2,0.042530668,20.35,122.707,3.7,1,28.85141611
Low Fat,DRQ35,Hard Drinks,2022,OUT018,Tier 3,Medium,Supermarket Type2,0.042377219,20.35,117.347,3.7,1,27.69105731
Low Fat,DRN47,Hard Drinks,2022,OUT018,Tier 3,Medium,Supermarket Type2,0.016823566,7.435,206.164,3.7,1,122.5447685
Low Fat,DRJ23,Hard Drinks,2022,OUT018,Tier 3,Medium,Supermarket Type2,0.064325351,12.5,196.943,3.7,1,30.6167004
Low Fat,DRG11,Hard Drinks,2022,OUT018,Tier 3,Medium,Supermarket Type2,0.084008316,4.805,126.27,3.7,1,15.03065482
Low Fat,DRI23,Hard Drinks,2022,OUT018,Tier 3,Medium,Supermarket Type2,0.13747519,20,125.868,3.7,1,9.155688383
Low Fat,DRF23,Hard Drinks,2022,OUT018,Tier 3,Medium,Supermarket Type2,0.122058364,14.3,89.8856,3.7,1,7.36414917
Low Fat,DRK11,Hard Drinks,2022,OUT018,Tier 3,Medium,Supermarket Type2,0.010755465,10,264.723,3.7,1,246.1288285
Low Fat,DRL23,Hard Drinks,2022,OUT018,Tier 3,Medium,Supermarket Type2,0.015328106,8.77,173.842,3.7,1,113.4138817
Low Fat,DRL35,Hard Drinks,2018,OUT027,Tier 3,Medium,Supermarket Type3,0.030697825,12.6,109.189,3.7,5,35.56896946
Low Fat,DRM23,Hard Drinks,2018,OUT027,Tier 3,Medium,Supermarket Type3,0.064325351,12.6,158.06,3.7,5,24.57196075
Low Fat,DRG23,Hard Drinks,2018,OUT027,Tier 3,Medium,Supermarket Type3,0.086708987,12.6,211.922,3.7,5,24.44060383
Low Fat,DRP35,Hard Drinks,2018,OUT027,Tier 3,Medium,Supermarket Type3,0.090427268,12.6,58.3562,3.7,5,6.453385278
Low Fat,DRK59,Hard Drinks,2018,OUT027,Tier 3,Medium,Supermarket Type3,0.07543556,12.6,64.551,3.7,5,8.557104899
Low Fat,DRK35,Hard Drinks,2018,OUT027,Tier 3,Medium,Supermarket Type3,0.125793938,12.6,186.658,3.7,5,14.83839388
Low Fat,DRN47,Hard Drinks,2018,OUT027,Tier 3,Medium,Supermarket Type3,0.028164527,12.6,120.044,3.7,5,42.62240939
Low Fat,DRP35,Hard Drinks,2018,OUT027,Tier 3,Medium,Supermarket Type3,0.091008572,12.6,215.122,3.7,5,23.63755361
Low Fat,DRM59,Hard Drinks,2018,OUT027,Tier 3,Medium,Supermarket Type3,0.006289291,12.6,40.9822,3.7,5,65.16187596
Low Fat,DRH11,Hard Drinks,2018,OUT027,Tier 3,Medium,Supermarket Type3,0.075675438,12.6,173.142,3.7,5,22.87955043
Low Fat,DRN11,Hard Drinks,2018,OUT027,Tier 3,Medium,Supermarket Type3,0.163233667,12.6,75.9328,3.7,5,4.651785468
Low Fat,DRK47,Hard Drinks,2018,OUT027,Tier 3,Medium,Supermarket Type3,0.064163983,12.6,95.9068,3.7,5,14.94713943
Low Fat,DRJ11,Hard Drinks,2018,OUT027,Tier 3,Medium,Supermarket Type3,0.085223447,12.6,193.616,3.7,5,22.71863047
Low Fat,DRO47,Hard Drinks,2018,OUT027,Tier 3,Medium,Supermarket Type3,0.112399145,12.6,60.5536,3.7,5,5.387371941
Low Fat,DRJ59,Hard Drinks,2018,OUT027,Tier 3,Medium,Supermarket Type3,0.019402371,12.6,185.361,3.7,5,95.53523124
Low Fat,DRO59,Hard Drinks,2018,OUT027,Tier 3,Medium,Supermarket Type3,0.054238448,12.6,48.4692,3.7,5,8.936317647
Low Fat,DRO35,Hard Drinks,2018,OUT027,Tier 3,Medium,Supermarket Type3,0.034624104,12.6,81.896,3.7,5,23.65288644
Low Fat,DRI47,Hard Drinks,2014,OUT013,Tier 3,High,Supermarket Type1,0.020952705,13.65,57.6588,3.6,9,27.51854713
Low Fat,DRI23,Hard Drinks,2020,OUT017,Tier 2,Small,Supermarket Type1,0.137410256,7.855,189.619,3.6,3,13.79947942
Low Fat,DRH59,Hard Drinks,2014,OUT013,Tier 3,High,Supermarket Type1,0.064325351,17.1,141.184,3.6,9,21.94842279
Low Fat,DRO59,Hard Drinks,2015,OUT045,Tier 2,Small,Supermarket Type1,0.094817105,6.635,121.31,3.6,8,12.79410503
Low Fat,DRP35,Hard Drinks,2017,OUT035,Tier 2,Small,Supermarket Type1,0.159096908,8.02,154.597,3.6,6,9.717159305
Low Fat,DRK47,Hard Drinks,2022,OUT018,Tier 3,Medium,Supermarket Type2,0.06406438,12.6,61.9194,3.6,1,9.665183679
Low Fat,DRG23,Hard Drinks,2018,OUT027,Tier 3,Medium,Supermarket Type3,0.086781204,12.6,62.9194,3.6,5,7.25034882
Low Fat,DRJ35,Hard Drinks,2018,OUT027,Tier 3,Medium,Supermarket Type3,0.046584552,12.6,170.476,3.6,5,36.59496393
Low Fat,DRO47,Hard Drinks,2015,OUT045,Tier 2,Small,Supermarket Type1,0.064325351,6.48,148.008,3.6,8,23.00927981
Low Fat,DRP47,Hard Drinks,2020,OUT017,Tier 2,Small,Supermarket Type1,0.140603316,18.1,155.529,3.6,3,11.06154566
Low Fat,DRL47,Hard Drinks,2016,OUT046,Tier 1,Small,Supermarket Type1,0.038736781,16.75,39.3822,3.6,7,10.16661658
Low Fat,DRH11,Hard Drinks,2016,OUT046,Tier 1,Small,Supermarket Type1,0.075711199,7.445,76.8354,3.6,7,10.14848543
Low Fat,DRO35,Hard Drinks,2017,OUT035,Tier 2,Small,Supermarket Type1,0.034765901,15.1,42.8796,3.6,6,12.3338095
Low Fat,DRF23,Hard Drinks,2012,OUT049,Tier 1,Medium,Supermarket Type1,0.122901056,9.695,222.911,3.6,11,18.13743569
Low Fat,DRK11,Hard Drinks,2022,OUT018,Tier 3,Medium,Supermarket Type2,0.064325351,6.175,95.2752,3.6,1,14.81145435
Low Fat,DRG23,Hard Drinks,2018,OUT027,Tier 3,Medium,Supermarket Type3,0.086957199,12.6,86.9514,3.6,5,9.99933312
Low Fat,DRK59,Hard Drinks,2014,OUT013,Tier 3,High,Supermarket Type1,0.064325351,19.6,252.27,3.6,9,39.21781943
Low Fat,DRJ11,Hard Drinks,2015,OUT045,Tier 2,Medium,Supermarket Type1,0.064325351,16.2,178.437,3.6,8,27.73976313
Low Fat,DRO59,Hard Drinks,2022,OUT018,Tier 3,Medium,Supermarket Type2,0.054264078,10.8,41.5138,3.6,1,7.650328086
Low Fat,DRH23,Hard Drinks,2011,OUT010,Tier 3,Medium,Grocery Store,0.170663661,13.65,58.3588,3.6,12,3.41952116
Low Fat,DRN59,Hard Drinks,2012,OUT049,Tier 1,Medium,Supermarket Type1,0.064271703,13.3,119.812,3.6,11,18.6414852
Low Fat,DRJ23,Hard Drinks,2012,OUT049,Tier 1,Medium,Supermarket Type1,0.041753387,13.35,228.635,3.6,11,54.75843193
Low Fat,DRM35,Hard Drinks,2012,OUT049,Tier 1,Medium,Supermarket Type1,0.070843019,6.055,158.758,3.6,11,22.40982982
Low Fat,DRO59,Hard Drinks,2012,OUT049,Tier 1,Medium,Supermarket Type1,0.054460571,16.6,172.042,3.6,11,31.59019394
Low Fat,DRF23,Hard Drinks,2012,OUT049,Tier 1,Medium,Supermarket Type1,0.122629121,12.1,166.053,3.6,11,13.54107398
Low Fat,DRM35,Hard Drinks,2012,OUT049,Tier 1,Medium,Supermarket Type1,0.070431235,13,196.043,3.6,11,27.83466739
Low Fat,DRO47,Hard Drinks,2012,OUT049,Tier 1,Medium,Supermarket Type1,0.112203445,13.6,156.495,3.6,11,13.94743272
Low Fat,DRL59,Hard Drinks,2018,OUT019,Tier 1,Small,Grocery Store,0.021220113,12.6,47.106,3.6,5,22.19875078
Low Fat,DRI23,Hard Drinks,2018,OUT019,Tier 1,Small,Grocery Store,0.064325351,12.6,148.039,3.6,5,23.01409906
Low Fat,DRI11,Hard Drinks,2018,OUT019,Tier 1,Small,Grocery Store,0.057585723,12.6,153.934,3.6,5,26.73127851
Low Fat,DRM47,Hard Drinks,2018,OUT019,Tier 1,Small,Grocery Store,0.073288275,12.6,227.535,3.6,5,31.046576
Low Fat,DRJ11,Hard Drinks,2018,OUT019,Tier 1,Small,Grocery Store,0.142425145,12.6,52.1008,3.6,5,3.658118094
Low Fat,DRJ59,Hard Drinks,2018,OUT019,Tier 1,Small,Grocery Store,0.03242518,12.6,41.548,3.6,5,12.81349865
Low Fat,DRL35,Hard Drinks,2018,OUT019,Tier 1,Small,Grocery Store,0.064325351,12.6,230.535,3.6,5,35.83890277
Low Fat,DRK59,Hard Drinks,2018,OUT019,Tier 1,Small,Grocery Store,0.126287542,12.6,262.891,3.6,5,20.81685935
Low Fat,DRN35,Hard Drinks,2016,OUT046,Tier 1,Small,Supermarket Type1,0.070189131,7.5,235.991,3.6,7,33.62215725
Low Fat,DRQ35,Hard Drinks,2016,OUT046,Tier 1,Small,Supermarket Type1,0.042256257,10.65,54.0272,3.6,7,12.78560948
Low Fat,DRN47,Hard Drinks,2016,OUT046,Tier 1,Small,Supermarket Type1,0.016812745,18.35,224.575,3.6,7,133.5742617
Low Fat,DRP47,Hard Drinks,2016,OUT046,Tier 1,Small,Supermarket Type1,0.14048631,8.5,52.5324,3.6,7,3.739325205
Low Fat,DRM23,Hard Drinks,2016,OUT046,Tier 1,Small,Supermarket Type1,0.135620265,16.25,98.341,3.6,7,7.251202466
Low Fat,DRG11,Hard Drinks,2016,OUT046,Tier 1,Small,Supermarket Type1,0.084179812,16.35,51.2324,3.6,7,6.086067287
Low Fat,DRI11,Hard Drinks,2016,OUT046,Tier 1,Small,Supermarket Type1,0.034544435,18.1,96.0094,3.6,7,27.793015
Low Fat,DRM47,Hard Drinks,2016,OUT046,Tier 1,Small,Supermarket Type1,0.043964058,6.385,108.96,3.6,7,24.78388142
Low Fat,DRJ11,Hard Drinks,2016,OUT046,Tier 1,Small,Supermarket Type1,0.085437778,14.6,199.908,3.6,7,23.39808041
Low Fat,DRO47,Hard Drinks,2016,OUT046,Tier 1,Small,Supermarket Type1,0.112681821,20.2,151.634,3.6,7,13.45682903
Low Fat,DRI23,Hard Drinks,2016,OUT046,Tier 1,Small,Supermarket Type1,0.137755834,7.05,111.191,3.6,7,8.071600075
Low Fat,DRH11,Hard Drinks,2016,OUT046,Tier 1,Small,Supermarket Type1,0.075192072,11.1,174.205,3.6,7,23.16800101
Low Fat,DRI59,Hard Drinks,2016,OUT046,Tier 1,Small,Supermarket Type1,0.040636926,16.75,156.163,3.6,7,38.42884179
Low Fat,DRK35,Hard Drinks,2016,OUT046,Tier 1,Small,Supermarket Type1,0.071498575,6.575,146.444,3.6,7,20.48208653
Low Fat,NCB42,Health and Hygiene,2016,OUT046,Tier 1,Small,Supermarket Type1,0.008596051,20.7,118.047,3.6,7,137.3270121
Low Fat,NCU05,Health and Hygiene,2016,OUT046,Tier 1,Small,Supermarket Type1,0.098312421,15.1,221.846,3.6,7,22.56540911
Low Fat,NCU41,Health and Hygiene,2016,OUT046,Tier 1,Small,Supermarket Type1,0.052044976,17.1,209.064,3.6,7,40.16987154
Low Fat,NCQ41,Health and Hygiene,2016,OUT046,Tier 1,Small,Supermarket Type1,0.01946418,12.5,170.845,3.6,7,87.7740547
Low Fat,NCJ29,Health and Hygiene,2020,OUT017,Tier 2,Medium,Supermarket Type1,0.035247642,9.1,115.452,3.6,3,32.75453149
Low Fat,NCA53,Health and Hygiene,2015,OUT045,Tier 2,Medium,Supermarket Type1,0.009893817,7.725,250.209,3.6,8,252.8943076
Low Fat,NCA05,Health and Hygiene,2015,OUT045,Tier 2,Medium,Supermarket Type1,0.044000492,20.7,178.303,3.6,8,40.52295597
Low Fat,NCK29,Health and Hygiene,2015,OUT045,Tier 2,Medium,Supermarket Type1,0.046559448,19.35,120.91,3.6,8,25.96895049
Low Fat,NCU29,Health and Hygiene,2015,OUT045,Tier 2,Medium,Supermarket Type1,0.044607722,8.325,41.6138,3.6,8,9.328833246
Low Fat,NCX41,Health and Hygiene,2015,OUT045,Tier 2,Small,Supermarket Type1,0.031024168,8.6,140.915,3.6,8,45.42104078
Low Fat,NCC42,Health and Hygiene,2015,OUT045,Tier 2,Small,Supermarket Type1,0.044908404,14.65,55.6614,3.6,8,12.39442845
Low Fat,NCQ53,Health and Hygiene,2015,OUT045,Tier 2,Small,Supermarket Type1,0.018905326,9.5,251.972,3.6,8,133.2809601
Low Fat,NCZ17,Health and Hygiene,2015,OUT045,Tier 2,Small,Supermarket Type1,0.046559448,16.5,91.0146,3.6,8,19.54804103
Low Fat,NCR17,Health and Hygiene,2015,OUT045,Tier 2,Small,Supermarket Type1,0.024432767,20.75,151.902,3.6,8,62.17142741
Low Fat,NCT17,Health and Hygiene,2020,OUT017,Tier 2,Small,Supermarket Type1,0.041950753,16.2,102.499,3.6,3,24.43317287
Low Fat,NCU05,Health and Hygiene,2020,OUT017,Tier 2,Small,Supermarket Type1,0.058855357,19.6,151.702,3.6,3,25.77539373
Low Fat,NCN53,Health and Hygiene,2020,OUT017,Tier 2,Small,Supermarket Type1,0.030527166,5.21,257.896,3.6,3,84.48081948
Low Fat,NCT53,Health and Hygiene,2020,OUT017,Tier 2,Small,Supermarket Type1,0.048388423,12.6,174.505,3.6,3,36.06337822
Low Fat,NCQ05,Health and Hygiene,2020,OUT017,Tier 2,High,Supermarket Type1,0.046559448,17.35,176.771,3.6,3,37.96673019
Low Fat,NCM53,Health and Hygiene,2020,OUT017,Tier 2,High,Supermarket Type1,0.05233528,20.5,39.3822,3.6,3,7.524981236
Low Fat,NCY41,Health and Hygiene,2020,OUT017,Tier 2,High,Supermarket Type1,0.076164013,5.5,100.002,3.6,3,13.12982287
Low Fat,NCU17,Health and Hygiene,2020,OUT017,Tier 2,High,Supermarket Type1,0.092865746,17.7,184.027,3.6,3,19.81645633
Low Fat,NCL41,Health and Hygiene,2015,OUT045,Tier 2,High,Supermarket Type1,0.041729735,13.85,234.93,3.6,8,56.29798512
Low Fat,NCS53,Health and Hygiene,2015,OUT045,Tier 2,High,Supermarket Type1,0.089761211,9.195,85.9566,3.6,8,9.576140857
Low Fat,NCV17,Health and Hygiene,2015,OUT045,Tier 2,High,Supermarket Type1,0.016104504,15.1,133.494,3.6,8,82.89233869
Low Fat,NCQ17,Health and Hygiene,2015,OUT045,Tier 2,High,Supermarket Type1,0.195721125,15.85,39.348,3.6,8,2.010411497
Low Fat,NCQ41,Health and Hygiene,2020,OUT017,Tier 2,High,Supermarket Type1,0.032606181,6.035,184.424,3.6,3,56.5610551
Low Fat,NCO05,Health and Hygiene,2020,OUT017,Tier 2,High,Supermarket Type1,0.046749112,8.315,144.344,3.6,3,30.87630841
Low Fat,NCB54,Health and Hygiene,2020,OUT017,Tier 2,High,Supermarket Type1,0.050256604,11.6,168.347,3.6,3,33.49748821
Low Fat,NCJ29,Health and Hygiene,2020,OUT017,Tier 2,Medium,Supermarket Type1,0.035336287,20.5,194.148,3.6,3,54.94295425
Low Fat,NCY53,Health and Hygiene,2020,OUT017,Tier 2,Medium,Supermarket Type1,0.058198141,11.8,152.437,3.6,3,26.19276104
Low Fat,NCN53,Health and Hygiene,2015,OUT045,Tier 2,Medium,Supermarket Type1,0.050808821,10.8,240.356,3.6,8,47.30595894
Low Fat,NCL53,Health and Hygiene,2020,OUT017,Tier 2,Medium,Supermarket Type1,0.046559448,13.15,181.295,3.6,3,38.93839119
Low Fat,NCV41,Health and Hygiene,2017,OUT035,Tier 2,Small,Supermarket Type1,0.017038777,15.85,218.717,3.6,6,128.3642599
Low Fat,NCC54,Health and Hygiene,2017,OUT035,Tier 2,Small,Supermarket Type1,0.097909084,13.8,57.493,3.6,6,5.872080266
Low Fat,NCL05,Health and Hygiene,2017,OUT035,Tier 2,Small,Supermarket Type1,0.047888606,17.5,256.43,3.6,6,53.54718406
Low Fat,NCD42,Health and Hygiene,2017,OUT035,Tier 2,Small,Supermarket Type1,0.012657494,5.98,148.242,3.6,6,117.1179698
Low Fat,NCT05,Health and Hygiene,2017,OUT035,Tier 2,Small,Supermarket Type1,0.020951848,18.2,37.819,3.6,6,18.05043641
Low Fat,NCW17,Health and Hygiene,2017,OUT035,Tier 2,Small,Supermarket Type1,0.019386234,16.6,176.634,3.6,6,91.11310634
Low Fat,NCT05,Health and Hygiene,2017,OUT035,Tier 2,Small,Supermarket Type1,0.020994339,12.85,172.042,3.6,6,81.94685243
Low Fat,NCZ53,Health and Hygiene,2017,OUT035,Tier 2,Small,Supermarket Type1,0.040969757,16.85,91.0488,3.6,6,22.22341714
Low Fat,NCH29,Health and Hygiene,2017,OUT035,Tier 2,Small,Supermarket Type1,0.034445116,17.25,162.553,3.6,6,47.19188636
Low Fat,NCW53,Health and Hygiene,2017,OUT035,Tier 2,Small,Supermarket Type1,0.030347404,9.195,52.0666,3.6,6,17.15685467
Low Fat,NCK05,Health and Hygiene,2017,OUT035,Tier 2,Small,Supermarket Type1,0.077439606,11.3,260.896,3.6,6,33.69025405
Low Fat,NCZ53,Health and Hygiene,2011,OUT010,Tier 3,Medium,Grocery Store,0.024456797,9.3,143.079,3.6,12,58.50275488
Low Fat,NCP41,Health and Hygiene,2011,OUT010,Tier 3,Medium,Grocery Store,0.016197216,7.52,128.799,3.6,12,79.51922108
Low Fat,NCL53,Health and Hygiene,2011,OUT010,Tier 3,Medium,Grocery Store,0.036382524,5.82,170.579,3.6,12,46.88487253
Low Fat,NCQ53,Health and Hygiene,2011,OUT010,Tier 3,Medium,Grocery Store,0.018813776,18.35,191.95,3.6,12,102.0263024
Low Fat,NCB06,Health and Hygiene,2011,OUT010,Tier 3,High,Grocery Store,0.082316506,11.6,143.015,3.6,12,17.37379378
Low Fat,NCN41,Health and Hygiene,2011,OUT010,Tier 3,High,Grocery Store,0.052165855,9.8,248.541,3.6,12,47.64438348
Low Fat,NCS41,Health and Hygiene,2011,OUT010,Tier 3,Small,Grocery Store,0.053527105,14.85,157.563,3.6,12,29.43611466
Low Fat,NCP05,Health and Hygiene,2014,OUT013,Tier 3,High,Supermarket Type1,0.025325897,20.6,148.439,3.6,9,58.61154691
Low Fat,NCU29,Health and Hygiene,2014,OUT013,Tier 3,High,Supermarket Type1,0.025477448,10.1,50.9008,3.6,9,19.9787671
Low Fat,NCW41,Health and Hygiene,2014,OUT013,Tier 3,High,Supermarket Type1,0.015450376,18.85,168.413,3.6,9,109.0025252
Low Fat,NCY17,Health and Hygiene,2014,OUT013,Tier 3,High,Supermarket Type1,0.163096139,16.25,96.041,3.6,9,5.888612728
Low Fat,NCS53,Health and Hygiene,2014,OUT013,Tier 3,High,Supermarket Type1,0.08996026,7.365,228.372,3.6,9,25.38587594
Low Fat,NCA41,Health and Hygiene,2014,OUT013,Tier 3,High,Supermarket Type1,0.032652796,9.21,120.841,3.6,9,37.00785685
Low Fat,NCY17,Health and Hygiene,2014,OUT013,Tier 3,High,Supermarket Type1,0.046559448,17.75,158.126,3.6,9,33.9621724
Low Fat,NCX17,Health and Hygiene,2014,OUT013,Tier 3,High,Supermarket Type1,0.113833823,18.25,162.889,3.6,9,14.30936744
Low Fat,NCZ41,Health and Hygiene,2014,OUT013,Tier 3,High,Supermarket Type1,0.064409056,14.65,55.2614,3.6,9,8.579756238
Low Fat,NCP29,Health and Hygiene,2014,OUT013,Tier 3,High,Supermarket Type1,0.187918654,5.615,123.473,3.6,9,6.57055579
Low Fat,NCZ29,Health and Hygiene,2014,OUT013,Tier 3,High,Supermarket Type1,0.119461188,12.15,122.173,3.6,9,10.2270036
Low Fat,NCP41,Health and Hygiene,2014,OUT013,Tier 3,High,Supermarket Type1,0.016276741,12.65,114.12,3.6,9,70.11231548
Low Fat,NCP17,Health and Hygiene,2014,OUT013,Tier 3,High,Supermarket Type1,0.027827268,15,229.969,3.6,9,82.64160176
Low Fat,NCK05,Health and Hygiene,2014,OUT013,Tier 3,High,Supermarket Type1,0.077079177,17.6,161.555,3.6,9,20.95961663
Low Fat,NCS05,Health and Hygiene,2014,OUT013,Tier 3,High,Supermarket Type1,0.020876485,10.395,52.3008,3.6,9,25.05249327
Low Fat,NCV17,Health and Hygiene,2014,OUT013,Tier 3,High,Supermarket Type1,0.01619866,13.65,197.143,3.6,9,121.7032767
Low Fat,NCT41,Health and Hygiene,2014,OUT013,Tier 3,High,Supermarket Type1,0.098031771,19.25,85.2908,3.6,9,8.700322266
Low Fat,NCT53,Health and Hygiene,2014,OUT013,Tier 3,High,Supermarket Type1,0.084245356,13.3,61.0536,3.6,9,7.247117574
Low Fat,NCI29,Health and Hygiene,2014,OUT013,Tier 3,High,Supermarket Type1,0.032621545,14.3,88.4856,3.6,9,27.12489553
Low Fat,NCA53,Health and Hygiene,2022,OUT018,Tier 3,Medium,Supermarket Type2,0.009878459,17.7,127.368,3.6,1,128.93509
Low Fat,NCT41,Health and Hygiene,2022,OUT018,Tier 3,Medium,Supermarket Type2,0.055990291,11.5,126.07,3.6,1,22.51640378
Low Fat,NCM53,Health and Hygiene,2022,OUT018,Tier 3,Medium,Supermarket Type2,0.052040915,9.1,127.236,3.6,1,24.44922423
Low Fat,NCL53,Health and Hygiene,2022,OUT018,Tier 3,Medium,Supermarket Type2,0.036439878,17.85,148.005,3.6,1,40.61621721
Low Fat,NCI17,Health and Hygiene,2022,OUT018,Tier 3,Medium,Supermarket Type2,0.1442339,20.5,88.183,3.6,1,6.113888621
Low Fat,NCL29,Health and Hygiene,2022,OUT018,Tier 3,Medium,Supermarket Type2,0.114583922,7.475,153.966,3.6,1,13.4369637
Low Fat,NCA53,Health and Hygiene,2022,OUT018,Tier 3,Medium,Supermarket Type2,0.009934335,8.895,113.354,3.6,1,114.1032591
Low Fat,NCV41,Health and Hygiene,2022,OUT018,Tier 3,Medium,Supermarket Type2,0.017135155,9,102.002,3.6,1,59.52791206
Low Fat,NCN05,Health and Hygiene,2022,OUT018,Tier 3,Medium,Supermarket Type2,0.014456938,20.2,188.69,3.6,1,130.5186479
Low Fat,NCM05,Health and Hygiene,2022,OUT018,Tier 3,Medium,Supermarket Type2,0.100171568,10.3,102.365,3.6,1,10.21896752
Low Fat,NCI29,Health and Hygiene,2022,OUT018,Tier 3,Medium,Supermarket Type2,0.054601779,6.195,120.61,3.6,1,22.08902388
Low Fat,NCR53,Health and Hygiene,2022,OUT018,Tier 3,Medium,Supermarket Type2,0.242768664,11.8,185.392,3.6,1,7.636570427
Low Fat,NCU17,Health and Hygiene,2022,OUT018,Tier 3,Medium,Supermarket Type2,0.046559448,10.695,121.844,3.6,1,26.16955424
Low Fat,NCU53,Health and Hygiene,2022,OUT018,Tier 3,Medium,Supermarket Type2,0.042716235,7.59,172.808,3.6,1,40.45487623
Low Fat,NCT05,Health and Hygiene,2022,OUT018,Tier 3,Medium,Supermarket Type2,0.020934413,10.65,231.467,3.6,1,110.567705
Low Fat,NCJ29,Health and Hygiene,2018,OUT027,Tier 3,Medium,Supermarket Type3,0.035163639,12.6,89.1856,3.6,5,25.36301775
Low Fat,NCJ05,Health and Hygiene,2018,OUT027,Tier 3,Medium,Supermarket Type3,0.045865089,12.6,192.95,3.6,5,42.06903425
Low Fat,NCI29,Health and Hygiene,2018,OUT027,Tier 3,Medium,Supermarket Type3,0.032463574,12.6,94.8778,3.6,5,29.22592565
Low Fat,NCK29,Health and Hygiene,2018,OUT027,Tier 3,Medium,Supermarket Type3,0.046559448,12.6,178.437,3.6,5,38.3245523
Low Fat,NCM05,Health and Hygiene,2018,OUT027,Tier 3,Medium,Supermarket Type3,0.059557164,12.6,151.268,3.6,5,25.39879166
Low Fat,NCO29,Health and Hygiene,2018,OUT027,Tier 3,Medium,Supermarket Type3,0.032099989,12.6,164.118,3.6,5,51.12712032
Low Fat,NCP17,Health and Hygiene,2018,OUT027,Tier 3,Medium,Supermarket Type3,0.027580163,12.6,151.039,3.6,5,54.76363573
Low Fat,NCA05,Health and Hygiene,2018,OUT027,Tier 3,Medium,Supermarket Type3,0.025272781,12.6,62.351,3.6,5,24.67120654
Low Fat,NCK17,Health and Hygiene,2018,OUT027,Tier 3,Medium,Supermarket Type3,0.037953762,12.6,46.8034,3.6,5,12.33168928
Low Fat,NCS05,Health and Hygiene,2018,OUT027,Tier 3,Medium,Supermarket Type3,0.021010687,12.6,143.579,3.6,5,68.33617578
Low Fat,NCK53,Health and Hygiene,2018,OUT027,Tier 3,Medium,Supermarket Type3,0.037639672,12.6,226.769,3.6,5,60.24733691
Low Fat,NCR41,Health and Hygiene,2018,OUT027,Tier 3,Medium,Supermarket Type3,0.018052019,12.6,103.499,3.6,5,57.33375308
Low Fat,NCS17,Health and Hygiene,2018,OUT027,Tier 3,Medium,Supermarket Type3,0.080626601,12.6,63.9168,3.6,5,7.927507697
Low Fat,NCV17,Health and Hygiene,2018,OUT027,Tier 3,Medium,Supermarket Type3,0.016132592,12.6,187.387,3.6,5,116.1543043
Low Fat,NCL05,Health and Hygiene,2018,OUT027,Tier 3,Medium,Supermarket Type3,0.046559448,12.6,98.8358,3.6,5,21.22787195
Low Fat,NCK17,Health and Hygiene,2018,OUT027,Tier 3,Medium,Supermarket Type3,0.046559448,12.6,52.564,3.6,5,11.28965275
Low Fat,NCL05,Health and Hygiene,2015,OUT045,Tier 2,Small,Supermarket Type1,0.083862625,16.2,96.9726,3.5,8,11.5632679
Low Fat,NCQ29,Health and Hygiene,2017,OUT035,Tier 2,Small,Supermarket Type1,0.182493512,7.645,42.3112,3.5,6,2.318504342
Low Fat,NCX29,Health and Hygiene,2022,OUT018,Tier 3,Medium,Supermarket Type2,0.156094569,10,246.914,3.5,1,15.81823132
Low Fat,NCN05,Health and Hygiene,2015,OUT045,Tier 2,Small,Supermarket Type1,0.014459672,18.25,164.753,3.5,8,113.9396523
Low Fat,NCK53,Health and Hygiene,2022,OUT018,Tier 3,Medium,Supermarket Type2,0.037581243,13.65,197.643,3.5,1,52.59086295
Low Fat,NCO41,Health and Hygiene,2016,OUT046,Tier 1,Small,Supermarket Type1,0.018848862,13,45.406,3.5,7,24.08951798
Low Fat,NCR41,Health and Hygiene,2014,OUT013,Tier 3,High,Supermarket Type1,0.018023997,12.3,92.9804,3.5,9,51.5870037
Low Fat,NCM29,Health and Hygiene,2020,OUT017,Tier 2,Small,Supermarket Type1,0.017678008,20.75,153.002,3.5,3,86.54934425
Low Fat,NCO41,Health and Hygiene,2015,OUT045,Tier 2,Small,Supermarket Type1,0.018887088,16.2,260.628,3.5,8,137.9926858
Low Fat,NCU17,Health and Hygiene,2012,OUT049,Tier 1,Medium,Supermarket Type1,0.093408695,6.17,66.3826,3.5,11,7.106683163
Low Fat,NCO05,Health and Hygiene,2016,OUT046,Tier 1,Small,Supermarket Type1,0.046822808,7.575,195.277,3.5,7,41.70552949
Low Fat,NCM17,Health and Hygiene,2016,OUT046,Tier 1,Small,Supermarket Type1,0.071538243,19.35,175.474,3.5,7,24.52869859
Low Fat,NCO53,Health and Hygiene,2022,OUT018,Tier 3,Medium,Supermarket Type2,0.176175402,7.84,51.935,3.5,1,2.947914375
Low Fat,NCR41,Health and Hygiene,2016,OUT046,Tier 1,Small,Supermarket Type1,0.018125948,10.895,133.628,3.5,7,73.72193719
Low Fat,NCM05,Health and Hygiene,2014,OUT013,Tier 3,High,Supermarket Type1,0.059835659,6.635,39.7506,3.5,9,6.643296099
Low Fat,NCX05,Health and Hygiene,2011,OUT010,Tier 3,Medium,Grocery Store,0.097043739,18.1,156.729,3.5,12,16.15034639
Low Fat,NCW41,Health and Hygiene,2017,OUT035,Tier 2,Small,Supermarket Type1,0.015447454,11.8,34.7558,3.5,6,22.49937109
Low Fat,NCN41,Health and Hygiene,2014,OUT013,Tier 3,High,Supermarket Type1,0.087387669,10.8,245.914,3.5,9,28.14058354
Low Fat,NCP29,Health and Hygiene,2014,OUT013,Tier 3,High,Supermarket Type1,0.112177581,11.395,151.671,3.5,9,13.52061603
Low Fat,NCS29,Health and Hygiene,2017,OUT035,Tier 2,Small,Supermarket Type1,0.069487587,7.76,99.77,3.5,6,14.35796008
Low Fat,NCB06,Health and Hygiene,2016,OUT046,Tier 1,Small,Supermarket Type1,0.08226356,16.75,186.456,3.5,7,22.66568575
Low Fat,NCQ53,Health and Hygiene,2014,OUT013,Tier 3,High,Supermarket Type1,0.018889593,6.36,164.553,3.5,9,87.11304685
Low Fat,NCW53,Health and Hygiene,2016,OUT046,Tier 1,Small,Supermarket Type1,0.0304697,11.5,128.165,3.5,7,42.06309875
Low Fat,NCP29,Health and Hygiene,2018,OUT019,Tier 1,Small,Grocery Store,0.112728355,12.6,88.4172,3.5,5,7.843385987
Low Fat,NCR53,Health and Hygiene,2011,OUT010,Tier 3,Medium,Grocery Store,0.046559448,4.61,172.84,3.5,12,37.12243324
Low Fat,NCQ53,Health and Hygiene,2012,OUT049,Tier 1,Medium,Supermarket Type1,0.018982338,9.6,105.128,3.5,11,55.38200826
Low Fat,NCQ17,Health and Hygiene,2012,OUT049,Tier 1,Medium,Supermarket Type1,0.116366304,6.42,178.6,3.5,11,15.34808565
Low Fat,NCQ41,Health and Hygiene,2012,OUT049,Tier 1,Medium,Supermarket Type1,0.019386057,7.39,249.507,3.5,11,128.704357
Low Fat,NCS17,Health and Hygiene,2012,OUT049,Tier 1,Medium,Supermarket Type1,0.080829372,15.35,122.873,3.5,11,15.20152847
Low Fat,NCO17,Health and Hygiene,2012,OUT049,Tier 1,Medium,Supermarket Type1,0.128478462,20.2,124.405,3.5,11,9.682945924
Low Fat,NCW53,Health and Hygiene,2012,OUT049,Tier 1,Medium,Supermarket Type1,0.053392944,18.5,129.928,3.5,11,24.33430155
Low Fat,NCU41,Health and Hygiene,2012,OUT049,Tier 1,Medium,Supermarket Type1,0.052054819,12.85,157.663,3.5,11,30.28787786
Low Fat,NCR17,Health and Hygiene,2012,OUT049,Tier 1,Medium,Supermarket Type1,0.024482644,15,65.2168,3.5,11,26.6379726
Low Fat,NCZ41,Health and Hygiene,2012,OUT049,Tier 1,Medium,Supermarket Type1,0.064367627,16.5,181.229,3.5,11,28.15530235
Low Fat,NCY05,Health and Hygiene,2012,OUT049,Tier 1,Medium,Supermarket Type1,0.054990009,15.15,147.876,3.5,11,26.89143041
Low Fat,NCM53,Health and Hygiene,2012,OUT049,Tier 1,Medium,Supermarket Type1,0.052121825,10.3,191.653,3.5,11,36.77020135
Low Fat,NCK05,Health and Hygiene,2012,OUT049,Tier 1,Medium,Supermarket Type1,0.135612397,13.5,147.61,3.5,11,10.8846981
Low Fat,NCM05,Health and Hygiene,2012,OUT049,Tier 1,Medium,Supermarket Type1,0.104784329,6.67,90.0514,3.5,11,8.593975918
Low Fat,NCY29,Health and Hygiene,2012,OUT049,Tier 1,Medium,Supermarket Type1,0.135226962,7.81,168.716,3.5,11,12.47650598
Low Fat,NCM17,Health and Hygiene,2012,OUT049,Tier 1,Medium,Supermarket Type1,0.07113587,8.51,173.542,3.5,11,24.3958498
Low Fat,NCP29,Health and Hygiene,2018,OUT019,Tier 1,Small,Grocery Store,0.11227101,12.6,59.3536,3.5,5,5.286636328
Low Fat,NCN41,Health and Hygiene,2018,OUT019,Tier 1,Small,Grocery Store,0.052209303,12.6,173.805,3.5,5,33.29004411
Low Fat,NCP17,Health and Hygiene,2018,OUT019,Tier 1,Small,Grocery Store,0.027714371,12.6,98.2042,3.5,5,35.43439611
Low Fat,NCA05,Health and Hygiene,2018,OUT019,Tier 1,Small,Grocery Store,0.025130632,12.6,163.287,3.5,5,64.97528594
Low Fat,NCH29,Health and Hygiene,2016,OUT046,Tier 1,Small,Supermarket Type1,0.034543718,11.1,158.86,3.5,7,45.98810122
Low Fat,NCY05,Health and Hygiene,2016,OUT046,Tier 1,Small,Supermarket Type1,0.05510153,19,106.562,3.5,7,19.33920891
Low Fat,NCV41,Health and Hygiene,2016,OUT046,Tier 1,Small,Supermarket Type1,0.017073332,8.185,117.181,3.5,7,68.63393742
Low Fat,NCM41,Health and Hygiene,2016,OUT046,Tier 1,Small,Supermarket Type1,0.035728302,9.21,123.141,3.5,7,34.46595363
Low Fat,NCW41,Health and Hygiene,2016,OUT046,Tier 1,Small,Supermarket Type1,0.01548171,12.1,179.166,3.5,7,115.7275262
Low Fat,NCA17,Health and Hygiene,2016,OUT046,Tier 1,Small,Supermarket Type1,0.04551031,20.6,148.839,3.5,7,32.70445752
Low Fat,NCR17,Health and Hygiene,2016,OUT046,Tier 1,Small,Supermarket Type1,0.024521239,13.85,41.048,3.5,7,16.73977404
Low Fat,NCL29,Health and Hygiene,2016,OUT046,Tier 1,Small,Supermarket Type1,0.113917889,7.365,94.712,3.5,7,8.314058558
Low Fat,NCQ41,Health and Hygiene,2016,OUT046,Tier 1,Small,Supermarket Type1,0.019476708,12.35,76.2328,3.5,7,39.14049541
Low Fat,NCU53,Health and Hygiene,2016,OUT046,Tier 1,Small,Supermarket Type1,0.042743728,5.035,228.204,3.5,7,53.3888855
Low Fat,NCV29,Health and Hygiene,2016,OUT046,Tier 1,Small,Supermarket Type1,0.038235337,20,107.462,3.5,7,28.10541463
Low Fat,NCB06,Health and Hygiene,2016,OUT046,Tier 1,Small,Supermarket Type1,0.137807013,9.695,245.814,3.5,7,17.83755374
Low Fat,NCK05,Health and Hygiene,2016,OUT046,Tier 1,Small,Supermarket Type1,0.046559448,12.6,102.199,3.5,7,21.95021728
Low Fat,NCR53,Health and Hygiene,2016,OUT046,Tier 1,Small,Supermarket Type1,0.14492016,16.1,127.436,3.5,7,8.793531556
Low Fat,NCS53,Health and Hygiene,2016,OUT046,Tier 1,Small,Supermarket Type1,0.089703476,12.6,248.609,3.5,7,27.7145336
Low Fat,NCC54,Health and Hygiene,2016,OUT046,Tier 1,Small,Supermarket Type1,0.097629611,10.695,156.197,3.5,7,15.99893704
Low Fat,NCK05,Health and Hygiene,2015,OUT045,Tier 2,Medium,Supermarket Type1,0.077389797,7.785,64.751,3.5,8,8.366865208
Low Fat,NCZ53,Health and Hygiene,2015,OUT045,Tier 2,Medium,Supermarket Type1,0.024576875,15.35,65.2168,3.5,8,26.53583908
Low Fat,NCR41,Health and Hygiene,2015,OUT045,Tier 2,Medium,Supermarket Type1,0.018097419,8.1,210.49,3.5,8,116.309403
Low Fat,NCB42,Health and Hygiene,2015,OUT045,Tier 2,Medium,Supermarket Type1,0.008519718,8.85,181.529,3.5,8,213.0692589
Low Fat,NCI17,Health and Hygiene,2015,OUT045,Tier 2,Medium,Supermarket Type1,0.142728113,11.5,187.953,3.5,8,13.168604
Low Fat,NCL29,Health and Hygiene,2015,OUT045,Tier 2,Medium,Supermarket Type1,0.113387677,15.6,114.152,3.5,8,10.06740794
Low Fat,NCM17,Health and Hygiene,2015,OUT045,Tier 2,Small,Supermarket Type1,0.070791391,16.2,73.9696,3.5,8,10.44895417
Low Fat,NCS53,Health and Hygiene,2015,OUT045,Tier 2,Small,Supermarket Type1,0.089343433,17.25,263.591,3.5,8,29.50311972
Low Fat,NCW29,Health and Hygiene,2020,OUT017,Tier 2,Small,Supermarket Type1,0.028723187,9.3,64.6826,3.5,3,22.51929774
Low Fat,NCY29,Health and Hygiene,2020,OUT017,Tier 2,Small,Supermarket Type1,0.076860103,7.405,92.4146,3.5,3,12.02374137
Low Fat,NCX29,Health and Hygiene,2020,OUT017,Tier 2,Small,Supermarket Type1,0.089291137,7.55,151.934,3.5,3,17.01557457
Low Fat,NCL17,Health and Hygiene,2020,OUT017,Tier 2,Small,Supermarket Type1,0.067779712,16.5,208.264,3.5,3,30.72659854
Low Fat,NCM53,Health and Hygiene,2020,OUT017,Tier 2,Small,Supermarket Type1,0.052146456,19.1,232.696,3.5,3,44.62355026
Low Fat,NCI29,Health and Hygiene,2020,OUT017,Tier 2,Small,Supermarket Type1,0.032754431,15,47.306,3.5,3,14.4426261
Low Fat,NCV05,Health and Hygiene,2020,OUT017,Tier 2,Small,Supermarket Type1,0.03020851,8.76,126.234,3.5,3,41.78756251
Low Fat,NCS29,Health and Hygiene,2020,OUT017,Tier 2,Small,Supermarket Type1,0.069653585,11.6,99.3042,3.5,3,14.25686847
Low Fat,NCP17,Health and Hygiene,2020,OUT017,Tier 2,Small,Supermarket Type1,0.02775746,6.525,86.4882,3.5,3,31.1585426
Low Fat,NCA53,Health and Hygiene,2020,OUT017,Tier 2,High,Supermarket Type1,0.017295906,15.1,140.55,3.5,3,81.26200501
Low Fat,NCL41,Health and Hygiene,2020,OUT017,Tier 2,High,Supermarket Type1,0.073077197,16.2,193.116,3.5,3,26.42630094
Low Fat,NCS29,Health and Hygiene,2020,OUT017,Tier 2,High,Supermarket Type1,0.121765124,19.1,185.261,3.5,3,15.21461925
Low Fat,NCZ05,Health and Hygiene,2020,OUT017,Tier 2,High,Supermarket Type1,0.10178199,17.85,123.707,3.5,3,12.15411489
Low Fat,NCY41,Health and Hygiene,2020,OUT017,Tier 2,High,Supermarket Type1,0.075735621,10.8,150.402,3.5,3,19.85881914
Low Fat,NCU17,Health and Hygiene,2015,OUT045,Tier 2,High,Supermarket Type1,0.093071679,8.77,170.542,3.5,8,18.3237266
Low Fat,NCN29,Health and Hygiene,2015,OUT045,Tier 2,High,Supermarket Type1,0.012141036,16,56.0246,3.5,8,46.14482652
Low Fat,NCK29,Health and Hygiene,2015,OUT045,Tier 2,High,Supermarket Type1,0.126480422,12.3,58.7562,3.5,8,4.645477859
Low Fat,NCI29,Health and Hygiene,2015,OUT045,Tier 2,High,Supermarket Type1,0.032615377,8.85,123.339,3.5,8,37.81621166
Low Fat,NCR05,Health and Hygiene,2015,OUT045,Tier 2,High,Supermarket Type1,0.054620504,7.06,60.2904,3.5,8,11.03805267
Low Fat,NCK53,Health and Hygiene,2020,OUT017,Tier 2,High,Supermarket Type1,0.037574137,11.85,51.4666,3.5,3,13.69734719
Low Fat,NCU05,Health and Hygiene,2020,OUT017,Tier 2,High,Supermarket Type1,0.058725131,20.75,151.768,3.5,3,25.8437908
Low Fat,NCT41,Health and Hygiene,2020,OUT017,Tier 2,High,Supermarket Type1,0.055979703,11.6,81.7276,3.5,3,14.59950582
Low Fat,NCA41,Health and Hygiene,2020,OUT017,Tier 2,High,Supermarket Type1,0.032580547,18.7,228.601,3.5,3,70.16487476
Low Fat,NCY41,Health and Hygiene,2020,OUT017,Tier 2,Medium,Supermarket Type1,0.075721301,13.3,63.2536,3.5,3,8.353475068
Low Fat,NCN53,Health and Hygiene,2020,OUT017,Tier 2,Medium,Supermarket Type1,0.030330202,11.3,96.9094,3.5,3,31.95145222
Low Fat,NCY53,Health and Hygiene,2015,OUT045,Tier 2,Medium,Supermarket Type1,0.046559448,15.2,109.691,3.5,8,23.55934289
Low Fat,NCA05,Health and Hygiene,2015,OUT045,Tier 2,Medium,Supermarket Type1,0.046559448,8.985,131.531,3.5,8,28.25012015
Low Fat,NCA17,Health and Hygiene,2017,OUT035,Tier 2,Small,Supermarket Type1,0.045603215,8.195,91.3462,3.5,6,20.03064915
Low Fat,NCN17,Health and Hygiene,2017,OUT035,Tier 2,Small,Supermarket Type1,0.055162827,14,104.333,3.5,6,18.9136427
Low Fat,NCU05,Health and Hygiene,2017,OUT035,Tier 2,Small,Supermarket Type1,0.058975504,14.5,153.468,3.5,6,26.02232954
Low Fat,NCO53,Health and Hygiene,2017,OUT035,Tier 2,Small,Supermarket Type1,0.175898114,10,138.518,3.5,6,7.874899671
Low Fat,NCW53,Health and Hygiene,2017,OUT035,Tier 2,Small,Supermarket Type1,0.030619301,20.6,93.9778,3.5,6,30.6923401
Low Fat,NCB06,Health and Hygiene,2017,OUT035,Tier 2,Small,Supermarket Type1,0.081933378,17.75,180.566,3.5,6,22.03814909
Low Fat,NCU17,Health and Hygiene,2017,OUT035,Tier 2,Small,Supermarket Type1,0.092433518,20,37.819,3.5,6,4.091481188
Low Fat,NCX41,Health and Hygiene,2017,OUT035,Tier 2,Small,Supermarket Type1,0.017719277,6.865,212.622,3.5,6,119.9947379
Low Fat,NCC42,Health and Hygiene,2017,OUT035,Tier 2,Small,Supermarket Type1,0.044871033,9.3,106.796,3.5,6,23.80065554
Low Fat,NCU17,Health and Hygiene,2017,OUT035,Tier 2,Small,Supermarket Type1,0.093027718,11.1,174.405,3.5,6,18.7476382
Low Fat,NCQ53,Health and Hygiene,2017,OUT035,Tier 2,Small,Supermarket Type1,0.019012262,8.67,145.813,3.5,6,76.6941882
Low Fat,NCR29,Health and Hygiene,2017,OUT035,Tier 2,Small,Supermarket Type1,0.054751689,6.695,192.082,3.5,6,35.08238805
Low Fat,NCZ53,Health and Hygiene,2017,OUT035,Tier 2,Small,Supermarket Type1,0.024515221,7.435,168.616,3.5,6,68.78012644
Low Fat,NCU05,Health and Hygiene,2017,OUT035,Tier 2,Small,Supermarket Type1,0.058827557,12.8,261.925,3.5,6,44.52420147
Low Fat,NCY05,Health and Hygiene,2017,OUT035,Tier 2,Small,Supermarket Type1,0.055075504,16.5,183.129,3.5,6,33.25053548
Low Fat,NCS53,Health and Hygiene,2017,OUT035,Tier 2,Small,Supermarket Type1,0.157190017,12.3,60.4562,3.5,6,3.846058494
Low Fat,NCW29,Health and Hygiene,2011,OUT010,Tier 3,Medium,Grocery Store,0.050535312,9.1,126.836,3.5,12,25.09848955
Low Fat,NCX29,Health and Hygiene,2011,OUT010,Tier 3,Medium,Grocery Store,0.089152528,7.405,89.7146,3.5,12,10.06304611
Low Fat,NCZ17,Health and Hygiene,2011,OUT010,Tier 3,Medium,Grocery Store,0.079431643,15.2,216.782,3.5,12,27.29164245
Low Fat,NCJ05,Health and Hygiene,2011,OUT010,Tier 3,Medium,Grocery Store,0.046088273,9.3,248.909,3.5,12,54.00701389
Low Fat,NCV17,Health and Hygiene,2011,OUT010,Tier 3,Medium,Grocery Store,0.016107549,7.325,92.2146,3.5,12,57.2493059
Low Fat,NCS05,Health and Hygiene,2011,OUT010,Tier 3,High,Grocery Store,0.021020616,6.135,115.086,3.5,12,54.74910916
Low Fat,NCT41,Health and Hygiene,2011,OUT010,Tier 3,High,Grocery Store,0.05610384,11.8,184.392,3.5,12,32.86619953
Low Fat,NCZ41,Health and Hygiene,2011,OUT010,Tier 3,High,Grocery Store,0.06478563,20.85,104.565,3.5,12,16.1401533
Low Fat,NCS29,Health and Hygiene,2011,OUT010,Tier 3,High,Grocery Store,0.06953231,7.55,122.607,3.5,12,17.63309748
Low Fat,NCX29,Health and Hygiene,2011,OUT010,Tier 3,High,Grocery Store,0.089135671,7.63,45.1402,3.5,12,5.064212733
Low Fat,NCO29,Health and Hygiene,2011,OUT010,Tier 3,High,Grocery Store,0.032250092,10.695,73.0038,3.5,12,22.63677263
Low Fat,NCO41,Health and Hygiene,2014,OUT013,Tier 3,High,Supermarket Type1,0.018845298,18.35,151.934,3.5,9,80.62170203
Low Fat,NCY17,Health and Hygiene,2014,OUT013,Tier 3,High,Supermarket Type1,0.1630653,9,177.737,3.5,9,10.89974384
Low Fat,NCV41,Health and Hygiene,2014,OUT013,Tier 3,High,Supermarket Type1,0.028519419,9,214.553,3.5,9,75.2304947
Low Fat,NCL53,Health and Hygiene,2014,OUT013,Tier 3,High,Supermarket Type1,0.036204764,11.5,191.253,3.5,9,52.82536851
Low Fat,NCM17,Health and Hygiene,2014,OUT013,Tier 3,High,Supermarket Type1,0.071076672,7.905,230.269,3.5,9,32.39726812
Low Fat,NCV53,Health and Hygiene,2014,OUT013,Tier 3,High,Supermarket Type1,0.018797945,12.15,117.615,3.5,9,62.56800943
Low Fat,NCQ17,Health and Hygiene,2014,OUT013,Tier 3,High,Supermarket Type1,0.046559448,15.3,101.633,3.5,9,21.82865226
Low Fat,NCN17,Health and Hygiene,2014,OUT013,Tier 3,High,Supermarket Type1,0.05489331,10.195,43.8428,3.5,9,7.986911338
Low Fat,NCY17,Health and Hygiene,2014,OUT013,Tier 3,High,Supermarket Type1,0.162960415,21.25,175.737,3.5,9,10.78402997
Low Fat,NCN41,Health and Hygiene,2014,OUT013,Tier 3,High,Supermarket Type1,0.052421981,17.25,261.591,3.5,9,49.90101385
Low Fat,NCO05,Health and Hygiene,2014,OUT013,Tier 3,High,Supermarket Type1,0.046333982,11.65,170.442,3.5,9,36.78552817
Low Fat,NCT29,Health and Hygiene,2014,OUT013,Tier 3,High,Supermarket Type1,0.063800266,20.25,240.754,3.5,9,37.73557935
Low Fat,NCP05,Health and Hygiene,2014,OUT013,Tier 3,High,Supermarket Type1,0.046559448,13.6,231.23,3.5,9,49.66338948
Low Fat,NCJ29,Health and Hygiene,2014,OUT013,Tier 3,High,Supermarket Type1,0.035264298,14,143.079,3.5,9,40.57333
Low Fat,NCR05,Health and Hygiene,2014,OUT013,Tier 3,High,Supermarket Type1,0.054630834,9.195,100.102,3.5,9,18.32335197
Low Fat,NCL29,Health and Hygiene,2014,OUT013,Tier 3,High,Supermarket Type1,0.11411658,18.75,189.75,3.5,9,16.6277328
Low Fat,NCN53,Health and Hygiene,2022,OUT018,Tier 3,Medium,Supermarket Type2,0.053148497,16.2,101.299,3.5,1,19.05961706
Low Fat,NCP41,Health and Hygiene,2022,OUT018,Tier 3,Medium,Supermarket Type2,0.028382853,12.15,245.846,3.5,1,86.61778997
Low Fat,NCR53,Health and Hygiene,2022,OUT018,Tier 3,Medium,Supermarket Type2,0.253947823,13.1,185.09,3.5,1,7.288505088
Low Fat,NCP05,Health and Hygiene,2022,OUT018,Tier 3,Medium,Supermarket Type2,0.025286583,7.72,121.744,3.5,1,48.14569054
Low Fat,NCY53,Health and Hygiene,2022,OUT018,Tier 3,Medium,Supermarket Type2,0.05848134,7.905,230.269,3.5,1,39.37478177
Low Fat,NCZ05,Health and Hygiene,2022,OUT018,Tier 3,Medium,Supermarket Type2,0.058121214,8.27,238.188,3.5,1,40.98124998
Low Fat,NCN17,Health and Hygiene,2022,OUT018,Tier 3,Medium,Supermarket Type2,0.054928641,16.35,98.141,3.5,1,17.86699948
Low Fat,NCY41,Health and Hygiene,2022,OUT018,Tier 3,Medium,Supermarket Type2,0.126765903,21.25,146.71,3.5,1,11.57330138
Low Fat,NCV29,Health and Hygiene,2022,OUT018,Tier 3,Medium,Supermarket Type2,0.022824491,11.5,173.908,3.5,1,76.19359398
Low Fat,NCZ05,Health and Hygiene,2022,OUT018,Tier 3,Medium,Supermarket Type2,0.058083831,12.8,261.325,3.5,1,44.99100619
Low Fat,NCK17,Health and Hygiene,2022,OUT018,Tier 3,Medium,Supermarket Type2,0.03786331,7.22,62.951,3.5,1,16.62585759
Low Fat,NCK53,Health and Hygiene,2022,OUT018,Tier 3,Medium,Supermarket Type2,0.037549969,15.5,83.1934,3.5,1,22.15538447
Low Fat,NCY41,Health and Hygiene,2022,OUT018,Tier 3,Medium,Supermarket Type2,0.075368868,15.5,178.403,3.5,1,23.67064874
Low Fat,NCK17,Health and Hygiene,2022,OUT018,Tier 3,Medium,Supermarket Type2,0.037711338,20.6,187.156,3.5,1,49.62857589
Low Fat,NCQ05,Health and Hygiene,2022,OUT018,Tier 3,Medium,Supermarket Type2,0.03616416,6.67,130.563,3.5,1,36.10287091
Low Fat,NCO17,Health and Hygiene,2018,OUT027,Tier 3,Medium,Supermarket Type3,0.046559448,12.6,125.705,3.5,5,26.99881665
Low Fat,NCV41,Health and Hygiene,2018,OUT027,Tier 3,Medium,Supermarket Type3,0.017065268,12.6,249.109,3.5,5,145.9742677
Low Fat,NCN29,Health and Hygiene,2018,OUT027,Tier 3,Medium,Supermarket Type3,0.021214364,12.6,45.2744,3.5,5,21.34138926
Low Fat,NCZ29,Health and Hygiene,2018,OUT027,Tier 3,Medium,Supermarket Type3,0.071371458,12.6,88.7172,3.5,5,12.43034716
Low Fat,NCY41,Health and Hygiene,2018,OUT027,Tier 3,Medium,Supermarket Type3,0.075889215,12.6,39.6506,3.5,5,5.224800388
Low Fat,NCU53,Health and Hygiene,2018,OUT027,Tier 3,Medium,Supermarket Type3,0.042838514,12.6,55.7298,3.5,5,13.00927478
Low Fat,NCZ29,Health and Hygiene,2018,OUT027,Tier 3,Medium,Supermarket Type3,0.071516201,12.6,162.789,3.5,5,22.7625346
Low Fat,NCO41,Health and Hygiene,2018,OUT027,Tier 3,Medium,Supermarket Type3,0.018955479,12.6,96.9384,3.5,5,51.14004241
Low Fat,NCN29,Health and Hygiene,2018,OUT027,Tier 3,Medium,Supermarket Type3,0.020280476,12.6,144.476,3.5,5,71.23895909
Low Fat,NCJ17,Health and Hygiene,2018,OUT027,Tier 3,Medium,Supermarket Type3,0.152429537,12.6,42.4454,3.5,5,2.784591545
Low Fat,NCY29,Health and Hygiene,2018,OUT027,Tier 3,Medium,Supermarket Type3,0.077169841,12.6,172.311,3.5,5,22.3288007
Low Fat,NCO17,Health and Hygiene,2018,OUT027,Tier 3,Medium,Supermarket Type3,0.073678663,12.6,213.456,3.5,5,28.97120975
Low Fat,NCK53,Health and Hygiene,2018,OUT027,Tier 3,Medium,Supermarket Type3,0.037734334,12.6,74.767,3.5,5,19.81405051
Low Fat,NCL41,Health and Hygiene,2018,OUT027,Tier 3,Medium,Supermarket Type3,0.041907648,12.6,172.874,3.5,5,41.25118165
Low Fat,NCD42,Health and Hygiene,2018,OUT027,Tier 3,Medium,Supermarket Type3,0.012689327,12.6,177.037,3.5,5,139.5164614
Low Fat,NCX17,Health and Hygiene,2018,OUT027,Tier 3,Medium,Supermarket Type3,0.114066204,12.6,184.261,3.5,5,16.15386447
Low Fat,NCN05,Health and Hygiene,2018,OUT027,Tier 3,Medium,Supermarket Type3,0.014482153,12.6,177.037,3.5,5,122.2449452
Low Fat,NCS53,Health and Hygiene,2018,OUT027,Tier 3,Medium,Supermarket Type3,0.089917769,12.6,57.2588,3.5,5,6.367907104
Low Fat,NCV53,Health and Hygiene,2012,OUT049,Tier 1,Medium,Supermarket Type1,0.018813601,17.5,141.618,3.4,11,75.27426568
Low Fat,NCB42,Health and Hygiene,2022,OUT018,Tier 3,Medium,Supermarket Type2,0.008578539,18.7,256.667,3.4,1,299.1966348
Low Fat,NCL53,Health and Hygiene,2012,OUT049,Tier 1,Medium,Supermarket Type1,0.036308404,14,130.431,3.4,11,35.92308822
Low Fat,NCO17,Health and Hygiene,2022,OUT018,Tier 3,Medium,Supermarket Type2,0.073794811,16.7,181.229,3.4,1,24.55850182
Low Fat,NCW17,Health and Hygiene,2012,OUT049,Tier 1,Medium,Supermarket Type1,0.019382568,6.59,84.8908,3.4,11,43.79749887
Low Fat,NCP05,Health and Hygiene,2015,OUT045,Tier 2,Small,Supermarket Type1,0.025281802,6.135,151.337,3.4,8,59.8600527
Low Fat,NCX05,Health and Hygiene,2014,OUT013,Tier 3,High,Supermarket Type1,0.162462044,6.655,209.259,3.4,9,12.88048549
Low Fat,NCB54,Health and Hygiene,2011,OUT010,Tier 3,Medium,Grocery Store,0.050011058,17.75,185.424,3.4,12,37.07660014
Low Fat,NCR05,Health and Hygiene,2017,OUT035,Tier 2,Small,Supermarket Type1,0.054585372,20.25,219.348,3.4,6,40.18439226
Low Fat,NCV41,Health and Hygiene,2012,OUT049,Tier 1,Medium,Supermarket Type1,0.017108186,18.7,83.3566,3.4,11,48.72322524
Low Fat,NCI29,Health and Hygiene,2012,OUT049,Tier 1,Medium,Supermarket Type1,0.032687702,18.75,97.4042,3.4,11,29.79842388
Low Fat,NCP05,Health and Hygiene,2012,OUT049,Tier 1,Medium,Supermarket Type1,0.025429614,9.3,89.4172,3.4,11,35.16262575
Low Fat,NCA17,Health and Hygiene,2012,OUT049,Tier 1,Medium,Supermarket Type1,0.045380404,19.1,233.596,3.4,11,51.47508162
Low Fat,NCK29,Health and Hygiene,2012,OUT049,Tier 1,Medium,Supermarket Type1,0.12566436,21.25,144.11,3.4,11,11.46784975
Low Fat,NCQ05,Health and Hygiene,2012,OUT049,Tier 1,Medium,Supermarket Type1,0.046559448,12.5,125.702,3.4,11,26.99817232
Low Fat,NCA17,Health and Hygiene,2012,OUT049,Tier 1,Medium,Supermarket Type1,0.046559448,19.75,179.866,3.4,11,38.63147175
Low Fat,NCB54,Health and Hygiene,2012,OUT049,Tier 1,Medium,Supermarket Type1,0.050335829,8.85,122.039,3.4,11,24.24495681
Low Fat,NCK53,Health and Hygiene,2018,OUT019,Tier 1,Small,Grocery Store,0.037793818,12.6,54.2298,3.4,5,14.34885462
Low Fat,NCV53,Health and Hygiene,2018,OUT019,Tier 1,Small,Grocery Store,0.01889024,12.6,159.458,3.4,5,84.41290317
Low Fat,NCO41,Health and Hygiene,2018,OUT019,Tier 1,Small,Grocery Store,0.018757586,12.6,112.352,3.4,5,59.89683321
Low Fat,NCU29,Health and Hygiene,2016,OUT046,Tier 1,Small,Supermarket Type1,0.025354072,11.3,247.812,3.4,7,97.74051285
Low Fat,NCW29,Health and Hygiene,2016,OUT046,Tier 1,Small,Supermarket Type1,0.028907832,5.615,121.973,3.4,7,42.19375566
Low Fat,NCK29,Health and Hygiene,2016,OUT046,Tier 1,Small,Supermarket Type1,0.046559448,11.3,199.343,3.4,7,42.81472581
Low Fat,NCR29,Health and Hygiene,2016,OUT046,Tier 1,Small,Supermarket Type1,0.054630544,17.75,145.144,3.4,7,26.56828751
Low Fat,NCK53,Health and Hygiene,2016,OUT046,Tier 1,Small,Supermarket Type1,0.062903297,14.85,120.807,3.4,7,19.20519365
Low Fat,NCS17,Health and Hygiene,2016,OUT046,Tier 1,Small,Supermarket Type1,0.080434451,10,127.299,3.4,7,15.82642741
Low Fat,NCR41,Health and Hygiene,2016,OUT046,Tier 1,Small,Supermarket Type1,0.01806055,10.6,49.7008,3.4,7,27.51898475
Low Fat,NCL53,Health and Hygiene,2015,OUT045,Tier 2,Medium,Supermarket Type1,0.036234918,19.7,124.236,3.4,8,34.28626498
Low Fat,NCQ53,Health and Hygiene,2020,OUT017,Tier 2,Medium,Supermarket Type1,0.018934719,20.5,154.134,3.4,3,81.40284522
Low Fat,NCN41,Health and Hygiene,2015,OUT045,Tier 2,Medium,Supermarket Type1,0.091411749,6.465,264.188,3.4,8,28.90088013
Low Fat,NCX05,Health and Hygiene,2015,OUT045,Tier 2,Medium,Supermarket Type1,0.169943195,9.3,184.229,3.4,8,10.84062236
Low Fat,NCV29,Health and Hygiene,2015,OUT045,Tier 2,Medium,Supermarket Type1,0.022843501,10.65,57.2272,3.4,8,25.05185173
Low Fat,NCO29,Health and Hygiene,2015,OUT045,Tier 2,Medium,Supermarket Type1,0.032321608,8.26,117.083,3.4,8,36.22437349
Low Fat,NCZ41,Health and Hygiene,2015,OUT045,Tier 2,Small,Supermarket Type1,0.064551885,13.85,116.149,3.4,8,17.9931229
Low Fat,NCP53,Health and Hygiene,2015,OUT045,Tier 2,Small,Supermarket Type1,0.033076388,6.965,159.66,3.4,8,48.27008318
Low Fat,NCX17,Health and Hygiene,2015,OUT045,Tier 2,Small,Supermarket Type1,0.114246019,6.17,65.6826,3.4,8,5.7492244
Low Fat,NCZ17,Health and Hygiene,2015,OUT045,Tier 2,Small,Supermarket Type1,0.079046992,21.25,184.661,3.4,8,23.36091423
Low Fat,NCZ53,Health and Hygiene,2015,OUT045,Tier 2,Small,Supermarket Type1,0.024358634,15.1,196.511,3.4,8,80.67406407
Low Fat,NCI17,Health and Hygiene,2020,OUT017,Tier 2,Small,Supermarket Type1,0.143303291,10.895,262.257,3.4,3,18.30083581
Low Fat,NCQ05,Health and Hygiene,2020,OUT017,Tier 2,High,Supermarket Type1,0.021649904,17.5,171.774,3.4,3,79.34169131
Low Fat,NCT17,Health and Hygiene,2015,OUT045,Tier 2,High,Supermarket Type1,0.041831008,6.575,145.444,3.4,8,34.76942272
Low Fat,NCZ29,Health and Hygiene,2015,OUT045,Tier 2,High,Supermarket Type1,0.071312064,6.615,251.141,3.4,8,35.21718289
Low Fat,NCW17,Health and Hygiene,2015,OUT045,Tier 2,High,Supermarket Type1,0.019465205,15,57.5904,3.4,8,29.5863311
Low Fat,NCK29,Health and Hygiene,2015,OUT045,Tier 2,High,Supermarket Type1,0.125964559,20.25,93.212,3.4,8,7.399859194
Low Fat,NCA41,Health and Hygiene,2015,OUT045,Tier 2,High,Supermarket Type1,0.032637373,6.67,88.9514,3.4,8,27.25446071
Low Fat,NCH29,Health and Hygiene,2015,OUT045,Tier 2,High,Supermarket Type1,0.034467286,8.27,148.771,3.4,8,43.16295748
Low Fat,NCP53,Health and Hygiene,2020,OUT017,Tier 2,High,Supermarket Type1,0.033024328,8.6,191.653,3.4,3,58.03388338
Low Fat,NCQ41,Health and Hygiene,2020,OUT017,Tier 2,High,Supermarket Type1,0.019559746,17.1,138.684,3.4,3,70.90276121
Low Fat,NCC42,Health and Hygiene,2020,OUT017,Tier 2,High,Supermarket Type1,0.044978225,7.75,34.5558,3.4,3,7.682784281
Low Fat,NCX41,Health and Hygiene,2017,OUT035,Tier 2,Small,Supermarket Type1,0.017746826,6.525,86.7882,3.4,6,48.90350534
Low Fat,NCQ17,Health and Hygiene,2017,OUT035,Tier 2,Small,Supermarket Type1,0.117593973,12.85,254.704,3.4,6,21.65961346
Low Fat,NCN05,Health and Hygiene,2017,OUT035,Tier 2,Small,Supermarket Type1,0.014488997,7.565,57.393,3.4,6,39.61143756
Low Fat,NCW53,Health and Hygiene,2017,OUT035,Tier 2,Small,Supermarket Type1,0.03066757,17.7,129.168,3.4,6,42.11875933
Low Fat,NCL53,Health and Hygiene,2017,OUT035,Tier 2,Small,Supermarket Type1,0.060649825,8.785,156.466,3.4,6,25.79826075
Low Fat,NCX05,Health and Hygiene,2017,OUT035,Tier 2,Small,Supermarket Type1,0.097457483,20.75,153.002,3.4,6,15.69935887
Low Fat,NCO29,Health and Hygiene,2017,OUT035,Tier 2,Small,Supermarket Type1,0.032387589,11.5,86.054,3.4,6,26.57005435
Low Fat,NCM29,Health and Hygiene,2011,OUT010,Tier 3,Medium,Grocery Store,0.017714096,15,121.841,3.4,12,68.78194631
Low Fat,NCZ41,Health and Hygiene,2011,OUT010,Tier 3,Medium,Grocery Store,0.046559448,10.195,112.486,3.4,12,24.15965069
Low Fat,NCI17,Health and Hygiene,2011,OUT010,Tier 3,Medium,Grocery Store,0.144006886,11.6,100.404,3.4,12,6.972166595
Low Fat,NCT17,Health and Hygiene,2011,OUT010,Tier 3,High,Grocery Store,0.041865848,15.1,197.211,3.4,12,47.10545932
Low Fat,NCM41,Health and Hygiene,2011,OUT010,Tier 3,High,Grocery Store,0.035626319,5.785,262.125,3.4,12,73.57622324
Low Fat,NCO53,Health and Hygiene,2014,OUT013,Tier 3,High,Supermarket Type1,0.174336148,6.445,94.4436,3.4,9,5.417327449
Low Fat,NCO17,Health and Hygiene,2014,OUT013,Tier 3,High,Supermarket Type1,0.073493831,8.235,147.608,3.4,9,20.08440681
Low Fat,NCR17,Health and Hygiene,2014,OUT013,Tier 3,High,Supermarket Type1,0.024363026,6.465,266.188,3.4,9,109.2590058
Low Fat,NCX05,Health and Hygiene,2014,OUT013,Tier 3,High,Supermarket Type1,0.09698132,8.85,183.829,3.4,9,18.95509362
Low Fat,NCS53,Health and Hygiene,2014,OUT013,Tier 3,High,Supermarket Type1,0.089778187,10.3,101.204,3.4,9,11.27267139
Low Fat,NCB42,Health and Hygiene,2014,OUT013,Tier 3,High,Supermarket Type1,0.008554052,18.6,93.4436,3.4,9,109.2389899
Low Fat,NCL41,Health and Hygiene,2014,OUT013,Tier 3,High,Supermarket Type1,0.041802518,18,148.642,3.4,9,35.55814509
Low Fat,NCP41,Health and Hygiene,2014,OUT013,Tier 3,High,Supermarket Type1,0.027133398,16.2,73.4696,3.4,9,27.07718362
Low Fat,NCN53,Health and Hygiene,2014,OUT013,Tier 3,High,Supermarket Type1,0.030208465,4.555,110.154,3.4,9,36.46461348
Low Fat,NCV05,Health and Hygiene,2014,OUT013,Tier 3,High,Supermarket Type1,0.030062224,20.2,129.168,3.4,9,42.96688096
Low Fat,NCM41,Health and Hygiene,2014,OUT013,Tier 3,High,Supermarket Type1,0.035801238,20.25,222.077,3.4,9,62.03053649
Low Fat,NCL05,Health and Hygiene,2014,OUT013,Tier 3,High,Supermarket Type1,0.047897663,20.35,234.996,3.4,9,49.06210142
Low Fat,NCQ05,Health and Hygiene,2022,OUT018,Tier 3,Medium,Supermarket Type2,0.021602001,17.1,148.839,3.4,1,68.90056157
Low Fat,NCR53,Health and Hygiene,2022,OUT018,Tier 3,Medium,Supermarket Type2,0.145013434,19.2,111.889,3.4,1,7.715767906
Low Fat,NCW53,Health and Hygiene,2022,OUT018,Tier 3,Medium,Supermarket Type2,0.030556922,7.365,226.972,3.4,1,74.27842372
Low Fat,NCR17,Health and Hygiene,2022,OUT018,Tier 3,Medium,Supermarket Type2,0.024378706,15.1,128.831,3.4,1,52.84570887
Low Fat,NCC54,Health and Hygiene,2022,OUT018,Tier 3,Medium,Supermarket Type2,0.098108957,15.1,221.546,3.4,1,22.5816283
Low Fat,NCL17,Health and Hygiene,2022,OUT018,Tier 3,Medium,Supermarket Type2,0.068163102,16.75,156.963,3.4,1,23.02756116
Low Fat,NCX29,Health and Hygiene,2018,OUT027,Tier 3,Medium,Supermarket Type3,0.149223055,12.6,100.302,3.4,5,6.721615504
Low Fat,NCX41,Health and Hygiene,2018,OUT027,Tier 3,Medium,Supermarket Type3,0.046559448,12.6,48.6376,3.4,5,10.44634378
Low Fat,NCV41,Health and Hygiene,2018,OUT027,Tier 3,Medium,Supermarket Type3,0.016956266,12.6,64.4826,3.4,5,38.02877355
Low Fat,NCY05,Health and Hygiene,2018,OUT027,Tier 3,Medium,Supermarket Type3,0.054723717,12.6,54.8298,3.4,5,10.0193852
Low Fat,NCI17,Health and Hygiene,2022,OUT018,Tier 3,Medium,Supermarket Type2,0.143422643,10.395,51.4008,3.3,1,3.58386925
Low Fat,NCR53,Health and Hygiene,2020,OUT017,Tier 2,Small,Supermarket Type1,0.144338493,13,45.906,3.3,3,3.180440577
Low Fat,NCU05,Health and Hygiene,2018,OUT019,Tier 1,Small,Grocery Store,0.058451805,12.6,225.372,3.3,5,38.55689315
Low Fat,NCW17,Health and Hygiene,2017,OUT035,Tier 2,Small,Supermarket Type1,0.019292355,7.235,117.549,3.3,6,60.93035298
Low Fat,NCO17,Health and Hygiene,2015,OUT045,Tier 2,Small,Supermarket Type1,0.073379745,12.85,198.477,3.3,8,27.04792719
Low Fat,NCU41,Health and Hygiene,2017,OUT035,Tier 2,Small,Supermarket Type1,0.05213575,13.65,231.167,3.3,6,44.33944079
Low Fat,NCX29,Health and Hygiene,2015,OUT045,Tier 2,Medium,Supermarket Type1,0.089656812,17.85,97.0094,3.3,8,10.82008136
Low Fat,NCN29,Health and Hygiene,2017,OUT035,Tier 2,Small,Supermarket Type1,0.012184999,20.75,182.232,3.3,6,149.5543824
Low Fat,NCJ29,Health and Hygiene,2022,OUT018,Tier 3,Medium,Supermarket Type2,0.035022503,18.35,155.034,3.3,1,44.26696744
Low Fat,NCY41,Health and Hygiene,2016,OUT046,Tier 1,Small,Supermarket Type1,0.07585337,7.5,175.303,3.3,7,23.1107728
Low Fat,NCO17,Health and Hygiene,2018,OUT027,Tier 3,Medium,Supermarket Type3,0.073024401,12.6,112.886,3.3,5,15.4586684
Low Fat,NCV05,Health and Hygiene,2012,OUT049,Tier 1,Medium,Supermarket Type1,0.030379382,13.35,61.4194,3.3,11,20.21746196
Low Fat,NCM05,Health and Hygiene,2018,OUT027,Tier 3,Medium,Supermarket Type3,0.059940022,12.6,33.0558,3.3,5,5.514812791
Low Fat,NCO05,Health and Hygiene,2012,OUT049,Tier 1,Medium,Supermarket Type1,0.046631836,10.195,112.289,3.3,11,24.07990112
Low Fat,NCI29,Health and Hygiene,2012,OUT049,Tier 1,Medium,Supermarket Type1,0.032672263,16.1,76.0328,3.3,11,23.27136017
Low Fat,NCB54,Health and Hygiene,2012,OUT049,Tier 1,Medium,Supermarket Type1,0.050130529,17.6,237.759,3.3,11,47.42798545
Low Fat,NCO29,Health and Hygiene,2012,OUT049,Tier 1,Medium,Supermarket Type1,0.032306341,7.895,56.7588,3.3,11,17.56893484
Low Fat,NCQ05,Health and Hygiene,2012,OUT049,Tier 1,Medium,Supermarket Type1,0.021639678,12.5,83.6592,3.3,11,38.66009466
Low Fat,NCV29,Health and Hygiene,2012,OUT049,Tier 1,Medium,Supermarket Type1,0.022879017,5.365,169.776,3.3,11,74.20598534
Low Fat,NCR53,Health and Hygiene,2012,OUT049,Tier 1,Medium,Supermarket Type1,0.14526636,10.3,88.254,3.3,11,6.0753226
Low Fat,NCN29,Health and Hygiene,2012,OUT049,Tier 1,Medium,Supermarket Type1,0.046559448,16.7,63.6168,3.3,11,13.66356405
Low Fat,NCO53,Health and Hygiene,2012,OUT049,Tier 1,Medium,Supermarket Type1,0.046559448,15.1,62.3194,3.3,11,13.38490955
Low Fat,NCM41,Health and Hygiene,2018,OUT019,Tier 1,Small,Grocery Store,0.035711426,12.6,190.65,3.3,5,53.38627475
Low Fat,NCC54,Health and Hygiene,2018,OUT019,Tier 1,Small,Grocery Store,0.097862839,12.6,121.373,3.3,5,12.40235837
Low Fat,NCW41,Health and Hygiene,2018,OUT019,Tier 1,Small,Grocery Store,0.046559448,12.6,116.249,3.3,5,24.96786474
Low Fat,NCY17,Health and Hygiene,2018,OUT019,Tier 1,Small,Grocery Store,0.16334971,12.6,185.292,3.3,5,11.34327083
Low Fat,NCW53,Health and Hygiene,2018,OUT019,Tier 1,Small,Grocery Store,0.030542489,12.6,46.1402,3.3,5,15.10688929
Low Fat,NCJ05,Health and Hygiene,2016,OUT046,Tier 1,Small,Supermarket Type1,0.046159928,4.92,199.108,3.3,7,43.13438271
Low Fat,NCW05,Health and Hygiene,2016,OUT046,Tier 1,Small,Supermarket Type1,0.148302815,7.975,84.525,3.3,7,5.699487228
Low Fat,NCA05,Health and Hygiene,2016,OUT046,Tier 1,Small,Supermarket Type1,0.025169703,5.8,90.3172,3.3,7,35.88329985
Low Fat,NCQ05,Health and Hygiene,2016,OUT046,Tier 1,Small,Supermarket Type1,0.037829469,7.785,105.631,3.3,7,27.92294018
Low Fat,NCT29,Health and Hygiene,2016,OUT046,Tier 1,Small,Supermarket Type1,0.112249603,16.1,148.076,3.3,7,13.19167249
Low Fat,NCV29,Health and Hygiene,2016,OUT046,Tier 1,Small,Supermarket Type1,0.039996021,11.8,177.869,3.3,7,44.47167382
Low Fat,NCM29,Health and Hygiene,2016,OUT046,Tier 1,Small,Supermarket Type1,0.017642229,9.6,244.417,3.3,7,138.5408839
Low Fat,NCM05,Health and Hygiene,2016,OUT046,Tier 1,Small,Supermarket Type1,0.059846975,6.135,114.286,3.3,7,19.09637037
Low Fat,NCO05,Health and Hygiene,2016,OUT046,Tier 1,Small,Supermarket Type1,0.046559448,19.35,48.8034,3.3,7,10.48195417
Low Fat,NCL29,Health and Hygiene,2016,OUT046,Tier 1,Small,Supermarket Type1,0.113939434,8.6,188.753,3.3,7,16.56608194
Low Fat,NCN17,Health and Hygiene,2016,OUT046,Tier 1,Small,Supermarket Type1,0.054939029,14.85,262.591,3.3,7,47.79680398
Low Fat,NCQ29,Health and Hygiene,2016,OUT046,Tier 1,Small,Supermarket Type1,0.104230135,20.35,256.867,3.3,7,24.64421638
Low Fat,NCL41,Health and Hygiene,2016,OUT046,Tier 1,Small,Supermarket Type1,0.041737627,9.195,83.3566,3.3,7,19.97157146
Low Fat,NCT29,Health and Hygiene,2016,OUT046,Tier 1,Small,Supermarket Type1,0.064110725,10.195,138.684,3.3,7,21.63195004
Low Fat,NCA41,Health and Hygiene,2016,OUT046,Tier 1,Small,Supermarket Type1,0.032586709,16.5,101.333,3.3,7,31.09642032
Low Fat,NCK05,Health and Hygiene,2015,OUT045,Tier 2,Medium,Supermarket Type1,0.077454252,15.85,176.237,3.3,8,22.75368949
Low Fat,NCY29,Health and Hygiene,2015,OUT045,Tier 2,Medium,Supermarket Type1,0.077234113,11.15,44.7744,3.3,8,5.797231076
Low Fat,NCB42,Health and Hygiene,2015,OUT045,Tier 2,Medium,Supermarket Type1,0.008609602,7.85,143.544,3.3,8,166.725477
Low Fat,NCY05,Health and Hygiene,2015,OUT045,Tier 2,Small,Supermarket Type1,0.055301055,11.15,165.653,3.3,8,29.95476307
Low Fat,NCK05,Health and Hygiene,2015,OUT045,Tier 2,Small,Supermarket Type1,0.077892365,19.85,125.27,3.3,8,16.08244916
Low Fat,NCO05,Health and Hygiene,2015,OUT045,Tier 2,Small,Supermarket Type1,0.046653872,7.5,56.9588,3.3,8,12.20880445
Low Fat,NCJ17,Health and Hygiene,2020,OUT017,Tier 2,Small,Supermarket Type1,0.152865879,13.35,75.7012,3.3,3,4.952131927
Low Fat,NCI17,Health and Hygiene,2020,OUT017,Tier 2,Small,Supermarket Type1,0.143713508,18.75,99.0042,3.3,3,6.888997519
Low Fat,NCL29,Health and Hygiene,2020,OUT017,Tier 2,Small,Supermarket Type1,0.114170506,10.195,143.115,3.3,3,12.53519889
Low Fat,NCX29,Health and Hygiene,2020,OUT017,Tier 2,Small,Supermarket Type1,0.089333332,17.1,109.489,3.3,3,12.25623153
Low Fat,NCR05,Health and Hygiene,2020,OUT017,Tier 2,Small,Supermarket Type1,0.054741627,20.6,94.7778,3.3,3,17.3136615
Low Fat,NCV05,Health and Hygiene,2020,OUT017,Tier 2,Small,Supermarket Type1,0.030269774,14.75,237.291,3.3,3,78.392062
Low Fat,NCK17,Health and Hygiene,2020,OUT017,Tier 2,Small,Supermarket Type1,0.037971697,21.25,231.23,3.3,3,60.89535582
Low Fat,NCA53,Health and Hygiene,2020,OUT017,Tier 2,Small,Supermarket Type1,0.009898492,7.825,253.47,3.3,3,256.0693083
Low Fat,NCZ17,Health and Hygiene,2020,OUT017,Tier 2,Small,Supermarket Type1,0.079592733,14,41.1454,3.3,3,5.169492044
Low Fat,NCT29,Health and Hygiene,2020,OUT017,Tier 2,High,Supermarket Type1,0.064240743,7.945,163.521,3.3,3,25.45440672
Low Fat,NCY29,Health and Hygiene,2020,OUT017,Tier 2,High,Supermarket Type1,0.077390746,15.5,141.547,3.3,3,18.28991285
Low Fat,NCC42,Health and Hygiene,2020,OUT017,Tier 2,High,Supermarket Type1,0.04499948,16.5,90.3146,3.3,3,20.07014303
Low Fat,NCX05,Health and Hygiene,2020,OUT017,Tier 2,High,Supermarket Type1,0.097258937,17.5,253.736,3.3,3,26.08870792
Low Fat,NCD42,Health and Hygiene,2020,OUT017,Tier 2,High,Supermarket Type1,0.012663476,19.7,175.137,3.3,3,138.3008899
Low Fat,NCQ53,Health and Hygiene,2020,OUT017,Tier 2,High,Supermarket Type1,0.018943666,21,193.848,3.3,3,102.3286623
Low Fat,NCX41,Health and Hygiene,2015,OUT045,Tier 2,High,Supermarket Type1,0.017755213,7.155,33.6874,3.3,8,18.97324465
Low Fat,NCW05,Health and Hygiene,2015,OUT045,Tier 2,High,Supermarket Type1,0.148372897,13.65,115.583,3.3,8,7.790034591
Low Fat,NCH29,Health and Hygiene,2015,OUT045,Tier 2,High,Supermarket Type1,0.034668802,20.5,195.548,3.3,8,56.40460262
Low Fat,NCJ17,Health and Hygiene,2015,OUT045,Tier 2,High,Supermarket Type1,0.153419412,20.6,178.234,3.3,8,11.6174347
Low Fat,NCN05,Health and Hygiene,2020,OUT017,Tier 2,High,Supermarket Type1,0.014541462,11.6,171.011,3.3,3,117.6023429
Low Fat,NCV53,Health and Hygiene,2020,OUT017,Tier 2,High,Supermarket Type1,0.018920019,20,125.868,3.3,3,66.52636025
Low Fat,NCI29,Health and Hygiene,2017,OUT035,Tier 2,Small,Supermarket Type1,0.032806066,5.825,159.789,3.3,6,48.70715068
Low Fat,NCS29,Health and Hygiene,2017,OUT035,Tier 2,Small,Supermarket Type1,0.069938838,10.85,115.181,3.3,6,16.46881808
Low Fat,NCR05,Health and Hygiene,2017,OUT035,Tier 2,Small,Supermarket Type1,0.054939848,14.15,172.311,3.3,6,31.36357421
Low Fat,NCT17,Health and Hygiene,2017,OUT035,Tier 2,Small,Supermarket Type1,0.042102658,6.445,96.4436,3.3,6,22.9067723
Low Fat,NCK17,Health and Hygiene,2017,OUT035,Tier 2,Small,Supermarket Type1,0.038109194,16.25,166.447,3.3,6,43.676337
Low Fat,NCO29,Health and Hygiene,2017,OUT035,Tier 2,Small,Supermarket Type1,0.032438645,17.1,111.989,3.3,6,34.52332858
Low Fat,NCM29,Health and Hygiene,2017,OUT035,Tier 2,Small,Supermarket Type1,0.01774202,8.88,210.727,3.3,6,118.7728342
Low Fat,NCQ29,Health and Hygiene,2017,OUT035,Tier 2,Small,Supermarket Type1,0.046559448,13.15,177.469,3.3,6,38.11664606
Low Fat,NCL41,Health and Hygiene,2017,OUT035,Tier 2,Small,Supermarket Type1,0.041973712,18.75,207.195,3.3,6,49.36303942
Low Fat,NCY29,Health and Hygiene,2017,OUT035,Tier 2,Small,Supermarket Type1,0.077670981,7.945,161.321,3.3,6,20.76979046
Low Fat,NCW29,Health and Hygiene,2017,OUT035,Tier 2,Small,Supermarket Type1,0.029026218,19.35,48.7034,3.3,6,16.77910639
Low Fat,NCS53,Health and Hygiene,2017,OUT035,Tier 2,Small,Supermarket Type1,0.090286009,6.11,128.497,3.3,6,14.2322162
Low Fat,NCX05,Health and Hygiene,2011,OUT010,Tier 3,Medium,Grocery Store,0.097611115,5.825,162.489,3.3,12,16.64656735
Low Fat,NCA41,Health and Hygiene,2011,OUT010,Tier 3,Medium,Grocery Store,0.032771033,13.3,119.912,3.3,12,36.59085144
Low Fat,NCB06,Health and Hygiene,2011,OUT010,Tier 3,Medium,Grocery Store,0.082797778,7.285,174.905,3.3,12,21.12435916
Low Fat,NCS17,Health and Hygiene,2011,OUT010,Tier 3,High,Grocery Store,0.080956792,12.15,65.4826,3.3,12,8.088586317
Low Fat,NCJ05,Health and Hygiene,2011,OUT010,Tier 3,High,Grocery Store,0.046348967,11.35,49.0008,3.3,12,10.57214501
Low Fat,NCY53,Health and Hygiene,2011,OUT010,Tier 3,High,Grocery Store,0.058812134,5.73,85.5882,3.3,12,14.5528132
Low Fat,NCA17,Health and Hygiene,2011,OUT010,Tier 3,High,Grocery Store,0.045675104,19.6,55.6614,3.3,12,12.18637619
Low Fat,NCN53,Health and Hygiene,2014,OUT013,Tier 3,High,Supermarket Type1,0.030349723,16.1,78.4328,3.3,9,25.84300358
Low Fat,NCK29,Health and Hygiene,2014,OUT013,Tier 3,High,Supermarket Type1,0.12574524,5.985,186.592,3.3,9,14.83889171
Low Fat,NCL17,Health and Hygiene,2014,OUT013,Tier 3,High,Supermarket Type1,0.067766896,16.75,89.1856,3.3,9,13.1606441
Low Fat,NCL53,Health and Hygiene,2014,OUT013,Tier 3,High,Supermarket Type1,0.036228067,6.85,260.059,3.3,9,71.78384649
Low Fat,NCP29,Health and Hygiene,2014,OUT013,Tier 3,High,Supermarket Type1,0.112249781,17.5,139.918,3.3,9,12.46487955
Low Fat,NCJ29,Health and Hygiene,2014,OUT013,Tier 3,High,Supermarket Type1,0.035186271,7.39,141.447,3.3,9,40.19948576
Low Fat,NCM29,Health and Hygiene,2014,OUT013,Tier 3,High,Supermarket Type1,0.017638893,18.5,130.928,3.3,9,74.22688034
Low Fat,NCB42,Health and Hygiene,2014,OUT013,Tier 3,High,Supermarket Type1,0.008559557,16.85,90.7488,3.3,9,106.0204401
Low Fat,NCY29,Health and Hygiene,2014,OUT013,Tier 3,High,Supermarket Type1,0.077219509,20.7,92.9436,3.3,9,12.03628477
Low Fat,NCC54,Health and Hygiene,2014,OUT013,Tier 3,High,Supermarket Type1,0.097692448,9.5,231.367,3.3,9,23.68320221
Low Fat,NCJ05,Health and Hygiene,2014,OUT013,Tier 3,High,Supermarket Type1,0.046079558,8.75,186.856,3.3,9,40.55073619
Low Fat,NCA05,Health and Hygiene,2014,OUT013,Tier 3,High,Supermarket Type1,0.02512588,12.35,157.995,3.3,9,62.88137968
Low Fat,NCC54,Health and Hygiene,2014,OUT013,Tier 3,High,Supermarket Type1,0.163548055,21.25,119.376,3.3,9,7.299139082
Low Fat,NCX53,Health and Hygiene,2014,OUT013,Tier 3,High,Supermarket Type1,0.025002878,11.8,32.3558,3.3,9,12.94083025
Low Fat,NCU53,Health and Hygiene,2022,OUT018,Tier 3,Medium,Supermarket Type2,0.071557769,6.71,218.317,3.3,1,30.509196
Low Fat,NCK29,Health and Hygiene,2022,OUT018,Tier 3,Medium,Supermarket Type2,0.210511558,9.195,58.9246,3.3,1,2.799114717
Low Fat,NCJ17,Health and Hygiene,2022,OUT018,Tier 3,Medium,Supermarket Type2,0.255348289,9.13,150.602,3.3,1,5.897905194
Low Fat,NCV53,Health and Hygiene,2022,OUT018,Tier 3,Medium,Supermarket Type2,0.031490111,15.7,57.5562,3.3,1,18.27754751
Low Fat,NCL29,Health and Hygiene,2022,OUT018,Tier 3,Medium,Supermarket Type2,0.190711254,10,234.859,3.3,1,12.31489989
Low Fat,NCV05,Health and Hygiene,2022,OUT018,Tier 3,Medium,Supermarket Type2,0.050562853,17.6,113.018,3.3,1,22.35198239
Low Fat,NCM29,Health and Hygiene,2022,OUT018,Tier 3,Medium,Supermarket Type2,0.029529474,15.7,169.379,3.3,1,57.35930142
Low Fat,NCZ17,Health and Hygiene,2022,OUT018,Tier 3,Medium,Supermarket Type2,0.132952286,20.5,82.8592,3.3,1,6.232250869
Low Fat,NCO41,Health and Hygiene,2022,OUT018,Tier 3,Medium,Supermarket Type2,0.031549131,13.15,86.3856,3.3,1,27.38129301
Low Fat,NCP17,Health and Hygiene,2022,OUT018,Tier 3,Medium,Supermarket Type2,0.046559448,16,157.697,3.3,1,33.87003214
Low Fat,NCP05,Health and Hygiene,2022,OUT018,Tier 3,Medium,Supermarket Type2,0.042324556,16.7,64.4168,3.3,1,15.21972256
Low Fat,NCT41,Health and Hygiene,2018,OUT027,Tier 3,Medium,Supermarket Type3,0.055943697,12.6,175.303,3.3,5,31.3356123
Low Fat,NCO05,Health and Hygiene,2018,OUT027,Tier 3,Medium,Supermarket Type3,0.046520703,12.6,55.7298,3.3,5,11.97956961
Low Fat,NCX29,Health and Hygiene,2018,OUT027,Tier 3,Medium,Supermarket Type3,0.089078338,12.6,39.8506,3.3,5,4.473657782
Low Fat,NCO29,Health and Hygiene,2018,OUT027,Tier 3,Medium,Supermarket Type3,0.032229348,12.6,190.421,3.3,5,59.08310649
Low Fat,NCS05,Health and Hygiene,2018,OUT027,Tier 3,Medium,Supermarket Type3,0.020960615,12.6,228.035,3.3,5,108.7921323
Low Fat,NCW29,Health and Hygiene,2018,OUT027,Tier 3,Medium,Supermarket Type3,0.028838938,12.6,237.522,3.3,5,82.36156269
Low Fat,NCV41,Health and Hygiene,2018,OUT027,Tier 3,Medium,Supermarket Type3,0.017024598,12.6,232.962,3.3,5,136.8384734
Low Fat,NCP53,Health and Hygiene,2018,OUT027,Tier 3,Medium,Supermarket Type3,0.032862976,12.6,147.373,3.3,5,44.84469088
Low Fat,NCD42,Health and Hygiene,2014,OUT013,Tier 3,High,Supermarket Type1,0.012627329,8.645,96.341,3.2,9,76.29562832
Low Fat,NCJ05,Health and Hygiene,2020,OUT017,Tier 2,Medium,Supermarket Type1,0.04604992,19.7,55.393,3.2,3,12.02890255
Low Fat,NCU41,Health and Hygiene,2017,OUT035,Tier 2,Small,Supermarket Type1,0.0520115,17.35,176.071,3.2,6,33.85232112
Low Fat,NCL05,Health and Hygiene,2014,OUT013,Tier 3,High,Supermarket Type1,0.047857804,5.035,226.304,3.2,9,47.28674972
Low Fat,NCX53,Health and Hygiene,2020,OUT017,Tier 2,Medium,Supermarket Type1,0.014925407,7.39,250.907,3.2,3,168.1073086
Low Fat,NCT05,Health and Hygiene,2012,OUT049,Tier 1,Medium,Supermarket Type1,0.021037197,12.35,59.2246,3.2,11,28.15232467
Low Fat,NCN53,Health and Hygiene,2012,OUT049,Tier 1,Medium,Supermarket Type1,0.030479118,15.85,42.5112,3.2,11,13.9476477
Low Fat,NCU17,Health and Hygiene,2012,OUT049,Tier 1,Medium,Supermarket Type1,0.093261677,17,125.236,3.2,11,13.4284525
Low Fat,NCH29,Health and Hygiene,2012,OUT049,Tier 1,Medium,Supermarket Type1,0.046559448,10.8,239.956,3.2,11,51.53755259
Low Fat,NCL17,Health and Hygiene,2012,OUT049,Tier 1,Medium,Supermarket Type1,0.068055818,8.6,191.453,3.2,11,28.1317609
Low Fat,NCR29,Health and Hygiene,2012,OUT049,Tier 1,Medium,Supermarket Type1,0.054863459,16.7,113.918,3.2,11,20.76391137
Low Fat,NCJ17,Health and Hygiene,2012,OUT049,Tier 1,Medium,Supermarket Type1,0.153177941,15.6,168.213,3.2,11,10.98154205
Low Fat,NCM17,Health and Hygiene,2012,OUT049,Tier 1,Medium,Supermarket Type1,0.071425647,19.35,112.954,3.2,11,15.81420747
Low Fat,NCN05,Health and Hygiene,2018,OUT019,Tier 1,Small,Grocery Store,0.014518575,12.6,64.151,3.2,5,44.18546586
Low Fat,NCR05,Health and Hygiene,2018,OUT019,Tier 1,Small,Grocery Store,0.054853377,12.6,143.179,3.2,5,26.10213041
Low Fat,NCA53,Health and Hygiene,2018,OUT019,Tier 1,Small,Grocery Store,0.009918699,12.6,86.8514,3.2,5,87.56329837
Low Fat,NCZ17,Health and Hygiene,2016,OUT046,Tier 1,Small,Supermarket Type1,0.079755214,18.25,142.015,3.2,7,17.80635934
Low Fat,NCY29,Health and Hygiene,2016,OUT046,Tier 1,Small,Supermarket Type1,0.077548732,13.65,35.1532,3.2,7,4.533046395
Low Fat,NCW29,Health and Hygiene,2015,OUT045,Tier 2,Medium,Supermarket Type1,0.028980533,11.1,82.3908,3.2,8,28.42970486
Low Fat,NCM53,Health and Hygiene,2015,OUT045,Tier 2,Small,Supermarket Type1,0.052252908,11.395,150.871,3.2,8,28.87322558
Low Fat,NCX41,Health and Hygiene,2015,OUT045,Tier 2,Small,Supermarket Type1,0.017791458,14.15,82.9276,3.2,8,46.61090732
Low Fat,NCL05,Health and Hygiene,2020,OUT017,Tier 2,Small,Supermarket Type1,0.048092778,9.3,182.929,3.2,3,38.03668817
Low Fat,NCP05,Health and Hygiene,2020,OUT017,Tier 2,Small,Supermarket Type1,0.046559448,11.65,185.924,3.2,3,39.93260401
Low Fat,NCY53,Health and Hygiene,2020,OUT017,Tier 2,Small,Supermarket Type1,0.058719568,8.275,106.331,3.2,3,18.10827355
Low Fat,NCK05,Health and Hygiene,2020,OUT017,Tier 2,High,Supermarket Type1,0.077769768,12.8,262.825,3.2,3,33.79526605
Low Fat,NCP29,Health and Hygiene,2015,OUT045,Tier 2,High,Supermarket Type1,0.046559448,11.5,84.954,3.2,8,18.24635034
Low Fat,NCS29,Health and Hygiene,2015,OUT045,Tier 2,High,Supermarket Type1,0.069208684,11.65,83.4908,3.2,8,12.06363063
Low Fat,NCD42,Health and Hygiene,2020,OUT017,Tier 2,High,Supermarket Type1,0.046559448,15,60.2904,3.2,3,12.94912259
Low Fat,NCK53,Health and Hygiene,2020,OUT017,Tier 2,Medium,Supermarket Type1,0.046559448,17.6,37.219,3.2,3,7.99386625
Low Fat,NCL05,Health and Hygiene,2017,OUT035,Tier 2,Small,Supermarket Type1,0.047665717,17.35,99.8016,3.2,6,20.93781575
Low Fat,NCM29,Health and Hygiene,2017,OUT035,Tier 2,Small,Supermarket Type1,0.017556795,17.7,180.629,3.2,6,102.8826731
Low Fat,NCP05,Health and Hygiene,2017,OUT035,Tier 2,Small,Supermarket Type1,0.025164132,13.3,149.471,3.2,6,59.39843266
Low Fat,NCP53,Health and Hygiene,2017,OUT035,Tier 2,Small,Supermarket Type1,0.032731074,16.6,170.642,3.2,6,52.13455568
Low Fat,NCQ05,Health and Hygiene,2017,OUT035,Tier 2,Small,Supermarket Type1,0.046559448,17.85,211.556,3.2,6,45.43782392
Low Fat,NCR05,Health and Hygiene,2017,OUT035,Tier 2,Small,Supermarket Type1,0.054366282,16.5,100.633,3.2,6,18.51018615
Low Fat,NCR17,Health and Hygiene,2011,OUT010,Tier 3,Medium,Grocery Store,0.02426524,10.8,191.45,3.2,12,78.89886933
Low Fat,NCR29,Health and Hygiene,2011,OUT010,Tier 3,Medium,Grocery Store,0.054376275,17.75,249.575,3.2,12,45.89777435
Low Fat,NCR41,Health and Hygiene,2011,OUT010,Tier 3,High,Grocery Store,0.017936715,19.6,90.1514,3.2,12,50.26081978
Low Fat,NCS17,Health and Hygiene,2011,OUT010,Tier 3,High,Grocery Store,0.080111611,7.235,197.545,3.2,12,24.65872269
Low Fat,NCS41,Health and Hygiene,2011,OUT010,Tier 3,High,Grocery Store,0.053185208,5.785,89.8856,3.2,12,16.90048857
Low Fat,NCT17,Health and Hygiene,2014,OUT013,Tier 3,High,Supermarket Type1,0.041663111,10.8,186.621,3.2,9,44.79286244
Low Fat,NCW41,Health and Hygiene,2014,OUT013,Tier 3,High,Supermarket Type1,0.015375557,11.85,97.2726,3.2,9,63.26443979
Low Fat,NCX05,Health and Hygiene,2014,OUT013,Tier 3,High,Supermarket Type1,0.096592065,15,125.736,3.2,9,13.01721834
Low Fat,NCT53,Health and Hygiene,2014,OUT013,Tier 3,High,Supermarket Type1,0.046559448,5.465,131.263,3.2,9,28.19255933
Low Fat,NCD30,Household,2014,OUT013,Tier 3,High,Supermarket Type1,0.026903714,13.35,230.635,3.2,9,85.72608228
Low Fat,NCR54,Household,2022,OUT018,Tier 3,Medium,Supermarket Type2,0.090486828,18,128.699,3.2,1,14.22295409
Low Fat,NCB07,Household,2022,OUT018,Tier 3,Medium,Supermarket Type2,0.077628053,17.7,167.647,3.2,1,21.59618766
Low Fat,NCJ30,Household,2022,OUT018,Tier 3,Medium,Supermarket Type2,0.080640478,15.1,142.579,3.2,1,17.68082277
Low Fat,NCE31,Household,2018,OUT027,Tier 3,Medium,Supermarket Type3,0.184689756,12.6,81.3618,3.2,5,4.405322838
Low Fat,NCL30,Household,2018,OUT027,Tier 3,Medium,Supermarket Type3,0.048931174,12.6,94.3436,3.2,5,19.28087808
Low Fat,NCZ42,Household,2018,OUT027,Tier 3,Medium,Supermarket Type3,0.011305479,12.6,255.799,3.2,5,226.2610899
Low Fat,NCM42,Household,2018,OUT027,Tier 3,Medium,Supermarket Type3,0.028365524,12.6,187.124,3.2,5,65.96881482
Low Fat,NCY42,Household,2018,OUT027,Tier 3,Medium,Supermarket Type3,0.015186146,12.6,88.9856,3.2,5,58.59656558
Low Fat,NCX54,Household,2018,OUT027,Tier 3,Medium,Supermarket Type3,0.048134591,12.6,223.84,3.2,5,46.50294006
Low Fat,NCI06,Household,2018,OUT027,Tier 3,Medium,Supermarket Type3,0.047791878,12.6,171.442,3.2,5,35.87262254
Low Fat,NCQ02,Household,2014,OUT013,Tier 3,High,Supermarket Type1,0.007468056,14,154.566,3.1,9,206.9695246
Low Fat,NCR38,Household,2018,OUT019,Tier 1,Small,Grocery Store,0.113694957,12.6,91.812,3.1,5,8.075292205
Low Fat,NCM30,Household,2016,OUT046,Tier 1,Small,Supermarket Type1,0.067400032,5,188.853,3.1,7,28.01971963
Low Fat,NCG07,Household,2014,OUT013,Tier 3,High,Supermarket Type1,0.091924311,9.285,158.658,3.1,9,17.2596344
Low Fat,NCI30,Household,2012,OUT049,Tier 1,Medium,Supermarket Type1,0.103188491,8.18,56.9588,3.1,11,5.51987915
Low Fat,NCR54,Household,2012,OUT049,Tier 1,Medium,Supermarket Type1,0.158562708,18.85,171.013,3.1,11,10.78519673
Low Fat,NCT06,Household,2012,OUT049,Tier 1,Medium,Supermarket Type1,0.067824456,19.75,188.187,3.1,11,27.74618642
Low Fat,NCR54,Household,2012,OUT049,Tier 1,Medium,Supermarket Type1,0.090562192,5.615,124.773,3.1,11,13.77760379
Low Fat,NCX06,Household,2012,OUT049,Tier 1,Medium,Supermarket Type1,0.015687045,16.75,191.616,3.1,11,122.1492002
Low Fat,NCO06,Household,2012,OUT049,Tier 1,Medium,Supermarket Type1,0.108030434,7.725,123.041,3.1,11,11.38947567
Low Fat,NCN54,Household,2012,OUT049,Tier 1,Medium,Supermarket Type1,0.021326471,9,170.047,3.1,11,79.73517981
Low Fat,NCT42,Household,2012,OUT049,Tier 1,Medium,Supermarket Type1,0.024937792,12.15,124.473,3.1,11,49.91340051
Low Fat,NCV18,Household,2012,OUT049,Tier 1,Medium,Supermarket Type1,0.105459307,17.2,166.618,3.1,11,15.79926938
Low Fat,NCH43,Household,2012,OUT049,Tier 1,Medium,Supermarket Type1,0.070712031,12.3,176.34,3.1,11,24.93776483
Low Fat,NCE18,Household,2012,OUT049,Tier 1,Medium,Supermarket Type1,0.021468792,17.6,94.641,3.1,11,44.08305786
Low Fat,NCC18,Household,2018,OUT019,Tier 1,Small,Grocery Store,0.177629525,12.6,119.312,3.1,5,6.716901371
Low Fat,NCJ42,Household,2018,OUT019,Tier 1,Small,Grocery Store,0.01433033,12.6,146.408,3.1,5,102.1665237
Low Fat,NCX42,Household,2016,OUT046,Tier 1,Small,Supermarket Type1,0.006012413,8.195,93.8462,3.1,7,156.0874145
Low Fat,NCT18,Household,2016,OUT046,Tier 1,Small,Supermarket Type1,0.059741172,6.135,152.837,3.1,7,25.58319412
Low Fat,NCI30,Household,2016,OUT046,Tier 1,Small,Supermarket Type1,0.059268885,19.1,145.742,3.1,7,24.58996824
Low Fat,NCE54,Household,2015,OUT045,Tier 2,Medium,Supermarket Type1,0.027052018,20.1,110.723,3.1,8,40.92966373
Low Fat,NCO14,Household,2015,OUT045,Tier 2,Medium,Supermarket Type1,0.029638267,15,123.841,3.1,8,41.78415695
Low Fat,NCU18,Household,2020,OUT017,Tier 2,Small,Supermarket Type1,0.055829496,10.5,171.111,3.1,3,30.64885271
Low Fat,NCI54,Household,2020,OUT017,Tier 2,High,Supermarket Type1,0.033592687,10.1,76.067,3.1,3,22.64391652
Low Fat,NCQ50,Household,2020,OUT017,Tier 2,High,Supermarket Type1,0.049016517,20.1,150.937,3.1,3,30.7930896
Low Fat,NCC18,Household,2020,OUT017,Tier 2,Medium,Supermarket Type1,0.177236497,18.2,60.0904,3.1,3,3.390407789
Low Fat,NCN06,Household,2015,OUT045,Tier 2,Medium,Supermarket Type1,0.20168772,9,150.902,3.1,8,7.481962709
Low Fat,NCF30,Household,2017,OUT035,Tier 2,Small,Supermarket Type1,0.211306673,5.985,125.268,3.1,6,5.928255754
Low Fat,NCN06,Household,2017,OUT035,Tier 2,Small,Supermarket Type1,0.120396991,9.3,192.985,3.1,6,16.02905508
Low Fat,NCF43,Household,2017,OUT035,Tier 2,Small,Supermarket Type1,0.05190268,5.51,96.7726,3.1,6,18.64501024
Low Fat,NCG07,Household,2017,OUT035,Tier 2,Small,Supermarket Type1,0.052458358,10.5,235.825,3.1,6,44.95470483
Low Fat,NCB55,Household,2017,OUT035,Tier 2,Small,Supermarket Type1,0.160529322,16.7,65.5168,3.1,6,4.081297995
Low Fat,NCN30,Household,2011,OUT010,Tier 3,Medium,Grocery Store,0.016979063,10.195,110.989,3.1,12,65.36815371
Low Fat,NCE06,Household,2011,OUT010,Tier 3,High,Grocery Store,0.091857904,16.75,100.267,3.1,12,10.9154461
Low Fat,NCP14,Household,2014,OUT013,Tier 3,High,Supermarket Type1,0.110739031,19.85,46.9376,3.1,9,4.238577815
Low Fat,NCH06,Household,2022,OUT018,Tier 3,Medium,Supermarket Type2,0.076866235,14.75,236.691,3.1,1,30.79258403
Low Fat,NCH55,Household,2022,OUT018,Tier 3,Medium,Supermarket Type2,0.034813556,14.8,193.779,3.1,1,55.66193813
Low Fat,NCN42,Household,2022,OUT018,Tier 3,Medium,Supermarket Type2,0.014280554,19.5,57.1614,3.1,1,40.02743871
Low Fat,NCE19,Household,2022,OUT018,Tier 3,Medium,Supermarket Type2,0.092564193,7.51,111.754,3.1,1,12.07313502
Low Fat,NCE55,Household,2022,OUT018,Tier 3,Medium,Supermarket Type2,0.12929931,9.6,258.062,3.1,1,19.95849785
Low Fat,NCG43,Household,2022,OUT018,Tier 3,Medium,Supermarket Type2,0.073879939,8.52,151.068,3.1,1,20.44777
Low Fat,NCH06,Household,2022,OUT018,Tier 3,Medium,Supermarket Type2,0.076183667,6.92,90.5804,3.1,1,11.88974009
Low Fat,NCM30,Household,2022,OUT018,Tier 3,Medium,Supermarket Type2,0.066969525,8.39,114.018,3.1,1,17.02535594
Low Fat,NCN42,Household,2018,OUT027,Tier 3,Medium,Supermarket Type3,0.014153743,12.6,98.141,3.1,5,69.33925535
Low Fat,NCU42,Household,2018,OUT027,Tier 3,Medium,Supermarket Type3,0.019412192,12.6,99.5042,3.1,5,51.25861108
Low Fat,NCP42,Household,2018,OUT027,Tier 3,Medium,Supermarket Type3,0.016176344,12.6,169.379,3.1,5,104.7078376
Low Fat,NCB31,Household,2018,OUT027,Tier 3,Medium,Supermarket Type3,0.118858866,12.6,141.984,3.1,5,11.94559605
Low Fat,NCM06,Household,2018,OUT027,Tier 3,Medium,Supermarket Type3,0.075713578,12.6,153.831,3.1,5,20.3174918
Low Fat,NCA29,Household,2018,OUT027,Tier 3,Medium,Supermarket Type3,0.027271252,12.6,222.011,3.1,5,81.40843699
Low Fat,NCP30,Household,2018,OUT019,Tier 1,Small,Grocery Store,0.032762495,12.6,196.879,3,5,60.09279818
Low Fat,NCV30,Household,2016,OUT046,Tier 1,Small,Supermarket Type1,0.066065799,8.39,114.018,3,7,17.25824886
Low Fat,NCW54,Household,2017,OUT035,Tier 2,Small,Supermarket Type1,0.096333029,8.6,190.153,3,6,19.7391281
Low Fat,NCP30,Household,2020,OUT017,Tier 2,Small,Supermarket Type1,0.032741422,16.6,173.074,3,3,52.86086841
Low Fat,NCB18,Household,2018,OUT019,Tier 1,Small,Grocery Store,0.041091215,12.6,152.134,3,5,37.02348543
Low Fat,NCE06,Household,2022,OUT018,Tier 3,Medium,Supermarket Type2,0.160178832,7.785,103.196,3,1,6.442549163
Low Fat,NCY18,Household,2015,OUT045,Tier 2,Small,Supermarket Type1,0.031151633,9.395,224.972,3,8,72.21836492
Low Fat,NCR38,Household,2015,OUT045,Tier 2,Small,Supermarket Type1,0.113518466,13.15,181.298,3,8,15.97079369
Low Fat,NCP42,Household,2018,OUT019,Tier 1,Small,Grocery Store,0.016143389,12.6,74.0354,3,5,45.86112619
Low Fat,NCL54,Household,2015,OUT045,Tier 2,Medium,Supermarket Type1,0.082921642,7.56,157.263,3,8,18.96525397
Low Fat,NCC07,Household,2018,OUT027,Tier 3,Medium,Supermarket Type3,0.023999722,12.6,84.925,3,5,35.38582655
Low Fat,NCJ18,Household,2020,OUT017,Tier 2,Medium,Supermarket Type1,0.163910938,18.75,211.722,3,3,12.91689271
Low Fat,NCE30,Household,2014,OUT013,Tier 3,High,Supermarket Type1,0.09911729,8.975,83.3224,3,9,8.406444526
Low Fat,NCY42,Household,2012,OUT049,Tier 1,Medium,Supermarket Type1,0.015149955,10.8,98.3042,3,11,64.88745346
Low Fat,NCP18,Household,2014,OUT013,Tier 3,High,Supermarket Type1,0.028760013,15.35,143.947,3,9,50.05109003
Low Fat,NCD06,Household,2015,OUT045,Tier 2,Medium,Supermarket Type1,0.099729888,13.65,55.8588,3,8,5.601008997
Low Fat,NCT54,Household,2017,OUT035,Tier 2,Small,Supermarket Type1,0.119721451,8.365,36.1506,3,6,3.019559126
Low Fat,NCS54,Household,2018,OUT027,Tier 3,Medium,Supermarket Type3,0.009984847,12.6,163.124,3,5,163.3715569
Low Fat,NCJ54,Household,2022,OUT018,Tier 3,Medium,Supermarket Type2,0.059776237,15.25,85.2198,3,1,14.25646783
Low Fat,NCS54,Household,2018,OUT027,Tier 3,Medium,Supermarket Type3,0.010008699,12.6,177.637,3,5,177.4826079
Low Fat,NCY18,Household,2020,OUT017,Tier 2,Medium,Supermarket Type1,0.031201465,7,105.728,3,3,33.88558839
Low Fat,NCP42,Household,2022,OUT018,Tier 3,Medium,Supermarket Type2,0.016135764,10.195,110.689,3,1,68.59854916
Low Fat,NCP18,Household,2012,OUT049,Tier 1,Medium,Supermarket Type1,0.028642712,5.94,177.334,3,11,61.91243343
Low Fat,NCB18,Household,2012,OUT049,Tier 1,Medium,Supermarket Type1,0.041355366,13.8,263.788,3,11,63.78567657
Low Fat,NCG43,Household,2012,OUT049,Tier 1,Medium,Supermarket Type1,0.129983688,16.1,145.076,3,11,11.16109277
Low Fat,NCO30,Household,2012,OUT049,Tier 1,Medium,Supermarket Type1,0.027532258,10,138.118,3,11,50.16588178
Low Fat,NCQ06,Household,2012,OUT049,Tier 1,Medium,Supermarket Type1,0.073229342,15.35,38.419,3,11,5.246394266
Low Fat,NCV06,Household,2012,OUT049,Tier 1,Medium,Supermarket Type1,0.116750407,6.65,126.768,3,11,10.85803495
Low Fat,NCZ54,Household,2012,OUT049,Tier 1,Medium,Supermarket Type1,0.145951533,7.02,147.373,3,11,10.09739308
Low Fat,NCC19,Household,2012,OUT049,Tier 1,Medium,Supermarket Type1,0.096880574,15,140.884,3,11,14.5420278
Low Fat,NCJ43,Household,2012,OUT049,Tier 1,Medium,Supermarket Type1,0.027069402,19,210.824,3,11,77.88276963
Low Fat,NCE19,Household,2012,OUT049,Tier 1,Medium,Supermarket Type1,0.09301462,12.65,51.8324,3,11,5.572500323
Low Fat,NCO18,Household,2012,OUT049,Tier 1,Medium,Supermarket Type1,0.024651269,7.31,108.057,3,11,43.83425454
Low Fat,NCG43,Household,2012,OUT049,Tier 1,Medium,Supermarket Type1,0.049016517,7.22,62.351,3,11,12.72040606
Low Fat,NCF55,Household,2012,OUT049,Tier 1,Medium,Supermarket Type1,0.021710275,19.7,194.411,3,11,89.54792143
Low Fat,NCJ30,Household,2012,OUT049,Tier 1,Medium,Supermarket Type1,0.081096613,11.8,113.883,3,11,14.04287994
Low Fat,NCV54,Household,2012,OUT049,Tier 1,Medium,Supermarket Type1,0.033176087,10.195,196.179,3,11,59.13265178
Low Fat,NCQ06,Household,2012,OUT049,Tier 1,Medium,Supermarket Type1,0.041909345,9.195,106.76,3,11,25.4740321
Low Fat,NCB55,Household,2012,OUT049,Tier 1,Medium,Supermarket Type1,0.16098885,12.15,183.695,3,11,11.41041755
Low Fat,NCN54,Household,2012,OUT049,Tier 1,Medium,Supermarket Type1,0.021369722,10.5,164.384,3,11,76.92378965
Low Fat,NCD19,Household,2012,OUT049,Tier 1,Medium,Supermarket Type1,0.013253936,15.6,112.152,3,11,84.61788257
Low Fat,NCG55,Household,2012,OUT049,Tier 1,Medium,Supermarket Type1,0.049016517,19.35,113.952,3,11,23.24767384
Low Fat,NCO54,Household,2018,OUT019,Tier 1,Small,Grocery Store,0.014355033,12.6,125.436,3,5,87.38119933
Low Fat,NCJ30,Household,2018,OUT019,Tier 1,Small,Grocery Store,0.08062523,12.6,98.5358,3,5,12.22145971
Low Fat,NCN54,Household,2018,OUT019,Tier 1,Small,Grocery Store,0.021322439,12.6,82.9908,3,5,38.92181378
Low Fat,NCD54,Household,2018,OUT019,Tier 1,Small,Grocery Store,0.029003459,12.6,50.5324,3,5,17.42288739
Low Fat,NCS30,Household,2018,OUT019,Tier 1,Small,Grocery Store,0.155706798,12.6,241.385,3,5,15.50253445
Low Fat,NCA42,Household,2018,OUT019,Tier 1,Small,Grocery Store,0.047784475,12.6,180.4,3,5,37.75284755
Low Fat,NCH55,Household,2018,OUT019,Tier 1,Small,Grocery Store,0.058034349,12.6,45.2718,3,5,7.800862899
Low Fat,NCJ30,Household,2018,OUT019,Tier 1,Small,Grocery Store,0.049016517,12.6,193.148,3,5,39.40467659
Low Fat,NCI06,Household,2018,OUT019,Tier 1,Small,Grocery Store,0.04767798,12.6,75.967,3,5,15.9333512
Low Fat,NCS38,Household,2016,OUT046,Tier 1,Small,Supermarket Type1,0.090558833,6.13,62.4536,3,7,6.896466963
Low Fat,NCA06,Household,2016,OUT046,Tier 1,Small,Supermarket Type1,0.142589751,7.02,82.925,3,7,5.815635375
Low Fat,NCE06,Household,2016,OUT046,Tier 1,Small,Supermarket Type1,0.091042211,8.775,41.9428,3,7,4.606961929
Low Fat,NCG07,Household,2016,OUT046,Tier 1,Small,Supermarket Type1,0.052247806,7.72,118.244,3,7,22.63138092
Low Fat,NCH54,Household,2016,OUT046,Tier 1,Small,Supermarket Type1,0.072317217,13.5,180.598,3,7,24.97302959
Low Fat,NCT18,Household,2016,OUT046,Tier 1,Small,Supermarket Type1,0.05911748,4.61,173.84,3,7,29.40585424
Low Fat,NCZ06,Household,2016,OUT046,Tier 1,Small,Supermarket Type1,0.09370568,11.65,40.6164,3,7,4.334465104
Low Fat,NCD19,Household,2016,OUT046,Tier 1,Small,Supermarket Type1,0.049016517,15.25,132.097,3,7,26.94948725
Low Fat,NCK54,Household,2016,OUT046,Tier 1,Small,Supermarket Type1,0.049016517,6.71,65.8142,3,7,13.42694341
Low Fat,NCJ30,Household,2016,OUT046,Tier 1,Small,Supermarket Type1,0.080968973,11,218.48,3,7,26.98317539
Low Fat,NCE31,Household,2016,OUT046,Tier 1,Small,Supermarket Type1,0.184843579,8.05,112.152,3,7,6.067400372
Low Fat,NCC18,Household,2016,OUT046,Tier 1,Small,Supermarket Type1,0.177545624,10.695,121.144,3,7,6.823260257
Low Fat,NCB30,Household,2016,OUT046,Tier 1,Small,Supermarket Type1,0.025742955,7.75,35.2558,3,7,13.69531975
Low Fat,NCI18,Household,2016,OUT046,Tier 1,Small,Supermarket Type1,0.014045832,13.5,147.61,3,7,105.0916742
Low Fat,NCP06,Household,2016,OUT046,Tier 1,Small,Supermarket Type1,0.039306822,5.19,102.599,3,7,26.10208477
Low Fat,NCB19,Household,2016,OUT046,Tier 1,Small,Supermarket Type1,0.158096128,11.35,101.502,3,7,6.42027109
Low Fat,NCM30,Household,2016,OUT046,Tier 1,Small,Supermarket Type1,0.067295406,17.6,35.019,3,7,5.203772751
Low Fat,NCD43,Household,2015,OUT045,Tier 2,Medium,Supermarket Type1,0.016052446,8.88,209.627,3,8,130.5888212
Low Fat,NCT06,Household,2020,OUT017,Tier 2,Medium,Supermarket Type1,0.038816115,10.3,154.463,3,3,39.7935239
Low Fat,NCI18,Household,2015,OUT045,Tier 2,Medium,Supermarket Type1,0.014052469,5.19,197.811,3,8,140.7660106
Low Fat,NCB43,Household,2015,OUT045,Tier 2,Medium,Supermarket Type1,0.100114941,16.35,53.2324,3,8,5.317128439
Low Fat,NCP06,Household,2015,OUT045,Tier 2,Small,Supermarket Type1,0.039467795,8.235,183.795,3,8,46.56834769
Low Fat,NCP06,Household,2015,OUT045,Tier 2,Small,Supermarket Type1,0.039238384,5.945,129.165,3,8,32.91802231
Low Fat,NCH43,Household,2015,OUT045,Tier 2,Small,Supermarket Type1,0.070555571,17.1,114.586,3,8,16.24053188
Low Fat,NCF06,Household,2015,OUT045,Tier 2,Small,Supermarket Type1,0.033807904,7.97,105.96,3,8,31.34178327
Low Fat,NCV42,Household,2015,OUT045,Tier 2,Small,Supermarket Type1,0.052593952,7.235,115.183,3,8,21.90042688
Low Fat,NCU54,Household,2015,OUT045,Tier 2,Small,Supermarket Type1,0.165073642,9.6,244.917,3,8,14.83683264
Low Fat,NCK18,Household,2015,OUT045,Tier 2,Small,Supermarket Type1,0.011211251,17.5,252.636,3,8,225.3414895
Low Fat,NCC30,Household,2020,OUT017,Tier 2,Small,Supermarket Type1,0.046161923,5.94,176.434,3,3,38.22067811
Low Fat,NCF42,Household,2020,OUT017,Tier 2,Small,Supermarket Type1,0.280164929,12.85,40.0164,3,3,1.428315819
Low Fat,NCC19,Household,2020,OUT017,Tier 2,Small,Supermarket Type1,0.096799953,18.7,111.189,3,3,11.48647252
Low Fat,NCV54,Household,2020,OUT017,Tier 2,Small,Supermarket Type1,0.033081389,18.35,193.416,3,3,58.46671069
Low Fat,NCF19,Household,2020,OUT017,Tier 2,High,Supermarket Type1,0.035079516,16.7,246.378,3,3,70.23415032
Low Fat,NCE30,Household,2020,OUT017,Tier 2,High,Supermarket Type1,0.099053537,18.25,123.805,3,3,12.49879648
Low Fat,NCG19,Household,2020,OUT017,Tier 2,High,Supermarket Type1,0.14781046,15.85,58.3904,3,3,3.950356423
Low Fat,NCH42,Household,2015,OUT045,Tier 2,High,Supermarket Type1,0.036686158,17.75,187.624,3,8,51.14299513
Low Fat,NCE42,Household,2015,OUT045,Tier 2,High,Supermarket Type1,0.01055095,20.25,196.779,3,8,186.503585
Low Fat,NCI42,Household,2015,OUT045,Tier 2,High,Supermarket Type1,0.01031535,12.65,191.385,3,8,185.5341796
Low Fat,NCQ54,Household,2015,OUT045,Tier 2,High,Supermarket Type1,0.012481638,5.82,255.333,3,8,204.5669006
Low Fat,NCQ54,Household,2015,OUT045,Tier 2,High,Supermarket Type1,0.012540003,7.17,129.497,3,8,103.2671204
Low Fat,NCA54,Household,2015,OUT045,Tier 2,High,Supermarket Type1,0.036715907,13.5,145.41,3,8,39.60408768
Low Fat,NCE19,Household,2015,OUT045,Tier 2,High,Supermarket Type1,0.093203257,14.5,168.645,3,8,18.09432475
Low Fat,NCO54,Household,2015,OUT045,Tier 2,High,Supermarket Type1,0.014205168,5.59,62.9168,3,8,44.29148603
Low Fat,NCX42,Household,2015,OUT045,Tier 2,High,Supermarket Type1,0.00599072,9.285,161.058,3,8,268.8458149
Low Fat,NCD19,Household,2020,OUT017,Tier 2,High,Supermarket Type1,0.022059594,4.615,234.33,3,3,106.2258897
Low Fat,NCF42,Household,2020,OUT017,Tier 2,High,Supermarket Type1,0.167383061,12.5,88.6198,3,3,5.2944306
Low Fat,NCI43,Household,2020,OUT017,Tier 2,High,Supermarket Type1,0.025963795,12.6,255.536,3,3,98.42012695
Low Fat,NCK54,Household,2020,OUT017,Tier 2,High,Supermarket Type1,0.029380407,8.84,112.023,3,3,38.12847113
Low Fat,NCZ30,Household,2020,OUT017,Tier 2,Medium,Supermarket Type1,0.026225693,20.1,226.604,3,3,86.40534304
Low Fat,NCE31,Household,2020,OUT017,Tier 2,Medium,Supermarket Type1,0.185130961,9.8,120.81,3,3,6.52565078
Low Fat,NCY54,Household,2020,OUT017,Tier 2,Medium,Supermarket Type1,0.177971115,16.75,37.4822,3,3,2.106083338
Low Fat,NCE19,Household,2017,OUT035,Tier 2,Small,Supermarket Type1,0.093159233,5.655,146.91,3,6,15.76977346
Low Fat,NCO54,Household,2017,OUT035,Tier 2,Small,Supermarket Type1,0.014296484,15.15,152.371,3,6,106.579352
Low Fat,NCA06,Household,2017,OUT035,Tier 2,Small,Supermarket Type1,0.143506376,4.635,126.499,3,6,8.814869661
Low Fat,NCB30,Household,2017,OUT035,Tier 2,Small,Supermarket Type1,0.045002624,19.5,156.131,3,6,34.69375475
Low Fat,NCE54,Household,2017,OUT035,Tier 2,Small,Supermarket Type1,0.047098175,8.93,152.334,3,6,32.3439284
Low Fat,NCU06,Household,2017,OUT035,Tier 2,Small,Supermarket Type1,0.13027716,19.85,89.4856,3,6,6.868863276
Low Fat,NCJ54,Household,2017,OUT035,Tier 2,Small,Supermarket Type1,0.060067115,8.325,39.3138,3,6,6.544978896
Low Fat,NCY30,Household,2017,OUT035,Tier 2,Small,Supermarket Type1,0.025953257,16.35,49.9324,3,6,19.2393579
Low Fat,NCT42,Household,2017,OUT035,Tier 2,Small,Supermarket Type1,0.02488732,8.01,34.9532,3,6,14.04458174
Low Fat,NCV54,Household,2017,OUT035,Tier 2,Small,Supermarket Type1,0.049016517,9,99.6016,3,6,20.32000764
Low Fat,NCR06,Household,2017,OUT035,Tier 2,Small,Supermarket Type1,0.006765149,15.6,123.77,3,6,182.9523637
Low Fat,NCC07,Household,2017,OUT035,Tier 2,Small,Supermarket Type1,0.023951149,16,141.15,3,6,58.93245456
Low Fat,NCV30,Household,2017,OUT035,Tier 2,Small,Supermarket Type1,0.065932087,18.25,259.696,3,6,39.38840886
Low Fat,NCN42,Household,2017,OUT035,Tier 2,Small,Supermarket Type1,0.014222617,15.2,95.3752,3,6,67.05882609
Low Fat,NCB18,Household,2017,OUT035,Tier 2,Small,Supermarket Type1,0.041374909,13,61.922,3,6,14.96607521
Low Fat,NCJ30,Household,2017,OUT035,Tier 2,Small,Supermarket Type1,0.080804019,7.855,218.448,3,6,27.03429888
Low Fat,NCG54,Household,2017,OUT035,Tier 2,Small,Supermarket Type1,0.079968115,10.195,139.084,3,6,17.39243197
Low Fat,NCY06,Household,2017,OUT035,Tier 2,Small,Supermarket Type1,0.061308889,15.15,147.376,3,6,24.03827608
Low Fat,NCU42,Household,2017,OUT035,Tier 2,Small,Supermarket Type1,0.019616991,16.7,115.118,3,6,58.68280207
Low Fat,NCZ42,Household,2017,OUT035,Tier 2,Small,Supermarket Type1,0.011351778,11,240.451,3,6,211.8179196
Low Fat,NCV06,Household,2017,OUT035,Tier 2,Small,Supermarket Type1,0.06705851,17.25,63.4194,3,6,9.457323165
Low Fat,NCM30,Household,2017,OUT035,Tier 2,Small,Supermarket Type1,0.067676056,19.35,120.31,3,6,17.7773362
Low Fat,NCV18,Household,2017,OUT035,Tier 2,Small,Supermarket Type1,0.105225964,9.5,187.79,3,6,17.84635587
Low Fat,NCS06,Household,2017,OUT035,Tier 2,Small,Supermarket Type1,0.031730739,8.355,93.0462,3,6,29.32367885
Low Fat,NCN18,Household,2017,OUT035,Tier 2,Small,Supermarket Type1,0.049016517,19.1,147.642,3,6,30.12086722
Low Fat,NCU42,Household,2011,OUT010,Tier 3,Medium,Grocery Store,0.019502965,7.5,177.403,3,12,90.96206654
Low Fat,NCN30,Household,2011,OUT010,Tier 3,Medium,Grocery Store,0.016989991,6.44,98.17,3,12,57.78107828
Low Fat,NCL18,Household,2011,OUT010,Tier 3,High,Grocery Store,0.167552202,7.97,172.142,3,12,10.27393242
Low Fat,NCP02,Household,2011,OUT010,Tier 3,High,Grocery Store,0.075000682,10.895,146.21,3,12,19.4944894
Low Fat,NCT30,Household,2014,OUT013,Tier 3,High,Supermarket Type1,0.134393836,11.3,245.412,3,9,18.26065892
Low Fat,NCR42,Household,2014,OUT013,Tier 3,High,Supermarket Type1,0.064410783,7,107.028,3,9,16.61647243
Low Fat,NCE43,Household,2014,OUT013,Tier 3,High,Supermarket Type1,0.17314115,5.44,241.254,3,9,13.93394927
Low Fat,NCD55,Household,2014,OUT013,Tier 3,High,Supermarket Type1,0.040725405,10,245.414,3,9,60.2606653
Low Fat,NCZ30,Household,2014,OUT013,Tier 3,High,Supermarket Type1,0.026163192,9.13,150.202,3,9,57.40966163
Low Fat,NCA29,Household,2014,OUT013,Tier 3,High,Supermarket Type1,0.027253711,19,129.834,3,9,47.63901694
Low Fat,NCN26,Household,2014,OUT013,Tier 3,High,Supermarket Type1,0.049016517,20.2,187.19,3,9,38.18916795
Low Fat,NCJ18,Household,2014,OUT013,Tier 3,High,Supermarket Type1,0.163805509,8.8,209.161,3,9,12.76886237
Low Fat,NCS18,Household,2014,OUT013,Tier 3,High,Supermarket Type1,0.042175992,13.15,182.595,3,9,43.2935875
Low Fat,NCG06,Household,2014,OUT013,Tier 3,High,Supermarket Type1,0.029420857,10.3,80.096,3,9,27.22422396
Low Fat,NCX30,Household,2014,OUT013,Tier 3,High,Supermarket Type1,0.026598474,16,88.9856,3,9,33.45515235
Low Fat,NCT06,Household,2014,OUT013,Tier 3,High,Supermarket Type1,0.038705317,7.21,100.533,3,9,25.97395081
Low Fat,NCF18,Household,2014,OUT013,Tier 3,High,Supermarket Type1,0.088908547,11.5,106.925,3,9,12.02640282
Low Fat,NCB18,Household,2014,OUT013,Tier 3,High,Supermarket Type1,0.041256807,17.25,95.2068,3,9,23.0766283
Low Fat,NCJ06,Household,2022,OUT018,Tier 3,Medium,Supermarket Type2,0.034623782,8.905,60.2878,3,1,17.4122515
Low Fat,NCA06,Household,2022,OUT018,Tier 3,Medium,Supermarket Type2,0.143164371,15.2,114.449,3,1,7.994237617
Low Fat,NCE42,Household,2022,OUT018,Tier 3,Medium,Supermarket Type2,0.010593469,12.5,124.902,3,1,117.9047204
Low Fat,NCT42,Household,2022,OUT018,Tier 3,Medium,Supermarket Type2,0.0249887,12.5,198.374,3,1,79.38548224
Low Fat,NCT30,Household,2022,OUT018,Tier 3,Medium,Supermarket Type2,0.080619969,8.89,102.802,3,1,12.75143135
Low Fat,NCI06,Household,2022,OUT018,Tier 3,Medium,Supermarket Type2,0.047912071,19.35,119.31,3,1,24.90186659
Low Fat,NCK30,Household,2022,OUT018,Tier 3,Medium,Supermarket Type2,0.061226969,4.61,175.24,3,1,28.62137435
Low Fat,NCW06,Household,2022,OUT018,Tier 3,Medium,Supermarket Type2,0.050545502,8.895,233.862,3,1,46.26761843
Low Fat,NCI42,Household,2022,OUT018,Tier 3,Medium,Supermarket Type2,0.01040777,11.15,164.353,3,1,157.913751
Low Fat,NCV30,Household,2022,OUT018,Tier 3,Medium,Supermarket Type2,0.066200667,11.5,132.963,3,1,20.08484295
Low Fat,NCP06,Household,2022,OUT018,Tier 3,Medium,Supermarket Type2,0.039405676,19.85,126.17,3,1,32.01823006
Low Fat,NCR50,Household,2022,OUT018,Tier 3,Medium,Supermarket Type2,0.011762847,7.935,261.291,3,1,222.132448
Low Fat,NCC18,Household,2022,OUT018,Tier 3,Medium,Supermarket Type2,0.176411579,17.35,176.271,3,1,9.992031192
Low Fat,NCH55,Household,2022,OUT018,Tier 3,Medium,Supermarket Type2,0.034504414,12.3,116.483,3,1,33.75886923
Low Fat,NCL54,Household,2022,OUT018,Tier 3,Medium,Supermarket Type2,0.082353076,18.25,142.015,3,1,17.24465034
Low Fat,NCO14,Household,2022,OUT018,Tier 3,Medium,Supermarket Type2,0.029500321,14.3,98.1726,3,1,33.27848534
Low Fat,NCX54,Household,2022,OUT018,Tier 3,Medium,Supermarket Type2,0.047827139,6.825,155.202,3,1,32.45061345
Low Fat,NCX54,Household,2022,OUT018,Tier 3,Medium,Supermarket Type2,0.048331717,10.5,48.2376,3,1,9.980526866
Low Fat,NCJ42,Household,2022,OUT018,Tier 3,Medium,Supermarket Type2,0.014301326,18.7,229.501,3,1,160.4753294
Low Fat,NCZ06,Household,2022,OUT018,Tier 3,Medium,Supermarket Type2,0.164864915,12.6,122.007,3,1,7.40042234
Low Fat,NCO54,Household,2022,OUT018,Tier 3,Medium,Supermarket Type2,0.01430324,12.65,238.854,3,1,166.9929331
Low Fat,NCK42,Household,2022,OUT018,Tier 3,Medium,Supermarket Type2,0.013120028,17.7,80.9276,3,1,61.68249031
Low Fat,NCR30,Household,2022,OUT018,Tier 3,Medium,Supermarket Type2,0.071282168,6.155,213.456,3,1,29.94521715
Low Fat,NCO18,Household,2022,OUT018,Tier 3,Medium,Supermarket Type2,0.024701262,7.42,188.987,3,1,76.50904638
Low Fat,NCD19,Household,2022,OUT018,Tier 3,Medium,Supermarket Type2,0.049016517,8.645,94.741,3,1,19.32838272
Low Fat,NCV54,Household,2018,OUT027,Tier 3,Medium,Supermarket Type3,0.033160417,12.6,154.7,3,5,46.65200682
Low Fat,NCG42,Household,2018,OUT027,Tier 3,Medium,Supermarket Type3,0.041291929,12.6,93.3462,3,5,22.6064033
Low Fat,NCD54,Household,2018,OUT027,Tier 3,Medium,Supermarket Type3,0.029054046,12.6,200.074,3,5,68.86269816
Low Fat,NCG30,Household,2018,OUT027,Tier 3,Medium,Supermarket Type3,0.196659953,12.6,167.713,3,5,8.528070786
Low Fat,NCN30,Household,2018,OUT027,Tier 3,Medium,Supermarket Type3,0.016993204,12.6,174.042,3,5,102.4185904
Low Fat,NCB31,Household,2018,OUT027,Tier 3,Medium,Supermarket Type3,0.118674359,12.6,210.059,3,5,17.70045373
Low Fat,NCE07,Household,2018,OUT027,Tier 3,Medium,Supermarket Type3,0.013130031,12.6,145.144,3,5,110.5435318
Low Fat,NCD19,Household,2018,OUT027,Tier 3,Medium,Supermarket Type3,0.013179388,12.6,46.206,3,5,35.05929107
Low Fat,NCP18,Household,2018,OUT027,Tier 3,Medium,Supermarket Type3,0.02859825,12.6,98.1726,3,5,34.32818442
Low Fat,NCG06,Household,2018,OUT027,Tier 3,Medium,Supermarket Type3,0.029445361,12.6,124.605,3,5,42.31736198
Low Fat,NCC30,Household,2018,OUT027,Tier 3,Medium,Supermarket Type3,0.027579198,12.6,59.6562,3,5,21.63086831
Low Fat,NCI30,Household,2018,OUT027,Tier 3,Medium,Supermarket Type3,0.058935522,12.6,188.353,3,5,31.95916378
Low Fat,NCM06,Household,2018,OUT027,Tier 3,Medium,Supermarket Type3,0.075881475,12.6,240.156,3,5,31.64883129
Low Fat,NCO26,Household,2018,OUT027,Tier 3,Medium,Supermarket Type3,0.077011493,12.6,164.853,3,5,21.40628542
Low Fat,NCR42,Household,2018,OUT027,Tier 3,Medium,Supermarket Type3,0.038559926,12.6,156.263,3,5,40.5247147
Low Fat,NCF42,Household,2018,OUT027,Tier 3,Medium,Supermarket Type3,0.167722519,12.6,95.0752,3,5,5.668600768
Low Fat,NCO26,Household,2018,OUT027,Tier 3,Medium,Supermarket Type3,0.077290355,12.6,103.165,3,5,13.34771978
Low Fat,NCE31,Household,2018,OUT027,Tier 3,Medium,Supermarket Type3,0.185889129,12.6,57.2562,3,5,3.080126326
Low Fat,NCQ30,Household,2018,OUT027,Tier 3,Medium,Supermarket Type3,0.029236727,12.6,65.7168,3,5,22.47748183
Low Fat,NCR42,Household,2018,OUT027,Tier 3,Medium,Supermarket Type3,0.038699553,12.6,172.042,3,5,44.45581064
Low Fat,NCI18,Household,2018,OUT027,Tier 3,Medium,Supermarket Type3,0.014103354,12.6,143.715,3,5,101.9012924
Low Fat,NCJ42,Household,2018,OUT027,Tier 3,Medium,Supermarket Type3,0.01438222,12.6,181.166,3,5,125.9652543
Low Fat,NCF30,Household,2018,OUT027,Tier 3,Medium,Supermarket Type3,0.126220187,12.6,156.595,3,5,12.40649406
Low Fat,NCO06,Household,2011,OUT010,Tier 3,Small,Grocery Store,0.108010006,19.25,55.7956,2.9,12,5.165780659
Low Fat,NCO42,Household,2014,OUT013,Tier 3,High,Supermarket Type1,0.024650932,11.8,186.392,2.9,9,75.61255696
Low Fat,NCF43,Household,2012,OUT049,Tier 1,Medium,Supermarket Type1,0.051936086,5.785,87.3856,2.9,11,16.82560369
Low Fat,NCC55,Household,2012,OUT049,Tier 1,Medium,Supermarket Type1,0.06375108,16,155.297,2.9,11,24.35990104
Low Fat,NCG07,Household,2018,OUT019,Tier 1,Small,Grocery Store,0.052492122,12.6,266.588,2.9,5,50.78628751
Low Fat,NCK30,Household,2018,OUT019,Tier 1,Small,Grocery Store,0.060967038,12.6,261.291,2.9,5,42.85774881
Low Fat,NCC07,Household,2016,OUT046,Tier 1,Small,Supermarket Type1,0.02394662,16,143.215,2.9,7,59.80593503
Low Fat,NCJ06,Household,2016,OUT046,Tier 1,Small,Supermarket Type1,0.034646067,12.1,146.944,2.9,7,42.41289495
Low Fat,NCM06,Household,2016,OUT046,Tier 1,Small,Supermarket Type1,0.126752975,15.2,36.0848,2.9,7,2.846860202
Low Fat,NCE07,Household,2015,OUT045,Tier 2,Medium,Supermarket Type1,0.02197698,9.695,176.934,2.9,8,80.50878692
Low Fat,NCB30,Household,2015,OUT045,Tier 2,Small,Supermarket Type1,0.043021542,8.6,114.318,2.9,8,26.57226931
Low Fat,NCK30,Household,2015,OUT045,Tier 2,Small,Supermarket Type1,0.102065622,16.2,153.797,2.9,8,15.06844293
Low Fat,NCG18,Household,2020,OUT017,Tier 2,High,Supermarket Type1,0.038460297,5.46,143.879,2.9,3,37.40974751
Low Fat,NCC18,Household,2020,OUT017,Tier 2,Medium,Supermarket Type1,0.296713665,20.2,95.3752,2.9,3,3.214385155
Low Fat,NCQ50,Household,2017,OUT035,Tier 2,Small,Supermarket Type1,0.034278798,7.575,198.177,2.9,6,57.81328739
Low Fat,NCF42,Household,2017,OUT035,Tier 2,Small,Supermarket Type1,0.167243769,19,186.521,2.9,6,11.1526427
Low Fat,NCM54,Household,2014,OUT013,Tier 3,High,Supermarket Type1,0.05089667,19.7,174.437,2.9,9,34.27277266
Low Fat,NCO06,Household,2014,OUT013,Tier 3,High,Supermarket Type1,0.107940533,16,143.415,2.9,9,13.28648247
Low Fat,NCR30,Household,2014,OUT013,Tier 3,High,Supermarket Type1,0.070933894,18.35,106.194,2.9,9,14.97084032
Low Fat,NCP18,Household,2014,OUT013,Tier 3,High,Supermarket Type1,0.028714747,10.895,147.71,2.9,9,51.44046716
Low Fat,NCG07,Household,2022,OUT018,Tier 3,Medium,Supermarket Type2,0.05271592,13,48.0034,2.9,1,9.106053731
Low Fat,NCA06,Household,2022,OUT018,Tier 3,Medium,Supermarket Type2,0.049016517,6.985,184.761,2.9,1,37.6936207
Low Fat,NCE42,Household,2018,OUT027,Tier 3,Medium,Supermarket Type3,0.049016517,12.6,93.8094,2.9,5,19.13832433
Low Fat,NCE54,Household,2018,OUT027,Tier 3,Medium,Supermarket Type3,0.026769592,12.6,252.572,2.9,5,94.35033601
Low Fat,NCI18,Household,2020,OUT017,Tier 2,Small,Supermarket Type1,0.013956116,15.85,42.7112,2.8,3,30.60393021
Low Fat,NCN18,Household,2020,OUT017,Tier 2,Small,Supermarket Type1,0.124110734,15,62.6168,2.8,3,5.045236458
Low Fat,NCF18,Household,2016,OUT046,Tier 1,Small,Supermarket Type1,0.089163056,14,180.763,2.8,7,20.27330692
Low Fat,NCZ42,Household,2022,OUT018,Tier 3,Medium,Supermarket Type2,0.049016517,9.8,46.506,2.8,1,9.487822238
Low Fat,NCO30,Household,2018,OUT027,Tier 3,Medium,Supermarket Type3,0.015756784,12.6,195.843,2.8,5,124.2912259
Low Fat,NCQ02,Household,2022,OUT018,Tier 3,Medium,Supermarket Type2,0.007450258,7.235,115.283,2.8,1,154.7369232
Low Fat,NCO06,Household,2014,OUT013,Tier 3,High,Supermarket Type1,0.108470504,12.3,57.3562,2.8,9,5.287723195
Low Fat,NCF43,Household,2015,OUT045,Tier 2,Medium,Supermarket Type1,0.049016517,17.7,48.1034,2.8,8,9.813712386
Low Fat,NCH18,Household,2018,OUT019,Tier 1,Small,Grocery Store,0.044730667,12.6,85.6198,2.8,5,19.14118562
Low Fat,NCW18,Household,2012,OUT049,Tier 1,Medium,Supermarket Type1,0.059417055,10.1,50.6008,2.8,11,8.516208015
Low Fat,NCH07,Household,2012,OUT049,Tier 1,Medium,Supermarket Type1,0.162248011,7.42,249.009,2.8,11,15.34743005
Low Fat,NCM54,Household,2012,OUT049,Tier 1,Medium,Supermarket Type1,0.08918772,10.5,159.358,2.8,11,17.86770645
Low Fat,NCQ42,Household,2012,OUT049,Tier 1,Medium,Supermarket Type1,0.068753558,19.35,78.2644,2.8,11,11.38332361
Low Fat,NCW42,Household,2018,OUT019,Tier 1,Small,Grocery Store,0.102371638,12.6,89.7514,2.8,5,8.767213435
Low Fat,NCO54,Household,2016,OUT046,Tier 1,Small,Supermarket Type1,0.014274292,10.8,189.721,2.8,7,132.9109703
Low Fat,NCX42,Household,2016,OUT046,Tier 1,Small,Supermarket Type1,0.005978595,9.395,235.893,2.8,7,394.5626021
Low Fat,NCY54,Household,2015,OUT045,Tier 2,Small,Supermarket Type1,0.177694846,11.6,141.615,2.8,8,7.969561481
Low Fat,NCF07,Household,2020,OUT017,Tier 2,Small,Supermarket Type1,0.032022535,12.85,46.106,2.8,3,14.39798567
Low Fat,NCD07,Household,2020,OUT017,Tier 2,Small,Supermarket Type1,0.049016517,16,44.5086,2.8,3,9.080326944
Low Fat,NCF31,Household,2015,OUT045,Tier 2,High,Supermarket Type1,0.051847425,18.2,239.22,2.8,8,46.13922485
Low Fat,NCQ06,Household,2020,OUT017,Tier 2,Medium,Supermarket Type1,0.041824524,12.6,122.007,2.8,3,29.17116283
Low Fat,NCI54,Household,2017,OUT035,Tier 2,Small,Supermarket Type1,0.033599041,11.65,152.602,2.8,6,45.41855823
Low Fat,NCR18,Household,2017,OUT035,Tier 2,Small,Supermarket Type1,0.020487625,11.35,52.4008,2.8,6,25.57680551
Low Fat,NCA54,Household,2017,OUT035,Tier 2,Small,Supermarket Type1,0.036641597,6.615,250.641,2.8,6,68.40340502
Low Fat,NCA30,Household,2017,OUT035,Tier 2,Small,Supermarket Type1,0.049016517,17.5,144.21,2.8,6,29.42069507
Low Fat,NCM18,Household,2017,OUT035,Tier 2,Small,Supermarket Type1,0.083009876,10.195,115.581,2.8,6,13.92376493
Low Fat,NCE07,Household,2011,OUT010,Tier 3,High,Grocery Store,0.049016517,8.6,130.231,2.8,12,26.56879925
Low Fat,NCU42,Household,2011,OUT010,Tier 3,High,Grocery Store,0.019546214,8.63,114.752,2.8,12,58.70804443
Low Fat,NCN26,Household,2014,OUT013,Tier 3,High,Supermarket Type1,0.028738058,16.5,93.112,2.8,9,32.40024082
Low Fat,NCN42,Household,2014,OUT013,Tier 3,High,Supermarket Type1,0.014251461,9.1,115.052,2.8,9,80.72996867
Low Fat,NCF43,Household,2014,OUT013,Tier 3,High,Supermarket Type1,0.052239735,10.5,185.624,2.8,9,35.53310521
Low Fat,NCO14,Household,2014,OUT013,Tier 3,High,Supermarket Type1,0.02981155,17.75,240.754,2.8,9,80.75863214
Low Fat,NCE43,Household,2014,OUT013,Tier 3,High,Supermarket Type1,0.10402738,11.6,83.2276,2.8,9,8.000547548
Low Fat,NCI54,Household,2014,OUT013,Tier 3,High,Supermarket Type1,0.049016517,17.1,207.064,2.8,9,42.2437196
Low Fat,NCP54,Household,2022,OUT018,Tier 3,Medium,Supermarket Type2,0.035348491,11,123.205,2.8,1,34.85438742
Low Fat,NCD18,Household,2022,OUT018,Tier 3,Medium,Supermarket Type2,0.073080167,14.15,123.605,2.8,1,16.91361762
Low Fat,NCN54,Household,2022,OUT018,Tier 3,Medium,Supermarket Type2,0.021447102,17.25,263.191,2.8,1,122.7163465
Low Fat,NCS30,Household,2022,OUT018,Tier 3,Medium,Supermarket Type2,0.093008616,6.63,167.25,2.8,1,17.982205
Low Fat,NCQ02,Household,2022,OUT018,Tier 3,Medium,Supermarket Type2,0.007455054,14.85,261.591,2.8,1,350.8908185
Low Fat,NCH54,Household,2022,OUT018,Tier 3,Medium,Supermarket Type2,0.072655379,6.635,36.7506,2.8,1,5.058207734
Low Fat,NCG18,Household,2022,OUT018,Tier 3,Medium,Supermarket Type2,0.049016517,8.6,128.931,2.8,1,26.30358253
Low Fat,NCH06,Household,2018,OUT027,Tier 3,Medium,Supermarket Type3,0.128136346,12.6,230.801,2.8,5,18.01214154
Low Fat,NCW06,Household,2018,OUT027,Tier 3,Medium,Supermarket Type3,0.08425957,12.6,251.904,2.8,5,29.89618865
Low Fat,NCO06,Household,2018,OUT027,Tier 3,Medium,Supermarket Type3,0.180820798,12.6,184.061,2.8,5,10.1791941
Low Fat,NCO26,Household,2018,OUT027,Tier 3,Medium,Supermarket Type3,0.076791671,12.6,164.055,2.8,5,21.36364502
Low Fat,NCO14,Household,2018,OUT027,Tier 3,Medium,Supermarket Type3,0.029619203,12.6,258.899,2.8,5,87.40917168
Low Fat,NCV06,Household,2018,OUT027,Tier 3,Medium,Supermarket Type3,0.066625843,12.6,92.812,2.8,5,13.93033031
Low Fat,NCO18,Household,2018,OUT027,Tier 3,Medium,Supermarket Type3,0.024630755,12.6,80.3644,2.8,5,32.62766407
Low Fat,NCK30,Household,2018,OUT027,Tier 3,Medium,Supermarket Type3,0.060927824,12.6,93.0436,2.8,5,15.27111817
Low Fat,NCS54,Household,2012,OUT049,Tier 1,Medium,Supermarket Type1,0.010033871,10,118.344,2.7,11,117.9445101
Low Fat,NCS30,Household,2012,OUT049,Tier 1,Medium,Supermarket Type1,0.093405156,7.39,187.753,2.7,11,20.10092462
Low Fat,NCU42,Household,2018,OUT019,Tier 1,Small,Grocery Store,0.019586115,12.6,39.9164,2.7,5,20.37994773
Low Fat,NCU18,Household,2016,OUT046,Tier 1,Small,Supermarket Type1,0.056067524,20.85,88.1514,2.7,7,15.72236363
Low Fat,NCY06,Household,2015,OUT045,Tier 2,Small,Supermarket Type1,0.061434045,12.3,191.253,2.7,8,31.13143535
Low Fat,NCZ30,Household,2020,OUT017,Tier 2,Small,Supermarket Type1,0.026058181,7.02,83.825,2.7,3,32.1684004
Low Fat,NCB19,Household,2020,OUT017,Tier 2,Small,Supermarket Type1,0.089858447,6.86,231.201,2.7,3,25.72946759
Low Fat,NCM54,Household,2017,OUT035,Tier 2,Small,Supermarket Type1,0.050692386,20.7,156.529,2.7,6,30.87820723
Low Fat,NCR18,Household,2017,OUT035,Tier 2,Small,Supermarket Type1,0.020388413,14.7,141.813,2.7,6,69.55568342
Low Fat,NCS06,Household,2017,OUT035,Tier 2,Small,Supermarket Type1,0.031583053,12.15,187.587,2.7,6,59.39482798
Low Fat,NCT54,Household,2014,OUT013,Tier 3,High,Supermarket Type1,0.119513002,7.725,248.309,2.7,9,20.77673524
Low Fat,NCH30,Household,2014,OUT013,Tier 3,High,Supermarket Type1,0.067141355,18.25,223.806,2.7,9,33.33355426
Low Fat,NCE07,Household,2014,OUT013,Tier 3,High,Supermarket Type1,0.0132043,9.8,114.049,2.7,9,86.37262104
Low Fat,NCB18,Household,2014,OUT013,Tier 3,High,Supermarket Type1,0.041459372,15.2,116.349,2.7,9,28.06337732
Low Fat,NCQ42,Household,2014,OUT013,Tier 3,High,Supermarket Type1,0.039329257,8.02,157.797,2.7,9,40.12203943
Low Fat,NCI54,Household,2014,OUT013,Tier 3,High,Supermarket Type1,0.033735909,5.655,145.01,2.7,9,42.98387217
Low Fat,NCP06,Household,2022,OUT018,Tier 3,Medium,Supermarket Type2,0.039055756,21.35,96.0094,2.7,1,24.58265051
Low Fat,NCF07,Household,2022,OUT018,Tier 3,Medium,Supermarket Type2,0.032072321,19.1,43.0796,2.7,1,13.43201822
Low Fat,NCF31,Household,2022,OUT018,Tier 3,Medium,Supermarket Type2,0.051928034,12.15,181.695,2.7,1,34.98977065
Low Fat,NCM18,Household,2022,OUT018,Tier 3,Medium,Supermarket Type2,0.082970667,9.695,221.311,2.7,1,26.67340254
Low Fat,NCL06,Household,2018,OUT027,Tier 3,Medium,Supermarket Type3,0.072178679,12.6,87.2224,2.7,5,12.08423335
Low Fat,NCU06,Household,2022,OUT018,Tier 3,Medium,Supermarket Type2,0.074522745,21.35,259.928,2.6,1,34.8790158
Low Fat,NCL42,Household,2016,OUT046,Tier 1,Small,Supermarket Type1,0.040434372,15,59.1904,2.6,7,14.63863467
Low Fat,NCX06,Household,2012,OUT049,Tier 1,Medium,Supermarket Type1,0.02746599,12.1,180.666,2.6,11,65.77807681
Low Fat,NCF19,Household,2012,OUT049,Tier 1,Medium,Supermarket Type1,0.061470858,9.195,100.102,2.6,11,16.28446442
Low Fat,NCF31,Household,2012,OUT049,Tier 1,Medium,Supermarket Type1,0.090778148,9.3,199.108,2.6,11,21.93347236
Low Fat,NCI06,Household,2016,OUT046,Tier 1,Small,Supermarket Type1,0.083547515,14.3,75.9328,2.6,7,9.088576722
Low Fat,NCO54,Household,2016,OUT046,Tier 1,Small,Supermarket Type1,0.024992442,6.635,37.1506,2.6,7,14.86473391
Low Fat,NCA29,Household,2020,OUT017,Tier 2,Small,Supermarket Type1,0.02727641,7.1,173.808,2.6,3,63.72099554
Low Fat,NCX18,Household,2020,OUT017,Tier 2,High,Supermarket Type1,0.049016517,16.85,146.076,2.6,3,29.80138307
Low Fat,NCZ54,Household,2020,OUT017,Tier 2,High,Supermarket Type1,0.083359391,6.78,92.212,2.6,3,11.06198101
Low Fat,NCD18,Household,2017,OUT035,Tier 2,Small,Supermarket Type1,0.049016517,9.395,42.9112,2.6,6,8.754436795
Low Fat,NCF54,Household,2014,OUT013,Tier 3,High,Supermarket Type1,0.047377053,6.615,195.943,2.6,9,41.35820774
Low Fat,NCC18,Household,2014,OUT013,Tier 3,High,Supermarket Type1,0.177270016,14.1,228.567,2.6,9,12.89372028
Low Fat,NCZ06,Household,2022,OUT018,Tier 3,Medium,Supermarket Type2,0.094161662,17.6,182.598,2.6,1,19.39196868
Low Fat,NCE42,Household,2015,OUT045,Tier 2,Small,Supermarket Type1,0.010602292,13.6,231.03,2.5,8,217.9057132
Low Fat,NCF43,Household,2015,OUT045,Tier 2,Small,Supermarket Type1,0.052051256,7.475,241.285,2.5,8,46.35526951
Low Fat,NCK18,Household,2015,OUT045,Tier 2,Small,Supermarket Type1,0.049016517,15.1,221.746,2.5,8,45.23903647
Low Fat,NCX18,Household,2015,OUT045,Tier 2,Medium,Supermarket Type1,0.008811818,17.75,139.984,2.5,8,158.8593863
Low Fat,NCL06,Household,2022,OUT018,Tier 3,Medium,Supermarket Type2,0.072212787,7.42,248.409,2.5,1,34.39958632
Low Fat,NCE30,Household,2020,OUT017,Tier 2,Medium,Supermarket Type1,0.049016517,13,65.7484,2.5,3,13.41351937
Low Fat,NCU30,Household,2012,OUT049,Tier 1,Medium,Supermarket Type1,0.035071955,16.25,95.541,2.5,11,27.2414241
Low Fat,NCF07,Household,2012,OUT049,Tier 1,Medium,Supermarket Type1,0.032203667,9.3,183.929,2.5,11,57.11430316
Low Fat,NCQ06,Household,2012,OUT049,Tier 1,Medium,Supermarket Type1,0.0420611,9.21,122.441,2.5,11,29.11027054
Low Fat,NCO18,Household,2012,OUT049,Tier 1,Medium,Supermarket Type1,0.024790707,17.5,253.636,2.5,11,102.3109184
Low Fat,NCQ18,Household,2012,OUT049,Tier 1,Medium,Supermarket Type1,0.135836828,10.3,172.042,2.5,11,12.66534286
Low Fat,NCF54,Household,2012,OUT049,Tier 1,Medium,Supermarket Type1,0.047645037,12.6,103.999,2.5,11,21.82787685
Low Fat,NCL18,Household,2012,OUT049,Tier 1,Medium,Supermarket Type1,0.168531813,14.35,231.898,2.5,11,13.7598947
Low Fat,NCZ06,Household,2018,OUT019,Tier 1,Small,Grocery Store,0.094694278,12.6,154.534,2.5,5,16.31925426
Low Fat,NCZ18,Household,2018,OUT019,Tier 1,Small,Grocery Store,0.186445212,12.6,199.343,2.5,5,10.69177362
Low Fat,NCH18,Household,2016,OUT046,Tier 1,Small,Supermarket Type1,0.044652785,11.5,191.353,2.5,7,42.85354206
Low Fat,NCU30,Household,2016,OUT046,Tier 1,Small,Supermarket Type1,0.034868095,14.5,158.46,2.5,7,45.44555703
Low Fat,NCX42,Household,2016,OUT046,Tier 1,Small,Supermarket Type1,0.005977465,7.825,255.47,2.5,7,427.3885334
Low Fat,NCR06,Household,2016,OUT046,Tier 1,Small,Supermarket Type1,0.00676387,18.6,56.2588,2.5,7,83.1754602
Low Fat,NCQ18,Household,2016,OUT046,Tier 1,Small,Supermarket Type1,0.13504726,8.63,185.758,2.5,7,13.75503657
Low Fat,NCE07,Household,2016,OUT046,Tier 1,Small,Supermarket Type1,0.013127548,9.5,251.972,2.5,7,191.9414044
Low Fat,NCA18,Household,2015,OUT045,Tier 2,Medium,Supermarket Type1,0.093862362,15.1,158.66,2.5,8,16.90347405
Low Fat,NCD31,Household,2015,OUT045,Tier 2,Small,Supermarket Type1,0.025834128,8.785,153.066,2.5,8,59.24953225
Low Fat,NCH07,Household,2020,OUT017,Tier 2,Small,Supermarket Type1,0.155105614,13.3,151.871,2.5,3,9.791457323
Low Fat,NCI54,Household,2020,OUT017,Tier 2,Small,Supermarket Type1,0.056237906,9.3,125.539,2.5,3,22.32284396
Low Fat,NCK06,Household,2020,OUT017,Tier 2,High,Supermarket Type1,0.008639333,21.1,145.779,2.5,3,168.7387209
Low Fat,NCH18,Household,2015,OUT045,Tier 2,High,Supermarket Type1,0.044624064,20.7,118.947,2.5,8,26.65534901
Low Fat,NCA18,Household,2015,OUT045,Tier 2,High,Supermarket Type1,0.056030907,15.1,42.0796,2.5,8,7.510069398
Low Fat,NCR06,Household,2015,OUT045,Tier 2,High,Supermarket Type1,0.006759519,15.5,100.833,2.5,8,149.1718568
Low Fat,NCQ18,Household,2015,OUT045,Tier 2,High,Supermarket Type1,0.134960397,6.175,94.9752,2.5,8,7.037264421
Low Fat,NCU06,Household,2015,OUT045,Tier 2,High,Supermarket Type1,0.074345142,6.89,194.882,2.5,8,26.21314517
Low Fat,NCR50,Household,2020,OUT017,Tier 2,High,Supermarket Type1,0.01181025,5.46,187.424,2.5,3,158.6960479
Low Fat,NCD31,Household,2020,OUT017,Tier 2,High,Supermarket Type1,0.015497337,8.975,86.0224,2.5,3,55.50785919
Low Fat,NCZ18,Household,2015,OUT045,Tier 2,Medium,Supermarket Type1,0.186825823,9.3,123.739,2.5,8,6.623227882
Low Fat,NCF30,Household,2017,OUT035,Tier 2,Small,Supermarket Type1,0.126758324,7.05,109.791,2.5,6,8.661443015
Low Fat,NCT06,Household,2017,OUT035,Tier 2,Small,Supermarket Type1,0.049016517,18.25,197.345,2.5,6,40.26091858
Low Fat,NCJ42,Household,2017,OUT035,Tier 2,Small,Supermarket Type1,0.014359584,12.1,178.566,2.5,6,124.3531846
Low Fat,NCJ42,Household,2017,OUT035,Tier 2,Small,Supermarket Type1,0.014232071,19.25,140.15,2.5,6,98.47477574
Low Fat,NCL30,Household,2017,OUT035,Tier 2,Small,Supermarket Type1,0.048703432,7.55,121.007,2.5,6,24.84568233
Low Fat,NCO06,Household,2011,OUT010,Tier 3,Medium,Grocery Store,0.107507291,19.1,212.859,2.5,12,19.79949434
Low Fat,NCB30,Household,2014,OUT013,Tier 3,High,Supermarket Type1,0.025698134,11.8,116.949,2.5,9,45.50875172
Low Fat,NCX54,Household,2014,OUT013,Tier 3,High,Supermarket Type1,0.048157338,12.6,109.723,2.5,9,22.78427433
Low Fat,NCC30,Household,2014,OUT013,Tier 3,High,Supermarket Type1,0.027622076,15,44.0744,2.5,9,15.95622284
Low Fat,NCR38,Household,2014,OUT013,Tier 3,High,Supermarket Type1,0.114160573,19.6,163.653,2.5,9,14.33533449
Low Fat,NCC31,Household,2014,OUT013,Tier 3,High,Supermarket Type1,0.019901356,14.85,261.291,2.5,9,131.2930636
Low Fat,NCX18,Household,2018,OUT027,Tier 3,Medium,Supermarket Type3,0.049016517,12.6,52.7324,2.5,5,10.75808793
Low Fat,NCG19,Household,2018,OUT027,Tier 3,Medium,Supermarket Type3,0.148163564,12.6,88.283,2.5,5,5.958482478
Low Fat,NCD54,Household,2018,OUT027,Tier 3,Medium,Supermarket Type3,0.050790917,12.6,113.118,2.5,5,22.27130493
Low Fat,NCP42,Household,2014,OUT013,Tier 3,High,Supermarket Type1,0.028207784,7.285,174.305,2.4,9,61.793227
Low Fat,NCR38,Household,2018,OUT019,Tier 1,Small,Grocery Store,0.19875618,12.6,98.441,2.4,5,4.952852284
Low Fat,NCG30,Household,2018,OUT019,Tier 1,Small,Grocery Store,0.112321218,12.6,157.863,2.4,5,14.05460187
Low Fat,NCC43,Household,2015,OUT045,Tier 2,Small,Supermarket Type1,0.092782895,7.97,173.742,2.4,8,18.72564981
Low Fat,NCE18,Household,2017,OUT035,Tier 2,Small,Supermarket Type1,0.021425341,12.6,50.7982,2.4,6,23.70940094
Low Fat,NCS18,Household,2011,OUT010,Tier 3,High,Grocery Store,0.042211119,10.5,46.7376,2.4,12,11.07234328
Low Fat,NCK06,Household,2014,OUT013,Tier 3,High,Supermarket Type1,0.008664064,13.1,176.105,2.4,9,203.2591172
Low Fat,NCB31,Household,2014,OUT013,Tier 3,High,Supermarket Type1,0.118915034,15.85,218.717,2.4,9,18.39271223
Low Fat,NCB30,Household,2014,OUT013,Tier 3,High,Supermarket Type1,0.02575512,18.7,257.367,2.4,9,99.92848024
Low Fat,NCZ54,Household,2014,OUT013,Tier 3,High,Supermarket Type1,0.083528446,6.695,191.882,2.4,9,22.97205433
Low Fat,NCF54,Household,2018,OUT027,Tier 3,Medium,Supermarket Type3,0.047473135,12.6,37.4822,2.4,5,7.895454977
Low Fat,NCS42,Household,2022,OUT018,Tier 3,Medium,Supermarket Type2,0.069809115,5.92,48.2692,2.3,1,6.914455226
Low Fat,NCF30,Household,2014,OUT013,Tier 3,High,Supermarket Type1,0.126958147,18.25,196.545,2.3,9,15.48108606
Low Fat,NCJ54,Household,2018,OUT019,Tier 1,Small,Grocery Store,0.060055757,12.6,111.191,2.3,5,18.514628
Low Fat,NCP54,Household,2018,OUT019,Tier 1,Small,Grocery Store,0.035143024,12.6,98.2042,2.3,5,27.94415187
Low Fat,NCR54,Household,2017,OUT035,Tier 2,Small,Supermarket Type1,0.049016517,19.7,177.766,2.3,6,36.26655072
Low Fat,NCE42,Household,2012,OUT049,Tier 1,Medium,Supermarket Type1,0.010600287,12.35,34.8216,2.3,11,32.84967662
Low Fat,NCK06,Household,2012,OUT049,Tier 1,Medium,Supermarket Type1,0.014472516,15,107.394,2.3,11,74.20548024
Low Fat,NCP02,Household,2018,OUT019,Tier 1,Small,Grocery Store,0.044771473,12.6,258.63,2.3,5,57.76669443
Low Fat,NCN18,Household,2016,OUT046,Tier 1,Small,Supermarket Type1,0.124610886,8.71,92.7778,2.3,7,7.445400878
Low Fat,NCW54,Household,2016,OUT046,Tier 1,Small,Supermarket Type1,0.096806008,5.465,129.163,2.3,7,13.34245701
Low Fat,NCE18,Household,2016,OUT046,Tier 1,Small,Supermarket Type1,0.021512619,9.285,245.614,2.3,7,114.1720587
Low Fat,NCK54,Household,2020,OUT017,Tier 2,Small,Supermarket Type1,0.049016517,8.06,230.333,2.3,3,46.99089493
Low Fat,NCC19,Household,2020,OUT017,Tier 2,High,Supermarket Type1,0.096411426,8.895,207.43,2.3,3,21.51508474
Low Fat,NCE07,Household,2011,OUT010,Tier 3,Medium,Grocery Store,0.013066448,16.6,106.26,2.3,12,81.32278948
Low Fat,NCF19,Household,2011,OUT010,Tier 3,High,Grocery Store,0.034938717,8.02,152,2.3,12,43.50474575
Low Fat,NCG18,Household,2014,OUT013,Tier 3,High,Supermarket Type1,0.02286663,18.75,97.6042,2.3,9,42.68412092
Low Fat,NCJ18,Household,2014,OUT013,Tier 3,High,Supermarket Type1,0.163148041,16.5,180.932,2.3,9,11.09005042
Low Fat,NCQ18,Household,2014,OUT013,Tier 3,High,Supermarket Type1,0.134418705,17.25,166.453,2.3,9,12.38317242
Low Fat,NCF19,Household,2014,OUT013,Tier 3,High,Supermarket Type1,0.035307322,11.35,101.002,2.3,9,28.60653096
Low Fat,NCP42,Household,2022,OUT018,Tier 3,Medium,Supermarket Type2,0.016201845,6.17,63.4826,2.3,1,39.18232769
Low Fat,NCG43,Household,2022,OUT018,Tier 3,Medium,Supermarket Type2,0.074541867,20.2,195.211,2.3,1,26.18810178
Low Fat,NCJ30,Household,2018,OUT027,Tier 3,Medium,Supermarket Type3,0.080765853,12.6,188.187,2.3,5,23.30031728
Low Fat,NCB31,Household,2018,OUT027,Tier 3,Medium,Supermarket Type3,0.207783483,12.6,35.4874,2.3,5,1.707902837
Low Fat,NCF55,Household,2018,OUT027,Tier 3,Medium,Supermarket Type3,0.021666335,12.6,154.366,2.3,5,71.24693678
Low Fat,NCF06,Household,2018,OUT027,Tier 3,Medium,Supermarket Type3,0.020198354,12.6,175.04,2.3,5,86.66052689
Low Fat,NCT18,Household,2018,OUT027,Tier 3,Medium,Supermarket Type3,0.059405152,12.6,56.4588,2.3,5,9.504024163
Low Fat,NCK42,Household,2016,OUT046,Tier 1,Small,Supermarket Type1,0.013146636,18.5,144.11,2.2,7,109.6173957
Low Fat,NCD31,Household,2015,OUT045,Tier 2,Medium,Supermarket Type1,0.015521768,17.7,94.541,2.2,8,60.90865422
Low Fat,NCJ18,Household,2016,OUT046,Tier 1,Small,Supermarket Type1,0.164274416,19.1,233.196,2.2,7,14.19551539
Low Fat,NCH07,Household,2012,OUT049,Tier 1,Medium,Supermarket Type1,0.092854963,13.15,160.292,2.2,11,17.26262063
Low Fat,NCO42,Household,2012,OUT049,Tier 1,Medium,Supermarket Type1,0.024705597,17,171.511,2.2,11,69.42192087
Low Fat,NCH07,Household,2012,OUT049,Tier 1,Medium,Supermarket Type1,0.093191195,19.6,47.3376,2.2,11,5.079621524
Low Fat,NCC18,Household,2016,OUT046,Tier 1,Small,Supermarket Type1,0.178272728,20.85,223.975,2.2,7,12.56361545
Low Fat,NCP18,Household,2017,OUT035,Tier 2,Small,Supermarket Type1,0.028592842,10.85,107.062,2.2,6,37.44363712
Low Fat,NCX18,Household,2018,OUT027,Tier 3,Medium,Supermarket Type3,0.00879232,12.6,186.224,2.2,5,211.8030281
Low Fat,NCB43,Household,2012,OUT049,Tier 1,Medium,Supermarket Type1,0.099893424,16.25,116.118,2.1,11,11.6241886
Low Fat,NCS42,Household,2012,OUT049,Tier 1,Medium,Supermarket Type1,0.069403341,7.27,111.952,2.1,11,16.13063556
Low Fat,NCZ30,Household,2015,OUT045,Tier 2,Medium,Supermarket Type1,0.043828293,6.385,108.26,2.1,8,24.70093919
Low Fat,NCH30,Household,2018,OUT027,Tier 3,Medium,Supermarket Type3,0.112402118,12.6,37.0506,2.1,5,3.296254613
Low Fat,NCO54,Household,2012,OUT049,Tier 1,Medium,Supermarket Type1,0.014262413,5.78,264.757,2,11,185.6326836
Low Fat,NCP02,Household,2017,OUT035,Tier 2,Small,Supermarket Type1,0.044991294,8.05,256.465,2,6,57.00325045
Low Fat,NCC55,Household,2020,OUT017,Tier 2,Small,Supermarket Type1,0.064022881,19,127.334,2,3,19.88882693
Low Fat,NCB07,Household,2016,OUT046,Tier 1,Small,Supermarket Type1,0.077132215,19.35,168.382,2,7,21.83030787
Low Fat,NCF42,Household,2022,OUT018,Tier 3,Medium,Supermarket Type2,0.166572501,16.5,92.612,2,1,5.559861288
Low Fat,NCK06,Household,2017,OUT035,Tier 2,Small,Supermarket Type1,0.008604657,20.7,37.5506,2,6,43.63985688
Low Fat,NCP18,Household,2017,OUT035,Tier 2,Small,Supermarket Type1,0.028459761,16.7,97.6384,2,6,34.30752634
Low Fat,NCO26,Household,2015,OUT045,Tier 2,Medium,Supermarket Type1,0.076855628,7.365,94.712,2,8,12.32336557
Low Fat,NCB30,Household,2020,OUT017,Tier 2,Medium,Supermarket Type1,0.025578526,6.235,261.991,2,3,102.4261523
Low Fat,NCD07,Household,2016,OUT046,Tier 1,Small,Supermarket Type1,0.055514919,17.85,149.105,2,7,26.8585459
Low Fat,NCC07,Household,2018,OUT019,Tier 1,Small,Grocery Store,0.023988387,12.6,49.7008,2,5,20.71869192
Low Fat,NCE19,Household,2012,OUT049,Tier 1,Medium,Supermarket Type1,0.162856593,19.7,178.066,2,11,10.93391411
Low Fat,NCQ30,Household,2012,OUT049,Tier 1,Medium,Supermarket Type1,0.050901814,16,141.315,2,11,27.76227189
Low Fat,NCG42,Household,2012,OUT049,Tier 1,Medium,Supermarket Type1,0.041227831,18.85,193.914,2,11,47.03473244
Low Fat,NCK30,Household,2012,OUT049,Tier 1,Medium,Supermarket Type1,0.061102235,9,34.619,2,11,5.665750197
Low Fat,NCZ30,Household,2012,OUT049,Tier 1,Medium,Supermarket Type1,0.049016517,13.65,186.724,2,11,38.09409795
Low Fat,NCT42,Household,2018,OUT019,Tier 1,Small,Grocery Store,0.024882614,12.6,219.746,2,5,88.31306872
Low Fat,NCT30,Household,2018,OUT019,Tier 1,Small,Grocery Store,0.080277707,12.6,223.14,2,5,27.79601067
Low Fat,NCE18,Household,2018,OUT019,Tier 1,Small,Grocery Store,0.021421289,12.6,250.941,2,5,117.1456115
Low Fat,NCA54,Household,2018,OUT019,Tier 1,Small,Grocery Store,0.061330521,12.6,57.6588,2,5,9.401322386
Low Fat,NCB07,Household,2016,OUT046,Tier 1,Small,Supermarket Type1,0.129731747,19.6,44.677,2,7,3.443798533
Low Fat,NCH07,Household,2016,OUT046,Tier 1,Small,Supermarket Type1,0.092589917,15.35,144.047,2,7,15.55752556
Low Fat,NCL42,Household,2016,OUT046,Tier 1,Small,Supermarket Type1,0.040338009,5.78,145.21,2,7,35.99830621
Low Fat,NCO30,Household,2016,OUT046,Tier 1,Small,Supermarket Type1,0.015711807,17.25,41.248,2,7,26.2528683
Low Fat,NCC07,Household,2016,OUT046,Tier 1,Small,Supermarket Type1,0.023931217,15.5,178.203,2,7,74.46466262
Low Fat,NCD06,Household,2016,OUT046,Tier 1,Small,Supermarket Type1,0.099242622,20.35,81.6276,2,7,8.225054755
Low Fat,NCH54,Household,2015,OUT045,Tier 2,Medium,Supermarket Type1,0.072965144,19.1,38.8138,2,8,5.319498856
Low Fat,NCA42,Household,2015,OUT045,Tier 2,Medium,Supermarket Type1,0.028410335,14,214.719,2,8,75.5777783
Low Fat,NCQ50,Household,2015,OUT045,Tier 2,Small,Supermarket Type1,0.034141213,18.85,158.658,2,8,46.4711081
Low Fat,NCC31,Household,2020,OUT017,Tier 2,Small,Supermarket Type1,0.019866705,12.15,246.346,2,3,123.9994252
Low Fat,NCZ06,Household,2020,OUT017,Tier 2,Small,Supermarket Type1,0.094083303,15.1,149.008,2,3,15.83787933
Low Fat,NCD31,Household,2020,OUT017,Tier 2,Small,Supermarket Type1,0.01545846,9.1,46.9718,2,3,30.3858211
Low Fat,NCI18,Household,2020,OUT017,Tier 2,High,Supermarket Type1,0.014024028,15.5,41.377,2,3,29.50436208
Low Fat,NCB30,Household,2015,OUT045,Tier 2,High,Supermarket Type1,0.025702994,7.72,79.8986,2,8,31.08532804
Low Fat,NCR50,Household,2015,OUT045,Tier 2,High,Supermarket Type1,0.011820087,15.15,145.776,2,8,123.3290415
Low Fat,NCE43,Household,2015,OUT045,Tier 2,High,Supermarket Type1,0.103442268,13.8,74.3012,2,8,7.182866485
Low Fat,NCD07,Household,2015,OUT045,Tier 2,High,Supermarket Type1,0.049016517,5.365,172.776,2,8,35.24852653
Low Fat,NCW30,Household,2020,OUT017,Tier 2,High,Supermarket Type1,0.011072173,19.35,164.118,2,3,148.2256464
Low Fat,NCL54,Household,2020,OUT017,Tier 2,High,Supermarket Type1,0.083221904,5.035,229.004,2,3,27.51727478
Low Fat,NCF42,Household,2017,OUT035,Tier 2,Small,Supermarket Type1,0.168329848,9.3,180.529,2,6,10.7247171
Low Fat,NCP30,Household,2017,OUT035,Tier 2,Small,Supermarket Type1,0.032954044,11.395,149.171,2,6,45.26637156
Low Fat,NCC30,Household,2017,OUT035,Tier 2,Small,Supermarket Type1,0.027573983,15.5,144.847,2,6,52.53031454
Low Fat,NCJ30,Household,2017,OUT035,Tier 2,Small,Supermarket Type1,0.134975628,19.75,213.29,2,6,15.80211207
Low Fat,NCF18,Household,2017,OUT035,Tier 2,Small,Supermarket Type1,0.148938624,10.8,191.15,2,6,12.83414569
Low Fat,NCM54,Household,2017,OUT035,Tier 2,Small,Supermarket Type1,0.051146565,12.15,225.04,2,6,43.99904471
Low Fat,NCM06,Household,2017,OUT035,Tier 2,Small,Supermarket Type1,0.076036381,16,48.3718,2,6,6.361665214
Low Fat,NCN18,Household,2017,OUT035,Tier 2,Small,Supermarket Type1,0.125222705,16.75,39.9822,2,6,3.192887424
Low Fat,NCF07,Household,2011,OUT010,Tier 3,Medium,Grocery Store,0.032152981,6.86,228.401,2,12,71.03571516
Low Fat,NCB43,Household,2011,OUT010,Tier 3,Medium,Grocery Store,0.100319317,9.3,246.48,2,12,24.56954527
Low Fat,NCK18,Household,2011,OUT010,Tier 3,High,Grocery Store,0.006665667,18.6,55.6588,2,12,83.50072093
Low Fat,NCT42,Household,2011,OUT010,Tier 3,High,Grocery Store,0.024766802,13.15,141.481,2,12,57.12525985
Low Fat,NCV30,Household,2011,OUT010,Tier 3,High,Grocery Store,0.065612808,6.715,41.0454,2,12,6.255699345
Low Fat,NCD06,Household,2011,OUT010,Tier 3,High,Grocery Store,0.099325278,9.195,79.0644,2,12,7.960148876
Low Fat,NCX42,Household,2011,OUT010,Tier 3,High,Grocery Store,0.00597362,8.71,186.592,2,12,312.3600095
Low Fat,NCC43,Household,2011,OUT010,Tier 3,High,Grocery Store,0.092927148,12.8,224.84,2,12,24.19529759
Low Fat,NCP54,Household,2014,OUT013,Tier 3,High,Supermarket Type1,0.035204319,18.25,125.905,2,9,35.7640777
Low Fat,NCG30,Household,2014,OUT013,Tier 3,High,Supermarket Type1,0.112495847,18.85,41.648,2,9,3.702181113
Low Fat,NCB19,Household,2014,OUT013,Tier 3,High,Supermarket Type1,0.090806457,20.35,116.547,2,9,12.83465998
Low Fat,NCU18,Household,2014,OUT013,Tier 3,High,Supermarket Type1,0.056155909,16.1,182.132,2,9,32.4332743
Low Fat,NCW06,Household,2014,OUT013,Tier 3,High,Supermarket Type1,0.050625182,20.6,185.856,2,9,36.71216431
Low Fat,NCI54,Household,2022,OUT018,Tier 3,Medium,Supermarket Type2,0.03366718,9.3,65.7826,2,1,19.53908822
Low Fat,NCK54,Household,2022,OUT018,Tier 3,Medium,Supermarket Type2,0.049016517,10.1,117.615,2,1,23.99497296
Low Fat,NCG18,Household,2022,OUT018,Tier 3,Medium,Supermarket Type2,0.02295878,4.785,122.01,2,1,53.14306771
Low Fat,NCN30,Household,2022,OUT018,Tier 3,Medium,Supermarket Type2,0.017062427,12.1,75.267,2,1,44.1127162
Low Fat,NCO42,Household,2022,OUT018,Tier 3,Medium,Supermarket Type2,0.024756031,9.6,165.918,2,1,67.02124424
Low Fat,NCD55,Household,2022,OUT018,Tier 3,Medium,Supermarket Type2,0.024213354,5.73,85.3882,2,1,35.26492034
Low Fat,NCG54,Household,2022,OUT018,Tier 3,Medium,Supermarket Type2,0.079419801,5.78,147.31,2,1,18.5482711
Low Fat,NCO42,Household,2022,OUT018,Tier 3,Medium,Supermarket Type2,0.024693927,7.855,220.148,2,1,89.15066445
Low Fat,NCA42,Household,2022,OUT018,Tier 3,Medium,Supermarket Type2,0.049016517,14,54.864,2,1,11.19296175
Low Fat,NCB19,Household,2018,OUT027,Tier 3,Medium,Supermarket Type3,0.090278634,12.6,122.41,2,5,13.55913294
Low Fat,NCM54,Household,2018,OUT027,Tier 3,Medium,Supermarket Type3,0.050929429,12.6,98.6068,2,5,19.36145799
Low Fat,NCI43,Household,2018,OUT027,Tier 3,Medium,Supermarket Type3,0.025842951,12.6,45.506,2,5,17.60867016
Low Fat,NCD06,Household,2018,OUT027,Tier 3,Medium,Supermarket Type3,0.099887103,12.6,98.9042,2,5,9.901598608
Low Fat,NCO26,Household,2018,OUT027,Tier 3,Medium,Supermarket Type3,0.076841095,12.6,244.317,2,5,31.7950961
Low Fat,NCW54,Household,2015,OUT045,Tier 2,Medium,Supermarket Type1,0.09660879,14.65,49.7692,1.9,8,5.151622332
Low Fat,NCZ18,Household,2017,OUT035,Tier 2,Small,Supermarket Type1,0.049016517,12.1,56.5614,1.9,6,11.53925319
Low Fat,NCD55,Household,2011,OUT010,Tier 3,Small,Grocery Store,0.024468806,12.85,39.7164,1.8,12,16.23144178
Low Fat,NCE06,Household,2012,OUT049,Tier 1,Medium,Supermarket Type1,0.091467933,20.7,183.827,1.8,11,20.09742584
Low Fat,NCN26,Household,2015,OUT045,Tier 2,Small,Supermarket Type1,0.028674471,18.35,190.616,1.8,8,66.47585582
Low Fat,NCU54,Household,2017,OUT035,Tier 2,Small,Supermarket Type1,0.098603729,7.02,146.873,1.8,6,14.89527845
Low Fat,NCO18,Household,2017,OUT035,Tier 2,Small,Supermarket Type1,0.024646608,11.3,192.448,1.8,6,78.08295567
Low Fat,NCI42,Household,2018,OUT019,Tier 1,Small,Grocery Store,0.010363586,12.6,184.092,1.7,5,177.6334948
Low Fat,NCE06,Household,2015,OUT045,Tier 2,Medium,Supermarket Type1,0.153127523,13.1,167.516,1.7,8,10.93964016
Low Fat,NCY18,Household,2015,OUT045,Tier 2,Medium,Supermarket Type1,0.052141447,17.5,264.391,1.7,8,50.70649459
Low Fat,NCF31,Household,2015,OUT045,Tier 2,Small,Supermarket Type1,0.052058629,20.7,73.2354,1.7,8,14.06786952
Low Fat,NCB55,Household,2020,OUT017,Tier 2,High,Supermarket Type1,0.161317495,17.85,153.202,1.7,3,9.496924063
Low Fat,NCF42,Household,2015,OUT045,Tier 2,High,Supermarket Type1,0.167351411,11.8,33.1558,1.7,8,1.981208273
Low Fat,NCC43,Household,2022,OUT018,Tier 3,Medium,Supermarket Type2,0.093307713,12.35,58.9246,1.7,1,6.315083513
Low Fat,NCR18,Household,2022,OUT018,Tier 3,Medium,Supermarket Type2,0.020519478,7.63,93.3436,1.7,1,45.49024103
Low Fat,NCF30,Household,2018,OUT019,Tier 1,Small,Grocery Store,0.126440335,12.6,43.6454,1.5,5,3.451857352
Low Fat,NCP14,Household,2017,OUT035,Tier 2,Small,Supermarket Type1,0.110913601,9.8,114.549,1.5,6,10.32776855
Low Fat,NCB18,Household,2016,OUT046,Tier 1,Small,Supermarket Type1,0.069112952,20.6,185.756,1.5,7,26.8771619
Low Fat,NCQ54,Household,2015,OUT045,Tier 2,Medium,Supermarket Type1,0.012593467,14.1,232.267,1.5,8,184.4345167
Low Fat,NCQ30,Household,2020,OUT017,Tier 2,Small,Supermarket Type1,0.029117482,7.145,160.658,1.5,3,55.17578752
Low Fat,NCU42,Household,2011,OUT010,Tier 3,High,Grocery Store,0.019536981,20.7,149.737,1.5,12,76.6428549
Low Fat,NCV54,Household,2014,OUT013,Tier 3,High,Supermarket Type1,0.057969482,15.6,170.576,1.5,9,29.42513787
Low Fat,NCA29,Household,2022,OUT018,Tier 3,Medium,Supermarket Type2,0.027430696,5.94,179.834,1.5,1,65.55940104
Low Fat,NCZ42,Household,2022,OUT018,Tier 3,Medium,Supermarket Type2,0.011285795,17.75,240.92,1.5,1,213.471891
Low Fat,NCI43,Household,2018,OUT027,Tier 3,Medium,Supermarket Type3,0.025947095,12.6,96.641,1.5,5,37.24540262
Low Fat,NCO54,Household,2018,OUT027,Tier 3,Medium,Supermarket Type3,0.014332439,12.6,37.9506,1.5,5,26.47881495
Low Fat,NCQ50,Household,2018,OUT027,Tier 3,Medium,Supermarket Type3,0.034501405,12.6,172.84,1.4,5,50.09651056
Low Fat,NCY06,Household,2011,OUT010,Tier 3,Medium,Grocery Store,0.061184804,8.02,154.297,1.3,12,25.2181898
Low Fat,NCU54,Household,2022,OUT018,Tier 3,Medium,Supermarket Type2,0.098822387,16.85,111.854,1.3,1,11.31869037
Low Fat,NCS30,Household,2017,OUT035,Tier 2,Small,Supermarket Type1,0.093214866,12.8,223.54,1.2,6,23.98115339
Low Fat,NCH30,Household,2018,OUT027,Tier 3,Medium,Supermarket Type3,0.067290244,12.6,255.836,1,5,38.01977594
Low Fat,NCX30,Household,2020,OUT017,Tier 2,Small,Supermarket Type1,0.026771204,19.35,80.2644,1,3,29.98161756
Low Fat,NCF07,Household,2016,OUT046,Tier 1,Small,Supermarket Type1,0.03201648,6.15,99.3384,1,7,31.02727096
Low Fat,NCF31,Household,2014,OUT013,Tier 3,High,Supermarket Type1,0.051804278,15.35,218.051,1,9,42.09131146
Low Fat,NCC06,Household,2016,OUT046,Tier 1,Small,Supermarket Type1,0.026963909,20.5,84.3592,1,7,31.28596822
Low Fat,NCB43,Household,2017,OUT035,Tier 2,Small,Supermarket Type1,0.049016517,13,199.443,1,6,40.68893757
Low Fat,NCS06,Household,2014,OUT013,Tier 3,High,Supermarket Type1,0.031866022,14.3,212.559,1,9,66.70396449
Low Fat,NCF42,Household,2015,OUT045,Tier 2,Medium,Supermarket Type1,0.168064909,7.67,36.3216,1,8,2.161165006
Low Fat,NCD30,Household,2014,OUT013,Tier 3,High,Supermarket Type1,0.049016517,17.7,182.827,1,9,37.29905983
Low Fat,NCG30,Household,2018,OUT027,Tier 3,Medium,Supermarket Type3,0.111777297,12.6,63.2826,1,5,5.66148956
Low Fat,NCP02,Household,2014,OUT013,Tier 3,High,Supermarket Type1,0.044591774,8.21,150.839,1,9,33.82664256
Low Fat,NCS38,Household,2012,OUT049,Tier 1,Medium,Supermarket Type1,0.090374342,16.2,101.399,1,11,11.21988805
Low Fat,NCF19,Household,2012,OUT049,Tier 1,Medium,Supermarket Type1,0.03525175,19,105.562,1,11,29.94518003
Low Fat,NCR18,Household,2012,OUT049,Tier 1,Medium,Supermarket Type1,0.020603511,18.35,107.594,1,11,52.22119667
Low Fat,NCB18,Household,2012,OUT049,Tier 1,Medium,Supermarket Type1,0.072295507,8.8,210.661,1,11,29.13887858
Low Fat,NCD07,Household,2012,OUT049,Tier 1,Medium,Supermarket Type1,0.055382616,17.85,127.202,1,11,22.96785692
Low Fat,NCZ54,Household,2012,OUT049,Tier 1,Medium,Supermarket Type1,0.082955719,18.5,118.312,1,11,14.26206673
Low Fat,NCG07,Household,2012,OUT049,Tier 1,Medium,Supermarket Type1,0.052608525,20.85,222.875,1,11,42.36480684
Low Fat,NCH42,Household,2012,OUT049,Tier 1,Medium,Supermarket Type1,0.03674399,17.75,188.024,1,11,51.17136163
Low Fat,NCC31,Household,2012,OUT049,Tier 1,Medium,Supermarket Type1,0.049016517,15.85,39.7506,1,11,8.109633738
Low Fat,NCM30,Household,2012,OUT049,Tier 1,Medium,Supermarket Type1,0.067569539,17,228.835,1,11,33.86659187
Low Fat,NCX06,Household,2012,OUT049,Tier 1,Medium,Supermarket Type1,0.015750947,20.2,94.9752,1,11,60.29808874
Low Fat,NCZ18,Household,2018,OUT019,Tier 1,Small,Grocery Store,0.186067862,12.6,118.181,1,5,6.351499863
Low Fat,NCD54,Household,2018,OUT019,Tier 1,Small,Grocery Store,0.029173031,12.6,197.311,1,5,67.63472743
Low Fat,NCY18,Household,2018,OUT019,Tier 1,Small,Grocery Store,0.031125709,12.6,155.563,1,5,49.97894185
Low Fat,NCP30,Household,2016,OUT046,Tier 1,Small,Supermarket Type1,0.032610007,19.5,155.931,1,7,47.81691706
Low Fat,NCA54,Household,2016,OUT046,Tier 1,Small,Supermarket Type1,0.036611104,9.3,143.979,1,7,39.32659337
Low Fat,NCG55,Household,2016,OUT046,Tier 1,Small,Supermarket Type1,0.039207025,6.13,54.1298,1,7,13.80614826
Low Fat,NCC06,Household,2016,OUT046,Tier 1,Small,Supermarket Type1,0.027139013,6.59,83.4908,1,7,30.76412543
Low Fat,NCB31,Household,2016,OUT046,Tier 1,Small,Supermarket Type1,0.119345629,13.15,160.192,1,7,13.42252761
Low Fat,NCL18,Household,2016,OUT046,Tier 1,Small,Supermarket Type1,0.167844438,17.75,107.591,1,7,6.410161771
Low Fat,NCT30,Household,2016,OUT046,Tier 1,Small,Supermarket Type1,0.080747059,18.5,129.928,1,7,16.09074084
Low Fat,NCH42,Household,2016,OUT046,Tier 1,Small,Supermarket Type1,0.061155983,8.395,97.3042,1,7,15.91082266
Low Fat,NCH18,Household,2016,OUT046,Tier 1,Small,Supermarket Type1,0.074753743,13.15,144.281,1,7,19.30083956
Low Fat,NCK18,Household,2016,OUT046,Tier 1,Small,Supermarket Type1,0.006725388,14.8,75.467,1,7,112.2121133
Low Fat,NCV06,Household,2016,OUT046,Tier 1,Small,Supermarket Type1,0.066668724,6.695,194.082,1,7,29.11140162
Low Fat,NCE54,Household,2016,OUT046,Tier 1,Small,Supermarket Type1,0.02695441,8,250.309,1,7,92.86383935
Low Fat,NCP06,Household,2016,OUT046,Tier 1,Small,Supermarket Type1,0.065689432,9.895,261.728,1,7,39.84324297
Low Fat,NCN30,Household,2016,OUT046,Tier 1,Small,Supermarket Type1,0.016910914,6.69,175.037,1,7,103.5053457
Low Fat,NCC31,Household,2016,OUT046,Tier 1,Small,Supermarket Type1,0.033259081,17.6,97.241,1,7,29.23742842
Low Fat,NCE31,Household,2016,OUT046,Tier 1,Small,Supermarket Type1,0.185218446,20.75,178.832,1,7,9.655193846
Low Fat,NCM42,Household,2015,OUT045,Tier 2,Medium,Supermarket Type1,0.02848169,18.6,58.3588,1,8,20.48993581
Low Fat,NCO42,Household,2015,OUT045,Tier 2,Medium,Supermarket Type1,0.024795057,7.35,40.5454,1,8,16.35221085
Low Fat,NCS54,Household,2015,OUT045,Tier 2,Medium,Supermarket Type1,0.016726506,7.72,76.8986,1,8,45.97409644
Low Fat,NCA42,Household,2015,OUT045,Tier 2,Medium,Supermarket Type1,0.049016517,13.5,182.498,1,8,37.23193959
Low Fat,NCU18,Household,2020,OUT017,Tier 2,Small,Supermarket Type1,0.055793586,7.75,94.3436,1,3,16.90939887
Low Fat,NCQ42,Household,2020,OUT017,Tier 2,Small,Supermarket Type1,0.039078047,6.55,103.333,1,3,26.44272371
Low Fat,NCZ18,Household,2020,OUT017,Tier 2,Small,Supermarket Type1,0.186357148,10.6,40.6454,1,3,2.181048617
Low Fat,NCL18,Household,2020,OUT017,Tier 2,Small,Supermarket Type1,0.293417759,7.39,140.481,1,3,4.787747016
Low Fat,NCP30,Household,2020,OUT017,Tier 2,Small,Supermarket Type1,0.032835147,6.13,110.491,1,3,33.65022243
Low Fat,NCH54,Household,2020,OUT017,Tier 2,High,Supermarket Type1,0.07266912,21.25,147.41,1,3,20.28509496
Low Fat,NCI18,Household,2015,OUT045,Tier 2,High,Supermarket Type1,0.014081156,8.3,98.0384,1,8,69.62382918
Low Fat,NCB19,Household,2015,OUT045,Tier 2,High,Supermarket Type1,0.090436094,6.75,96.9752,1,8,10.72306374
Low Fat,NCX06,Household,2015,OUT045,Tier 2,High,Supermarket Type1,0.01561108,7.42,185.058,1,8,118.5427273
Low Fat,NCZ54,Household,2015,OUT045,Tier 2,High,Supermarket Type1,0.049016517,6.63,58.2588,1,8,11.88554462
Low Fat,NCX42,Household,2020,OUT017,Tier 2,High,Supermarket Type1,0.005949644,7.855,39.2848,1,3,66.02882458
Low Fat,NCR38,Household,2020,OUT017,Tier 2,High,Supermarket Type1,0.113748685,16.1,181.932,1,3,15.99420688
Low Fat,NCZ18,Household,2020,OUT017,Tier 2,High,Supermarket Type1,0.186032678,6.765,105.331,1,3,5.661962249
Low Fat,NCF07,Household,2020,OUT017,Tier 2,Medium,Supermarket Type1,0.031867464,11.5,106.625,1,3,33.45889086
Low Fat,NCY30,Household,2020,OUT017,Tier 2,Medium,Supermarket Type1,0.026005891,12.3,116.883,1,3,44.94481654
Low Fat,NCO30,Household,2017,OUT035,Tier 2,Small,Supermarket Type1,0.015749341,9.1,124.636,1,6,79.13727946
Low Fat,NCB55,Household,2017,OUT035,Tier 2,Small,Supermarket Type1,0.160663021,17.85,93.8436,1,6,5.841020505
Low Fat,NCJ18,Household,2017,OUT035,Tier 2,Small,Supermarket Type1,0.164196823,9.8,217.585,1,6,13.25147442
Low Fat,NCE43,Household,2017,OUT035,Tier 2,Small,Supermarket Type1,0.103422709,11.5,126.37,1,6,12.21878649
Low Fat,NCV42,Household,2017,OUT035,Tier 2,Small,Supermarket Type1,0.031599715,20.75,159.358,1,6,50.43020166
Low Fat,NCH06,Household,2017,OUT035,Tier 2,Small,Supermarket Type1,0.076709639,6.865,127.665,1,6,16.64262818
Low Fat,NCG42,Household,2017,OUT035,Tier 2,Small,Supermarket Type1,0.049016517,13.5,189.187,1,6,38.59658164
Low Fat,NCN18,Household,2017,OUT035,Tier 2,Small,Supermarket Type1,0.124967595,8.6,131.031,1,6,10.48519818
Low Fat,NCV42,Household,2017,OUT035,Tier 2,Small,Supermarket Type1,0.031470832,7.895,59.2588,1,6,18.82975321
Low Fat,NCF31,Household,2017,OUT035,Tier 2,Small,Supermarket Type1,0.051952573,11.6,168.047,1,6,32.3462324
Low Fat,NCQ42,Household,2017,OUT035,Tier 2,Small,Supermarket Type1,0.039428167,8.975,104.099,1,6,26.4021911
Low Fat,NCL18,Household,2017,OUT035,Tier 2,Small,Supermarket Type1,0.167444431,17.7,162.421,1,6,9.699994143
Low Fat,NCH55,Household,2017,OUT035,Tier 2,Small,Supermarket Type1,0.034742632,9.195,158.958,1,6,45.75301031
Low Fat,NCV54,Household,2017,OUT035,Tier 2,Small,Supermarket Type1,0.03294861,19.5,232.496,1,6,70.56321951
Low Fat,NCT18,Household,2017,OUT035,Tier 2,Small,Supermarket Type1,0.059393919,15.7,42.877,1,6,7.219089213
Low Fat,NCV06,Household,2017,OUT035,Tier 2,Small,Supermarket Type1,0.066681333,15,47.2744,1,6,7.089600323
Low Fat,NCK06,Household,2011,OUT010,Tier 3,Medium,Grocery Store,0.008644894,12.15,34.0532,1,12,39.39111341
Low Fat,NCY18,Household,2011,OUT010,Tier 3,Medium,Grocery Store,0.031145743,16.2,41.7454,1,12,13.40324423
Low Fat,NCD19,Household,2011,OUT010,Tier 3,Medium,Grocery Store,0.049016517,10,145.81,1,12,29.74711565
Low Fat,NCV30,Household,2011,OUT010,Tier 3,Medium,Grocery Store,0.110356797,19,211.024,1,12,19.12197579
Low Fat,NCN06,Household,2011,OUT010,Tier 3,Medium,Grocery Store,0.120497266,13.6,176.037,1,12,14.60921113
Low Fat,NCT42,Household,2011,OUT010,Tier 3,High,Grocery Store,0.024926013,14.5,163.621,1,12,65.64266816
Low Fat,NCS30,Household,2011,OUT010,Tier 3,High,Grocery Store,0.093170838,16.5,181.629,1,12,19.4941898
Low Fat,NCF06,Household,2011,OUT010,Tier 3,High,Grocery Store,0.020229757,16.1,124.236,1,12,61.41250238
Low Fat,NCO26,Household,2011,OUT010,Tier 3,High,Grocery Store,0.076975118,12.3,173.14,1,12,22.49298273
Low Fat,NCM06,Household,2011,OUT010,Tier 3,High,Grocery Store,0.075845634,17.7,50.1034,1,12,6.605970226
Low Fat,NCW54,Household,2014,OUT013,Tier 3,High,Supermarket Type1,0.049016517,14,103.833,1,9,21.18326767
Low Fat,NCS42,Household,2014,OUT013,Tier 3,High,Supermarket Type1,0.069524391,14.65,50.3692,1,9,7.244824338
Low Fat,NCU54,Household,2014,OUT013,Tier 3,High,Supermarket Type1,0.098775709,18.2,38.319,1,9,3.879395085
Low Fat,NCT30,Household,2014,OUT013,Tier 3,High,Supermarket Type1,0.080417724,6.965,159.46,1,9,19.82896208
Low Fat,NCK18,Household,2014,OUT013,Tier 3,High,Supermarket Type1,0.006708517,15.1,139.75,1,9,208.3172779
Low Fat,NCK54,Household,2014,OUT013,Tier 3,High,Supermarket Type1,0.029569276,14.8,109.057,1,9,36.88186346
Low Fat,NCR06,Household,2014,OUT013,Tier 3,High,Supermarket Type1,0.006775667,5.785,85.9856,1,9,126.9035211
Low Fat,NCS18,Household,2014,OUT013,Tier 3,High,Supermarket Type1,0.042276746,13.15,172.076,1,9,40.70228111
Low Fat,NCD06,Household,2014,OUT013,Tier 3,High,Supermarket Type1,0.099479703,13.65,34.7532,1,9,3.493496558
Low Fat,NCQ06,Household,2014,OUT013,Tier 3,High,Supermarket Type1,0.04188955,8.615,94.1436,1,9,22.47424477
Low Fat,NCH07,Household,2022,OUT018,Tier 3,Medium,Supermarket Type2,0.092811105,8.935,53.7298,1,1,5.789156373
Low Fat,NCD55,Household,2022,OUT018,Tier 3,Medium,Supermarket Type2,0.024369007,19.1,210.859,1,1,86.52753065
Low Fat,NCZ54,Household,2022,OUT018,Tier 3,Medium,Supermarket Type2,0.083488992,9.8,192.248,1,1,23.02674824
Low Fat,NCI54,Household,2022,OUT018,Tier 3,Medium,Supermarket Type2,0.033651278,16.7,100.038,1,1,29.7278457
Low Fat,NCE30,Household,2022,OUT018,Tier 3,Medium,Supermarket Type2,0.099290166,18.2,250.209,1,1,25.19977658
Low Fat,NCH55,Household,2022,OUT018,Tier 3,Medium,Supermarket Type2,0.034726222,17.25,93.512,1,1,26.92835403
Low Fat,NCH30,Household,2018,OUT027,Tier 3,Medium,Supermarket Type3,0.06725846,12.6,109.323,1,5,16.25416342
Low Fat,NCL30,Household,2018,OUT027,Tier 3,Medium,Supermarket Type3,0.049016517,12.6,196.508,1,5,40.09015981
Low Fat,NCI55,Household,2018,OUT027,Tier 3,Medium,Supermarket Type3,0.012673238,12.6,120.741,1,5,95.27241578
Low Fat,NCI42,Household,2018,OUT027,Tier 3,Medium,Supermarket Type3,0.010381661,12.6,171.742,1,5,165.4282489
Low Fat,NCQ50,Household,2018,OUT027,Tier 3,Medium,Supermarket Type3,0.034360687,12.6,36.6874,1,5,10.67714391
Low Fat,NCC06,Household,2018,OUT027,Tier 3,Medium,Supermarket Type3,0.027028323,12.6,128.368,1,5,47.49388262
Low Fat,NCZ06,Household,2018,OUT027,Tier 3,Medium,Supermarket Type3,0.094308058,12.6,192.448,1,5,20.40631565
Low Fat,NCR50,Household,2018,OUT027,Tier 3,Medium,Supermarket Type3,0.011838464,12.6,178.237,1,5,150.5575385
Low Fat,NCP30,Household,2018,OUT027,Tier 3,Medium,Supermarket Type3,0.032819637,12.6,263.659,1,5,80.33574533
Low Fat,NCR30,Household,2018,OUT027,Tier 3,Medium,Supermarket Type3,0.071103348,12.6,46.2376,1,5,6.50287241
Low Fat,NCA30,Household,2018,OUT027,Tier 3,Medium,Supermarket Type3,0.129534812,12.6,120.507,1,5,9.303059011
Low Fat,NCI54,Household,2018,OUT027,Tier 3,Medium,Supermarket Type3,0.058827583,12.6,139.184,1,5,23.65964959
Low Fat,NCX30,Household,2022,OUT018,Tier 3,Medium,Supermarket Type2,0.046609281,7.905,249.041,4,1,53.43163307
Low Fat,NCD43,Household,2018,OUT019,Tier 1,Small,Grocery Store,0.028048877,12.6,180.034,4,5,64.18581393
Low Fat,NCE30,Household,2011,OUT010,Tier 3,Small,Grocery Store,0.173574402,17.7,185.427,4,12,10.68285403
Low Fat,NCF42,Household,2015,OUT045,Tier 2,Small,Supermarket Type1,0.293066133,17.6,164.853,4,8,5.625112609
Low Fat,NCH43,Household,2016,OUT046,Tier 1,Small,Supermarket Type1,0.123557061,8.645,95.841,4,7,7.756820956
Low Fat,NCH54,Household,2012,OUT049,Tier 1,Medium,Supermarket Type1,0.127234249,7.825,254.37,4,11,19.99225853
Low Fat,NCH55,Household,2020,OUT017,Tier 2,Small,Supermarket Type1,0.060706749,19,104.962,4,3,17.2900051
Low Fat,NCJ06,Household,2016,OUT046,Tier 1,Small,Supermarket Type1,0.060672263,11.8,180.334,4,7,29.72264278
Low Fat,NCJ42,Household,2018,OUT019,Tier 1,Small,Grocery Store,0.025039776,12.6,194.614,4,5,77.72194128
Low Fat,NCM30,Household,2018,OUT027,Tier 3,Medium,Supermarket Type3,0.117825569,12.6,171.376,4,5,14.54489051
Low Fat,NCR30,Household,2020,OUT017,Tier 2,Small,Supermarket Type1,0.124299531,15.5,177.003,4,3,14.24003764
Low Fat,NCS06,Household,2017,OUT035,Tier 2,Small,Supermarket Type1,0.055566935,6.055,160.992,4,6,28.97262554
Low Fat,NCT30,Household,2012,OUT049,Tier 1,Medium,Supermarket Type1,0.140582485,20.85,117.281,4,11,8.342504402
Low Fat,NCU18,Household,2011,OUT010,Tier 3,Small,Grocery Store,0.097768728,20.75,122.173,4,12,12.49612248
Low Fat,NCX18,Household,2012,OUT049,Tier 1,Medium,Supermarket Type1,0.015397129,12.15,246.046,4,11,159.7999211
Low Fat,NCX42,Household,2015,OUT045,Tier 2,Small,Supermarket Type1,0.010467749,13.3,151.071,4,8,144.3204265
Low Fat,NCZ18,Household,2018,OUT027,Tier 3,Medium,Supermarket Type3,0.325780807,12.6,178.534,4,5,5.480187788
Low Fat,NCU30,Household,2014,OUT013,Tier 3,High,Supermarket Type1,0.034874689,10.5,163.121,4,9,46.7734637
Low Fat,NCS30,Household,2018,OUT027,Tier 3,Medium,Supermarket Type3,0.093026207,12.6,121.71,4,5,13.08340993
Low Fat,NCY42,Household,2012,OUT049,Tier 1,Medium,Supermarket Type1,0.015162573,7.5,239.091,4,11,157.6849787
Low Fat,NCB19,Household,2017,OUT035,Tier 2,Small,Supermarket Type1,0.090295708,7.485,109.023,4,6,12.07399581
Low Fat,NCS06,Household,2020,OUT017,Tier 2,Small,Supermarket Type1,0.049016517,11.6,140.315,4,3,28.62606496
Low Fat,NCS38,Household,2011,OUT010,Tier 3,Small,Grocery Store,0.090191431,20.25,92.512,4,12,10.25729373
Low Fat,NCS42,Household,2020,OUT017,Tier 2,Small,Supermarket Type1,0.069416467,19.25,52.7956,4,3,7.60563052
Low Fat,NCU54,Household,2014,OUT013,Tier 3,High,Supermarket Type1,0.098622378,8.88,151.768,4,9,15.38879949
Low Fat,NCX54,Household,2015,OUT045,Tier 2,Small,Supermarket Type1,0.048059871,20.5,40.2822,4,8,8.381670438
Low Fat,NCA18,Household,2016,OUT046,Tier 1,Small,Supermarket Type1,0.056077574,13.5,160.292,4,7,28.58397548
Low Fat,NCN26,Household,2018,OUT027,Tier 3,Medium,Supermarket Type3,0.028679894,12.6,224.44,4,5,78.25691406
Low Fat,NCG54,Household,2018,OUT027,Tier 3,Medium,Supermarket Type3,0.079806266,12.6,165.453,4,5,20.73183076
Low Fat,NCG07,Household,2015,OUT045,Tier 2,Small,Supermarket Type1,0.052502049,6.92,60.5852,4,8,11.53958772
Low Fat,NCJ18,Household,2012,OUT049,Tier 1,Medium,Supermarket Type1,0.163941937,18.6,246.38,4,11,15.02849146
Low Fat,NCU18,Household,2017,OUT035,Tier 2,Small,Supermarket Type1,0.055840055,16,226.84,4,6,40.62316916
Low Fat,NCE30,Household,2020,OUT017,Tier 2,Small,Supermarket Type1,0.099136036,14.6,50.3692,4,3,5.080816425
Low Fat,NCX30,Household,2018,OUT027,Tier 3,Medium,Supermarket Type3,0.026620627,12.6,31.29,4,5,11.75404321
Low Fat,NCF30,Household,2022,OUT018,Tier 3,Medium,Supermarket Type2,0.126244059,18.35,223.575,4,1,17.70974427
Low Fat,NCH30,Household,2020,OUT017,Tier 2,Small,Supermarket Type1,0.067154053,18.6,99.8358,4,3,14.86668273
Low Fat,NCL30,Household,2020,OUT017,Tier 2,Small,Supermarket Type1,0.048940428,13.85,140.915,4,3,28.79316871
Low Fat,NCI42,Household,2016,OUT046,Tier 1,Small,Supermarket Type1,0.010365546,6.155,214.556,4,7,206.9895787
Low Fat,NCQ50,Household,2022,OUT018,Tier 3,Medium,Supermarket Type2,0.034307348,12.15,125.005,4,1,36.43680065
Low Fat,NCL18,Household,2011,OUT010,Tier 3,Small,Grocery Store,0.16758389,17.7,115.183,4,12,6.873154693
Low Fat,NCC06,Household,2018,OUT019,Tier 1,Small,Grocery Store,0.026986367,12.6,42.1112,4,5,15.60461992
Low Fat,NCB18,Household,2018,OUT027,Tier 3,Medium,Supermarket Type3,0.041291169,12.6,153.066,4,5,37.06991197
Low Fat,NCI43,Household,2014,OUT013,Tier 3,High,Supermarket Type1,0.025968706,5.75,112.818,4,9,43.44382812
Low Fat,NCA06,Household,2018,OUT027,Tier 3,Medium,Supermarket Type3,0.143283608,12.6,226.806,4,5,15.82916589
Low Fat,NCE54,Household,2015,OUT045,Tier 2,Small,Supermarket Type1,0.026899856,19.75,179.766,4,8,66.82786703
Low Fat,NCP06,Household,2012,OUT049,Tier 1,Medium,Supermarket Type1,0.039245805,6.525,85.0882,4,11,21.68083952
Low Fat,NCD54,Household,2012,OUT049,Tier 1,Medium,Supermarket Type1,0.029008944,10.3,103.965,4,11,35.83894677
Low Fat,NCW54,Household,2018,OUT027,Tier 3,Medium,Supermarket Type3,0.096413261,12.6,182.598,4,5,18.93909594
Low Fat,NCW42,Household,2016,OUT046,Tier 1,Small,Supermarket Type1,0.058799705,10.5,37.6164,4,7,6.397379034
Low Fat,NCU30,Household,2016,OUT046,Tier 1,Small,Supermarket Type1,0.034945416,19,48.0718,4,7,13.75625347
Low Fat,NCY42,Household,2017,OUT035,Tier 2,Small,Supermarket Type1,0.015193323,5.26,161.887,4,6,106.5514108
Low Fat,NCZ30,Household,2015,OUT045,Tier 2,Small,Supermarket Type1,0.026238087,18.25,140.215,4,8,53.43949046
Low Fat,NCY18,Household,2016,OUT046,Tier 1,Small,Supermarket Type1,0.031214809,15.1,242.751,4,7,77.76789536
Low Fat,NCQ30,Household,2017,OUT035,Tier 2,Small,Supermarket Type1,0.029131242,9.5,32.99,4,6,11.32461156
Low Fat,NCS06,Household,2011,OUT010,Tier 3,Small,Grocery Store,0.031801103,14.65,161.555,4,12,50.80169704
Low Fat,NCE55,Household,2012,OUT049,Tier 1,Medium,Supermarket Type1,0.130191993,4.88,52.9298,4,11,4.065518837
Low Fat,NCJ54,Household,2016,OUT046,Tier 1,Small,Supermarket Type1,0.060188932,15.85,37.2506,4,7,6.18894517
Low Fat,NCA18,Household,2018,OUT019,Tier 1,Small,Grocery Store,0.056191301,12.6,211.956,4,5,37.72042936
Low Fat,NCI06,Household,2017,OUT035,Tier 2,Small,Supermarket Type1,0.047814463,9,79.7644,4,6,16.68206542
Low Fat,NCV06,Household,2018,OUT027,Tier 3,Medium,Supermarket Type3,0.066816565,12.6,165.653,4,5,24.79220535
Low Fat,NCK54,Household,2015,OUT045,Tier 2,Small,Supermarket Type1,0.029583249,14.1,86.4198,4,8,29.21241004
Low Fat,NCP18,Household,2018,OUT027,Tier 3,Medium,Supermarket Type3,0.028656248,12.6,79.9618,4,5,27.90379257
Low Fat,NCS18,Household,2015,OUT045,Tier 2,Small,Supermarket Type1,0.042296724,17.25,251.372,4,8,59.43060744
Low Fat,NCS54,Household,2020,OUT017,Tier 2,Small,Supermarket Type1,0.010013429,16.35,227.606,4,3,227.3007578
Low Fat,NCW06,Household,2017,OUT035,Tier 2,Small,Supermarket Type1,0.050442528,7.905,249.041,4,6,49.37123691
Low Fat,NCQ54,Household,2012,OUT049,Tier 1,Medium,Supermarket Type1,0.012567811,10.1,75.367,4,11,59.96827928
Low Fat,NCI55,Household,2018,OUT019,Tier 1,Small,Grocery Store,0.012679226,12.6,152.034,4,5,119.9079502
Low Fat,NCG30,Household,2012,OUT049,Tier 1,Medium,Supermarket Type1,0.112549008,7.785,61.451,4,11,5.459932619
Low Fat,NCG43,Household,2015,OUT045,Tier 2,Small,Supermarket Type1,0.074390007,13.15,171.876,4,8,23.1047162
Low Fat,NCI30,Household,2020,OUT017,Tier 2,Small,Supermarket Type1,0.059055045,8.5,51.1324,4,3,8.658430452
Low Fat,NCA06,Household,2014,OUT013,Tier 3,High,Supermarket Type1,0.143574191,12.8,225.94,4,9,15.73681164
Low Fat,NCR30,Household,2020,OUT017,Tier 2,Small,Supermarket Type1,0.071136948,15.85,36.7164,4,3,5.161368464
Low Fat,NCS30,Household,2014,OUT013,Tier 3,High,Supermarket Type1,0.049016517,15.7,178.666,4,9,36.4501623
Low Fat,NCJ43,Household,2014,OUT013,Tier 3,High,Supermarket Type1,0.027222517,20.35,260.159,4,9,95.56757738
Low Fat,NCA42,Household,2017,OUT035,Tier 2,Small,Supermarket Type1,0.028710065,19.85,264.088,4,6,91.98446607
Low Fat,NCY18,Household,2014,OUT013,Tier 3,High,Supermarket Type1,0.031327839,16.75,256.499,4,9,81.87573998
Low Fat,NCK42,Household,2011,OUT010,Tier 3,Small,Grocery Store,0.01319424,7.905,250.441,4,12,189.8108569
Low Fat,NCM06,Household,2017,OUT035,Tier 2,Small,Supermarket Type1,0.076156245,7.825,253.07,4,6,33.23036738
Low Fat,NCN06,Household,2018,OUT027,Tier 3,Medium,Supermarket Type3,0.121178848,12.6,101.002,4,5,8.334952978
Low Fat,NCH43,Household,2018,OUT019,Tier 1,Small,Grocery Store,0.070968081,12.6,190.385,4,5,26.8268491
Low Fat,NCT54,Household,2015,OUT045,Tier 2,Small,Supermarket Type1,0.120211747,7.27,113.552,4,8,9.445998651
Low Fat,NCE55,Household,2018,OUT027,Tier 3,Medium,Supermarket Type3,0.130663423,12.6,174.071,4,5,13.32209091
Low Fat,NCH06,Household,2022,OUT018,Tier 3,Medium,Supermarket Type2,0.076987408,7.075,142.713,4,1,18.53718728
Low Fat,NCY06,Household,2016,OUT046,Tier 1,Small,Supermarket Type1,0.06153089,6.095,141.415,4,7,22.98276524
Low Fat,NCH55,Household,2022,OUT018,Tier 3,Medium,Supermarket Type2,0.049016517,7.075,98.0068,4,1,19.99464793
Low Fat,NCX06,Household,2017,OUT035,Tier 2,Small,Supermarket Type1,0.015775777,20.25,193.616,4,6,122.7299296
Low Fat,NCL42,Household,2018,OUT027,Tier 3,Medium,Supermarket Type3,0.040599963,12.6,60.222,4,5,14.83301844
Low Fat,NCO30,Household,2014,OUT013,Tier 3,High,Supermarket Type1,0.01581384,16.7,112.718,4,9,71.27807035
Low Fat,NCI43,Household,2015,OUT045,Tier 2,Small,Supermarket Type1,0.026115595,7.07,115.583,4,8,44.25822961
Low Fat,NCJ06,Household,2011,OUT010,Tier 3,Small,Grocery Store,0.034848629,19,228.272,4,12,65.50386817
Low Fat,NCB43,Household,2012,OUT049,Tier 1,Medium,Supermarket Type1,0.100477461,9.695,223.94,4,11,22.28758547
Low Fat,NCQ42,Household,2020,OUT017,Tier 2,Small,Supermarket Type1,0.049016517,11.15,149.971,4,3,30.59601318
Low Fat,NCA06,Household,2012,OUT049,Tier 1,Medium,Supermarket Type1,0.144094079,20.85,103.231,4,11,7.164138923
Low Fat,NCR54,Household,2014,OUT013,Tier 3,High,Supermarket Type1,0.091074449,16.35,165.084,4,9,18.12626942
Low Fat,NCW30,Household,2015,OUT045,Tier 2,Small,Supermarket Type1,0.011007815,9.6,101.299,4,8,92.02462069
Low Fat,NCB31,Household,2018,OUT027,Tier 3,Medium,Supermarket Type3,0.118651919,12.6,129.999,4,5,10.95633354
Low Fat,NCC19,Household,2014,OUT013,Tier 3,High,Supermarket Type1,0.096862255,20.7,76.367,4,9,7.884082401
Low Fat,NCZ30,Household,2018,OUT027,Tier 3,Medium,Supermarket Type3,0.026180032,12.6,158.46,4,5,60.52704596
Low Fat,NCH42,Household,2018,OUT027,Tier 3,Medium,Supermarket Type3,0.036530411,12.6,230.998,4,5,63.23443774
Low Fat,NCN06,Household,2016,OUT046,Tier 1,Small,Supermarket Type1,0.120474481,5.5,101.302,4,7,8.408585715
Low Fat,NCY54,Household,2020,OUT017,Tier 2,Small,Supermarket Type1,0.177661246,15.7,122.905,4,3,6.9179409
Low Fat,NCE19,Household,2015,OUT045,Tier 2,Small,Supermarket Type1,0.092997032,20.25,180.998,4,8,19.46277167
Low Fat,NCX54,Household,2012,OUT049,Tier 1,Medium,Supermarket Type1,0.048050783,19.5,182.261,4,11,37.93091155
Low Fat,NCK18,Household,2022,OUT018,Tier 3,Medium,Supermarket Type2,0.049016517,20.85,104.065,4,1,21.23059866
Low Fat,NCV54,Household,2014,OUT013,Tier 3,High,Supermarket Type1,0.033102681,11.395,233.162,4,9,70.43598674
Low Fat,NCQ06,Household,2016,OUT046,Tier 1,Small,Supermarket Type1,0.041816615,10,118.244,4,7,28.27679859
Low Fat,NCH07,Household,2018,OUT019,Tier 1,Small,Grocery Store,0.09264951,12.6,182.629,4,5,19.71181499
Low Fat,NCS54,Household,2014,OUT013,Tier 3,High,Supermarket Type1,0.009991273,8.1,211.49,4,9,211.6747285
Low Fat,NCW18,Household,2020,OUT017,Tier 2,Small,Supermarket Type1,0.059313603,15.7,110.154,4,3,18.57145653
Low Fat,NCD18,Household,2017,OUT035,Tier 2,Small,Supermarket Type1,0.072655379,9,176.437,4,6,24.28409327
Low Fat,NCW06,Household,2014,OUT013,Tier 3,High,Supermarket Type1,0.049016517,16.75,169.811,4,9,34.64362839
Low Fat,NCT06,Household,2017,OUT035,Tier 2,Small,Supermarket Type1,0.038730229,7.47,214.322,4,6,55.3371373
Low Fat,NCR38,Household,2018,OUT027,Tier 3,Medium,Supermarket Type3,0.113497001,12.6,231.796,4,5,20.4230947
Low Fat,NCI55,Household,2018,OUT027,Tier 3,Medium,Supermarket Type3,0.012651172,12.6,38.019,4,5,30.05176121
Low Fat,NCA30,Household,2022,OUT018,Tier 3,Medium,Supermarket Type2,0.129309277,13.85,119.412,4,1,9.234604258
Low Fat,NCG42,Household,2017,OUT035,Tier 2,Small,Supermarket Type1,0.041220035,15.85,96.4094,4,6,23.38896607
Low Fat,NCO30,Household,2018,OUT027,Tier 3,Medium,Supermarket Type3,0.01572192,12.6,52.6666,4,5,33.49883475
Low Fat,NCB18,Household,2016,OUT046,Tier 1,Small,Supermarket Type1,0.041283361,20.75,150.502,4,7,36.45584961
Low Fat,NCY30,Household,2016,OUT046,Tier 1,Small,Supermarket Type1,0.02594835,10.195,143.215,4,7,55.192334
Low Fat,NCE54,Household,2015,OUT045,Tier 2,Small,Supermarket Type1,0.02689477,7.605,164.021,4,8,60.98620661
Low Fat,NCQ30,Household,2018,OUT019,Tier 1,Small,Grocery Store,0.048661041,12.6,228.935,4,5,47.04687678
Low Fat,NCA29,Household,2012,OUT049,Tier 1,Medium,Supermarket Type1,0.045655118,6.865,212.822,4,11,46.61514619
Low Fat,NCN26,Household,2018,OUT027,Tier 3,Medium,Supermarket Type3,0.048004263,12.6,126.234,4,5,26.29641455
Low Fat,NCJ18,Household,2016,OUT046,Tier 1,Small,Supermarket Type1,0.274405193,15.7,59.4562,4,7,2.166730132
Low Fat,NCJ43,Household,2018,OUT019,Tier 1,Small,Grocery Store,0.045308629,12.6,41.6454,4,5,9.191494185
Low Fat,NCE31,Household,2015,OUT045,Tier 2,Small,Supermarket Type1,0.309390255,6.655,211.059,4,8,6.821772715
Low Fat,NCD43,Household,2022,OUT018,Tier 3,Medium,Supermarket Type2,0.026814124,20.35,256.767,4,1,95.75811613
Low Fat,NCO14,Household,2012,OUT049,Tier 1,Medium,Supermarket Type1,0.049617765,18.85,190.185,4,11,38.33002152
Low Fat,NCH54,Household,2022,OUT018,Tier 3,Medium,Supermarket Type2,0.12163321,17.5,182.627,4,1,15.01456716
Low Fat,NCX18,Household,2018,OUT019,Tier 1,Small,Grocery Store,0.014719325,12.6,155.731,4,5,105.8003679
Low Fat,NCL06,Household,2012,OUT049,Tier 1,Medium,Supermarket Type1,0.120624771,12.35,120.512,4,11,9.990651091
Low Fat,NCN30,Household,2018,OUT019,Tier 1,Small,Grocery Store,0.02844314,12.6,49.6008,4,5,17.43858097
Low Fat,NCQ54,Household,2015,OUT045,Tier 2,Small,Supermarket Type1,0.020993364,18.25,196.745,4,8,93.71771003
Low Fat,NCF54,Household,2014,OUT013,Tier 3,High,Supermarket Type1,0.079299474,10.3,85.854,4,9,10.82655353
Low Fat,NCW42,Household,2017,OUT035,Tier 2,Small,Supermarket Type1,0.097865088,12.5,169.945,4,6,17.36523243
Low Fat,NCA30,Household,2016,OUT046,Tier 1,Small,Supermarket Type1,0.216478153,20.25,93.212,4,7,4.305838659
Low Fat,NCG43,Household,2018,OUT027,Tier 3,Medium,Supermarket Type3,0.124261614,12.6,40.2822,4,5,3.241725156
Low Fat,NCR30,Household,2020,OUT017,Tier 2,Small,Supermarket Type1,0.118827682,15.85,38.6506,4,3,3.252659595
Low Fat,NCX54,Household,2020,OUT017,Tier 2,Small,Supermarket Type1,0.080442371,6.26,111.323,4,3,13.83885117
Low Fat,NCM30,Household,2015,OUT045,Tier 2,Small,Supermarket Type1,0.067239404,7.975,85.125,4,8,12.65998729
Low Fat,NCF55,Household,2015,OUT045,Tier 2,Small,Supermarket Type1,0.021648305,12.3,247.846,4,8,114.4874853
Low Fat,NCS06,Household,2018,OUT027,Tier 3,Medium,Supermarket Type3,0.031710329,12.6,184.727,4,5,58.25452016
Low Fat,NCP14,Household,2017,OUT035,Tier 2,Small,Supermarket Type1,0.110197977,8.895,235.862,4,6,21.40347821
Low Fat,NCH43,Household,2018,OUT019,Tier 1,Small,Grocery Store,0.070510189,12.6,37.4506,4,5,5.311374219
Low Fat,NCT54,Household,2012,OUT049,Tier 1,Medium,Supermarket Type1,0.119436131,15.25,177.966,4,11,14.90051616
Low Fat,NCD43,Household,2018,OUT027,Tier 3,Medium,Supermarket Type3,0.016006626,12.6,196.877,4,5,122.9971888
Low Fat,NCE19,Household,2015,OUT045,Tier 2,Medium,Supermarket Type1,0.092937216,19.2,127.831,4,8,13.75455447
Low Fat,NCK18,Household,2020,OUT017,Tier 2,Medium,Supermarket Type1,0.006692529,10,144.01,4,3,215.1802405
Low Fat,NCJ54,Household,2018,OUT019,Tier 1,Small,Grocery Store,0.060017128,12.6,95.9752,4,5,15.99130168
Low Fat,NCE18,Household,2022,OUT018,Tier 3,Medium,Supermarket Type2,0.021407511,5.695,258.565,4,1,120.782374
Low Fat,NCZ42,Household,2015,OUT045,Tier 2,Medium,Supermarket Type1,0.011278535,18.2,37.819,4,8,33.53183725
Low Fat,NCQ06,Household,2015,OUT045,Tier 2,Medium,Supermarket Type1,0.041789718,8.895,112.754,4,8,26.98127803
Low Fat,NCW18,Household,2011,OUT010,Tier 3,Medium,Grocery Store,0.059275452,8.71,49.5376,4,12,8.357186378
Low Fat,NCD18,Household,2012,OUT049,Tier 1,Medium,Supermarket Type1,0.072608647,18.1,158.129,4,11,21.7782601
Low Fat,NCG55,Household,2012,OUT049,Tier 1,Medium,Supermarket Type1,0.039113587,8.71,43.8744,4,11,11.21717627
Low Fat,NCC30,Household,2011,OUT010,Tier 3,Medium,Grocery Store,0.027556247,12.15,252.07,4,12,91.47472078
Low Fat,NCI55,Household,2016,OUT046,Tier 1,Small,Supermarket Type1,0.012643035,14.1,139.85,4,7,110.6142631
Low Fat,NCI42,Household,2018,OUT019,Tier 1,Small,Grocery Store,0.01035692,12.6,168.416,4,5,162.6120507
Low Fat,NCA30,Household,2020,OUT017,Tier 2,Medium,Supermarket Type1,0.129226104,19.75,190.687,4,3,14.75607436
Low Fat,NCD30,Household,2020,OUT017,Tier 2,Medium,Supermarket Type1,0.026826919,10.3,78.696,4,3,29.33471414
Low Fat,NCG30,Household,2018,OUT027,Tier 3,Medium,Supermarket Type3,0.112227747,12.6,108.591,4,5,9.675949389
Low Fat,NCG43,Household,2020,OUT017,Tier 2,Medium,Supermarket Type1,0.074177667,10.8,193.45,4,3,26.07927801
Low Fat,NCI30,Household,2011,OUT010,Tier 3,Medium,Grocery Store,0.058886477,19.1,40.2138,4,12,6.829038185
Low Fat,NCN42,Household,2017,OUT035,Tier 2,Small,Supermarket Type1,0.049016517,6.785,211.093,4,6,43.06568743
Low Fat,NCY30,Household,2015,OUT045,Tier 2,Medium,Supermarket Type1,0.02593166,5.78,264.957,4,8,102.1751018
Low Fat,NCQ42,Household,2012,OUT049,Tier 1,Medium,Supermarket Type1,0.039235527,20.25,194.116,4,11,49.47454892
Low Fat,NCE54,Household,2015,OUT045,Tier 2,Medium,Supermarket Type1,0.026877471,13.65,149.005,4,8,55.43862367
Low Fat,NCD54,Household,2022,OUT018,Tier 3,Medium,Supermarket Type2,0.028984804,8.68,99.7384,4,1,34.41058287
Low Fat,NCC43,Household,2018,OUT019,Tier 1,Small,Grocery Store,0.092705683,12.6,36.2506,4,5,3.910288865
Low Fat,NCQ06,Household,2012,OUT049,Tier 1,Medium,Supermarket Type1,0.041994899,6.26,110.223,4,11,26.24675916
Low Fat,NCF18,Household,2020,OUT017,Tier 2,Medium,Supermarket Type1,0.089345074,6.92,91.8804,4,3,10.28376785
Low Fat,NCU30,Household,2016,OUT046,Tier 1,Small,Supermarket Type1,0.049016517,9.195,182.763,4,7,37.286003
Low Fat,NCB31,Household,2014,OUT013,Tier 3,High,Supermarket Type1,0.119157788,9.8,192.148,4,9,16.12550914
Low Fat,NCY18,Household,2018,OUT027,Tier 3,Medium,Supermarket Type3,0.031278532,12.6,109.223,4,5,34.91947768
Low Fat,NCC43,Household,2015,OUT045,Tier 2,Medium,Supermarket Type1,0.093160853,9.13,152.302,4,8,16.34828311
Low Fat,NCE31,Household,2016,OUT046,Tier 1,Small,Supermarket Type1,0.185596553,20.85,193.945,4,7,10.44981692
Low Fat,NCE07,Household,2022,OUT018,Tier 3,Medium,Supermarket Type2,0.013183517,20.85,115.181,4,1,87.3674301
Low Fat,NCH43,Household,2012,OUT049,Tier 1,Medium,Supermarket Type1,0.070856383,19.2,112.989,4,11,15.94619923
Low Fat,NCT54,Household,2017,OUT035,Tier 2,Small,Supermarket Type1,0.120022543,6.675,90.7462,4,6,7.560762981
Low Fat,NCU54,Household,2018,OUT027,Tier 3,Medium,Supermarket Type3,0.099024124,12.6,87.9172,4,5,8.878361802
Low Fat,NCH18,Household,2015,OUT045,Tier 2,Medium,Supermarket Type1,0.044843161,16.85,90.7488,4,8,20.236932
Low Fat,NCV06,Household,2015,OUT045,Tier 2,Medium,Supermarket Type1,0.066952965,7.435,206.964,4,8,30.91184983
Low Fat,NCG54,Household,2020,OUT017,Tier 2,Medium,Supermarket Type1,0.080131363,9.195,160.558,4,3,20.03684874
Low Fat,NCS18,Household,2014,OUT013,Tier 3,High,Supermarket Type1,0.042383069,16,79.5986,4,9,18.78075417
Low Fat,NCX18,Household,2012,OUT049,Tier 1,Medium,Supermarket Type1,0.008829806,20.6,120.176,4,11,136.1026505
Low Fat,NCZ54,Household,2022,OUT018,Tier 3,Medium,Supermarket Type2,0.083698962,20.35,127.968,4,1,15.2890785
Low Fat,NCG18,Household,2022,OUT018,Tier 3,Medium,Supermarket Type2,0.023071504,8.195,93.1462,4,1,40.37283395
Low Fat,NCP54,Household,2015,OUT045,Tier 2,Medium,Supermarket Type1,0.035292855,17.75,248.675,4,8,70.46043739
Low Fat,NCR18,Household,2022,OUT018,Tier 3,Medium,Supermarket Type2,0.020571083,19,188.721,4,1,91.74091612
Low Fat,NCD18,Household,2018,OUT027,Tier 3,Medium,Supermarket Type3,0.072965144,12.6,174.837,4,5,23.9617152
Low Fat,NCG06,Household,2018,OUT027,Tier 3,Medium,Supermarket Type3,0.029565309,12.6,58.7904,4,5,19.88492662
Low Fat,NCX30,Household,2015,OUT045,Tier 2,Medium,Supermarket Type1,0.026729068,17.1,112.389,4,8,42.04748179
Low Fat,NCH30,Household,2018,OUT019,Tier 1,Small,Grocery Store,0.049016517,12.6,145.21,4,5,29.62470793
Low Fat,NCW42,Household,2014,OUT013,Tier 3,High,Supermarket Type1,0.058707159,18.5,118.412,4,9,20.16994214
Low Fat,NCL18,Household,2016,OUT046,Tier 1,Small,Supermarket Type1,0.168266556,11.6,238.322,4,7,14.16336114
Low Fat,NCC18,Household,2020,OUT017,Tier 2,Medium,Supermarket Type1,0.177992139,16,142.35,4,3,7.997544206
Low Fat,NCG42,Household,2022,OUT018,Tier 3,Medium,Supermarket Type2,0.041395775,14.15,51.6982,4,1,12.48876244
Low Fat,NCZ06,Household,2012,OUT049,Tier 1,Medium,Supermarket Type1,0.094545236,5.655,147.41,4,11,15.59147835
Low Fat,NCI43,Household,2020,OUT017,Tier 2,Medium,Supermarket Type1,0.026074491,20,46.2744,4,3,17.74700032
Low Fat,NCI30,Household,2011,OUT010,Tier 3,Medium,Grocery Store,0.0591756,11.8,46.5402,4,12,7.864761828
Low Fat,NCN54,Household,2015,OUT045,Tier 2,Medium,Supermarket Type1,0.021413346,16.75,102.867,4,8,48.03873248
Low Fat,NCE54,Household,2022,OUT018,Tier 3,Medium,Supermarket Type2,0.049016517,13.3,234.03,4,1,47.74513048
Low Fat,NCE43,Household,2014,OUT013,Tier 3,High,Supermarket Type1,0.102941345,18.85,194.614,4,9,18.90532905
Low Fat,NCJ30,Household,2022,OUT018,Tier 3,Medium,Supermarket Type2,0.080249973,12.15,253.17,4,1,31.54767417
Low Fat,NCY06,Household,2014,OUT013,Tier 3,High,Supermarket Type1,0.060888514,4.785,120.11,4,9,19.72621634
Low Fat,NCB31,Household,2012,OUT049,Tier 1,Medium,Supermarket Type1,0.118099673,20,105.362,4,11,8.921447225
Low Fat,NCB43,Household,2018,OUT027,Tier 3,Medium,Supermarket Type3,0.099428487,12.6,43.4112,4,5,4.366072673
Low Fat,NCC07,Household,2020,OUT017,Tier 2,Medium,Supermarket Type1,0.023835164,13.65,212.99,4,3,89.35956975
Low Fat,NCD18,Household,2012,OUT049,Tier 1,Medium,Supermarket Type1,0.072317217,11.1,189.285,4,11,26.17426497
Low Fat,NCD31,Household,2011,OUT010,Tier 3,Medium,Grocery Store,0.015359722,8.785,123.041,4,12,80.10626755
Low Fat,NCD54,Household,2017,OUT035,Tier 2,Small,Supermarket Type1,0.028868467,20.6,185.956,4,6,64.41492027
Low Fat,NCE31,Household,2015,OUT045,Tier 2,Medium,Supermarket Type1,0.183948465,7.89,121.078,4,8,6.582169631
Low Fat,NCF18,Household,2014,OUT013,Tier 3,High,Supermarket Type1,0.088551694,16.85,185.827,4,9,20.98514343
Low Fat,NCG06,Household,2015,OUT045,Tier 2,Medium,Supermarket Type1,0.02930277,16.35,127.402,4,8,43.4778009
Low Fat,NCH18,Household,2018,OUT027,Tier 3,Medium,Supermarket Type3,0.044444956,12.6,197.377,4,5,44.40931385
Low Fat,NCH30,Household,2018,OUT027,Tier 3,Medium,Supermarket Type3,0.066828857,12.6,116.812,4,5,17.47927546
Low Fat,NCH42,Household,2018,OUT027,Tier 3,Medium,Supermarket Type3,0.036360386,12.6,50.2324,4,5,13.81514487
Low Fat,NCI54,Household,2017,OUT035,Tier 2,Small,Supermarket Type1,0.033436336,14.6,181.798,4,6,54.37138806
Low Fat,NCI55,Household,2016,OUT046,Tier 1,Small,Supermarket Type1,0.012592289,11.3,194.448,4,7,154.4183111
Low Fat,NCJ43,Household,2012,OUT049,Tier 1,Medium,Supermarket Type1,0.026938317,10.395,160.06,4,11,59.41722343
Low Fat,NCK42,Household,2016,OUT046,Tier 1,Small,Supermarket Type1,0.013056494,20.7,175.803,4,7,134.6479384
Low Fat,NCM06,Household,2018,OUT019,Tier 1,Small,Grocery Store,0.075361182,12.6,147.176,4,5,19.52941768
Low Fat,NCM18,Household,2016,OUT046,Tier 1,Small,Supermarket Type1,0.082440705,19.35,167.047,4,7,20.26268456
Low Fat,NCO42,Household,2020,OUT017,Tier 2,Medium,Supermarket Type1,0.024536199,15.2,50.3034,4,3,20.50170852
Low Fat,NCQ06,Household,2022,OUT018,Tier 3,Medium,Supermarket Type2,0.041621987,14.3,78.2302,4,1,18.79540254
Low Fat,NCS38,Household,2018,OUT027,Tier 3,Medium,Supermarket Type3,0.049016517,12.6,146.81,4,5,29.95112851
Low Fat,NCS54,Household,2020,OUT017,Tier 2,Medium,Supermarket Type1,0.00994477,10.1,38.2848,4,3,38.49742126
Low Fat,NCV06,Household,2018,OUT027,Tier 3,Medium,Supermarket Type3,0.066358426,12.6,41.548,4,5,6.261149112
Low Fat,NCW18,Household,2017,OUT035,Tier 2,Small,Supermarket Type1,0.059037538,5.03,122.676,4,6,20.77932179
Low Fat,NCW42,Household,2017,OUT035,Tier 2,Small,Supermarket Type1,0.058185842,7.285,173.605,4,6,29.83629592
Low Fat,NCX30,Household,2018,OUT027,Tier 3,Medium,Supermarket Type3,0.026491715,12.6,164.384,4,5,62.05109786
Low Fat,NCY18,Household,2016,OUT046,Tier 1,Small,Supermarket Type1,0.03100078,18.25,199.008,4,7,64.19451382
Low Fat,NCY54,Household,2012,OUT049,Tier 1,Medium,Supermarket Type1,0.176834351,16.75,72.3038,4,11,4.088787025
Low Fat,FDH19,Meat,2011,OUT010,Tier 3,Medium,Grocery Store,0.03292824,12.1,178.166,4,12,54.10735587
Regular,FDP51,Meat,2016,OUT046,Tier 1,Small,Supermarket Type1,0.085274988,19.5,158.992,4,7,18.64462297
Low Fat,FDK43,Meat,2020,OUT017,Tier 2,Medium,Supermarket Type1,0.026882496,13.65,230.667,4,3,85.8056484
Regular,FDS27,Meat,2017,OUT035,Tier 2,Small,Supermarket Type1,0.012477512,13.15,170.676,4,6,136.7868851
Regular,FDU15,Meat,2016,OUT046,Tier 1,Small,Supermarket Type1,0.026643448,20.6,211.424,4,7,79.35309274
Low Fat,FDN15,Meat,2017,OUT035,Tier 2,Small,Supermarket Type1,0.029299175,6.28,87.9198,4,6,30.0076026
Regular,FDQ27,Meat,2016,OUT046,Tier 1,Small,Supermarket Type1,0.077480627,5.925,42.8086,4,7,5.525071448
Low Fat,FDL27,Meat,2014,OUT013,Tier 3,High,Supermarket Type1,0.010630949,16.1,107.76,4,9,101.3644219
Low Fat,FDV51,Meat,2012,OUT049,Tier 1,Medium,Supermarket Type1,0.032538896,12.15,164.155,4,11,50.44885358
Regular,FDS15,Meat,2012,OUT049,Tier 1,Medium,Supermarket Type1,0.078060601,19.25,82.1908,4,11,10.52910161
Low Fat,FDH19,Meat,2015,OUT045,Tier 2,Medium,Supermarket Type1,0.033275634,9.5,110.723,4,8,33.27449749
Low Fat,FDT03,Meat,2018,OUT027,Tier 3,Medium,Supermarket Type3,0.01005532,12.6,153.468,4,5,152.6236858
Regular,FDP03,Meat,2018,OUT027,Tier 3,Medium,Supermarket Type3,0.061301149,12.6,81.425,4,5,13.28278529
Regular,FDI07,Meat,2018,OUT027,Tier 3,Medium,Supermarket Type3,0.033951827,12.6,53.2614,4,5,15.68734431
Regular,FDU15,Meat,2017,OUT035,Tier 2,Small,Supermarket Type1,0.04975339,12.3,106.394,4,6,21.3842715
Regular,FDU27,Meat,2016,OUT046,Tier 1,Small,Supermarket Type1,0.172446822,14.3,89.8856,4,7,5.21236628
Regular,FDN39,Meat,2017,OUT035,Tier 2,Small,Supermarket Type1,0.065890998,19.1,38.8138,4,6,5.890607394
Regular,FDW03,Meat,2014,OUT013,Tier 3,High,Supermarket Type1,0.024536636,8.71,93.7778,4,9,38.21950165
Regular,FDX51,Meat,2012,OUT049,Tier 1,Medium,Supermarket Type1,0.022054553,19.5,179.3,4,11,81.29840582
Regular,FDR03,Meat,2020,OUT017,Tier 2,Medium,Supermarket Type1,0.008734284,15.85,174.737,4,3,200.058757
Low Fat,FDQ39,Meat,2018,OUT027,Tier 3,Medium,Supermarket Type3,0.13564792,12.6,85.1224,4,5,6.275245503
Low Fat,FDM03,Meat,2018,OUT027,Tier 3,Medium,Supermarket Type3,0.123531974,12.6,102.699,4,5,8.313556132
Low Fat,FDK55,Meat,2022,OUT018,Tier 3,Medium,Supermarket Type2,0.02586664,6.13,54.0298,4,1,20.88783081
Low Fat,FDU39,Meat,2015,OUT045,Tier 2,Medium,Supermarket Type1,0.036184755,10.5,162.421,4,8,44.88658276
Regular,FDO51,Meat,2015,OUT045,Tier 2,Medium,Supermarket Type1,0.042153502,8.93,55.4614,4,8,13.15700888
Regular,FDR51,Meat,2018,OUT027,Tier 3,Medium,Supermarket Type3,0.172629683,12.6,113.154,4,5,6.554724427
Regular,FDR15,Meat,2012,OUT049,Tier 1,Medium,Supermarket Type1,0.058545606,18.85,129.634,4,11,22.14239613
Low Fat,FDK55,Meat,2017,OUT035,Tier 2,Small,Supermarket Type1,0.025740259,6.575,143.544,4,6,55.76633864
Regular,FDO03,Meat,2018,OUT027,Tier 3,Medium,Supermarket Type3,0.03670437,12.6,79.3276,4,5,21.61257638
Low Fat,FDR39,Meat,2022,OUT018,Tier 3,Medium,Supermarket Type2,0.083929569,13.65,184.492,4,1,21.98176426
Low Fat,FDA39,Meat,2014,OUT013,Tier 3,High,Supermarket Type1,0.012717946,13.6,195.414,4,9,153.6521699
Regular,FDW03,Meat,2018,OUT027,Tier 3,Medium,Supermarket Type3,0.024541277,12.6,112.02,4,5,45.64554648
Regular,FDT27,Meat,2017,OUT035,Tier 2,Small,Supermarket Type1,0.069574013,5.785,87.1856,4,6,12.53134558
Low Fat,FDJ07,Meat,2018,OUT019,Tier 1,Small,Grocery Store,0.014505108,12.6,89.4172,4,5,61.64531833
Regular,FDJ27,Meat,2012,OUT049,Tier 1,Medium,Supermarket Type1,0.122123201,6.13,59.3536,4,11,4.860141195
Regular,FDU03,Meat,2018,OUT019,Tier 1,Small,Grocery Store,0.092095924,12.6,188.421,4,5,20.45921164
Low Fat,FDX15,Meat,2014,OUT013,Tier 3,High,Supermarket Type1,0.156269303,16.5,208.564,4,9,13.34644719
Regular,FDN03,Meat,2018,OUT027,Tier 3,Medium,Supermarket Type3,0.015087112,12.6,108.691,4,5,72.04228351
Regular,FDW15,Meat,2018,OUT019,Tier 1,Small,Grocery Store,0.055103174,12.6,146.042,4,5,26.50337347
Regular,FDU51,Meat,2017,OUT035,Tier 2,Small,Supermarket Type1,0.096495426,10.195,197.511,4,6,20.46843132
Low Fat,FDT03,Meat,2018,OUT019,Tier 1,Small,Grocery Store,0.016735879,12.6,153.3,4,5,91.59961063
Regular,FDZ51,Meat,2011,OUT010,Tier 3,Medium,Grocery Store,0.054507422,20.2,62.051,4,12,11.38395428
Low Fat,FDM03,Meat,2014,OUT013,Tier 3,High,Supermarket Type1,0.04975339,8.05,112.252,4,9,22.56167871
Low Fat,FDX15,Meat,2012,OUT049,Tier 1,Medium,Supermarket Type1,0.155541973,16.75,36.8532,4,11,2.369341168
Regular,FDW39,Meat,2016,OUT046,Tier 1,Small,Supermarket Type1,0.036731658,15.1,147.408,4,7,40.1310499
Regular,FDY39,Meat,2012,OUT049,Tier 1,Medium,Supermarket Type1,0.04975339,16.75,89.4856,4,11,17.98582971
Low Fat,FDN15,Meat,2022,OUT018,Tier 3,Medium,Supermarket Type2,0.028009382,5.86,154.131,4,1,55.02834729
Regular,FDJ55,Meat,2012,OUT049,Tier 1,Medium,Supermarket Type1,0.023664054,11.15,45.0744,4,11,19.04762388
Low Fat,FDT03,Meat,2016,OUT046,Tier 1,Small,Supermarket Type1,0.009998763,8.39,162.287,4,7,162.3070774
Regular,FDU51,Meat,2017,OUT035,Tier 2,Small,Supermarket Type1,0.096709408,5.675,155.529,4,6,16.08209617
Regular,FDP03,Meat,2018,OUT027,Tier 3,Medium,Supermarket Type3,0.04975339,12.6,121.844,4,5,24.48958754
Regular,FDR51,Meat,2020,OUT017,Tier 2,Medium,Supermarket Type1,0.174450933,8.895,125.173,4,3,7.175255405
Regular,FDR03,Meat,2016,OUT046,Tier 1,Small,Supermarket Type1,0.00878535,10.895,263.057,4,7,299.4268868
Regular,FDM15,Meat,2018,OUT019,Tier 1,Small,Grocery Store,0.057373797,12.6,144.847,4,5,25.24619383
Low Fat,FDV51,Meat,2022,OUT018,Tier 3,Medium,Supermarket Type2,0.054463442,20,35.019,4,1,6.429817638
Regular,FDQ15,Meat,2020,OUT017,Tier 2,Medium,Supermarket Type1,0.150341867,10.1,153.466,4,3,10.20780193
Regular,FDW51,Meat,2011,OUT010,Tier 3,Medium,Grocery Store,0.094807042,12.1,164.653,4,12,17.36716984
Low Fat,FDK43,Meat,2014,OUT013,Tier 3,High,Supermarket Type1,0.046994717,20.6,119.576,4,9,25.4445622
Regular,FDY39,Meat,2014,OUT013,Tier 3,High,Supermarket Type1,0.08234117,5.46,142.679,4,9,17.3277839
Regular,FDO39,Meat,2012,OUT049,Tier 1,Medium,Supermarket Type1,0.137366883,9.395,224.772,4,11,16.36289585
Low Fat,FDQ39,Meat,2018,OUT019,Tier 1,Small,Grocery Store,0.081206491,12.6,180.6,4,5,22.23960151
Low Fat,FDP39,Meat,2016,OUT046,Tier 1,Small,Supermarket Type1,0.069817659,10,243.814,4,7,34.92153754
Low Fat,FDV51,Meat,2012,OUT049,Tier 1,Medium,Supermarket Type1,0.03272295,7.445,73.3354,4,11,22.41099901
Regular,FDR15,Meat,2017,OUT035,Tier 2,Small,Supermarket Type1,0.03362713,20.1,108.723,4,6,32.33192961
Regular,FDM51,Meat,2018,OUT019,Tier 1,Small,Grocery Store,0.026072872,12.6,184.261,4,5,70.67153937
Regular,FDH31,Meat,2018,OUT027,Tier 3,Medium,Supermarket Type3,0.020407296,12.6,181.766,4,5,89.06912508
Regular,FDO15,Meat,2020,OUT017,Tier 2,Medium,Supermarket Type1,0.008564925,19.7,101.799,4,3,118.8556817
Low Fat,FDP15,Meat,2016,OUT046,Tier 1,Small,Supermarket Type1,0.04975339,20.7,92.7436,4,7,18.64065946
Regular,FDW51,Meat,2015,OUT045,Tier 2,Medium,Supermarket Type1,0.158441218,21.1,128.799,4,8,8.12913468
Regular,FDU51,Meat,2017,OUT035,Tier 2,Small,Supermarket Type1,0.096433359,12.35,57.0246,4,6,5.91336863
Regular,FDI07,Meat,2015,OUT045,Tier 2,Medium,Supermarket Type1,0.033597374,10.5,78.296,4,8,23.30420229
Low Fat,FDX15,Meat,2017,OUT035,Tier 2,Small,Supermarket Type1,0.15616879,6.405,128.168,4,6,8.207017548
Regular,FDT39,Meat,2015,OUT045,Tier 2,Medium,Supermarket Type1,0.009866049,16.75,39.1822,4,8,39.71417535
Low Fat,FDY51,Meat,2012,OUT049,Tier 1,Medium,Supermarket Type1,0.081465335,14.7,48.2034,4,11,5.917044348
Low Fat,FDS03,Meat,2017,OUT035,Tier 2,Small,Supermarket Type1,0.139419417,20,46.7744,4,6,3.354941586
Regular,FDZ51,Meat,2018,OUT019,Tier 1,Small,Grocery Store,0.054637635,12.6,120.212,4,5,22.00168437
Regular,FDM27,Meat,2022,OUT018,Tier 3,Medium,Supermarket Type2,0.158715731,9.3,200.008,4,1,12.60164942
Regular,FDQ03,Meat,2017,OUT035,Tier 2,Small,Supermarket Type1,0.04975339,8.895,123.473,4,6,24.81700242
Low Fat,FDL15,Meat,2018,OUT027,Tier 3,Medium,Supermarket Type3,0.081651443,12.6,241.754,4,5,29.60804992
Regular,FDX03,Meat,2017,OUT035,Tier 2,Small,Supermarket Type1,0.106971167,19.7,101.199,4,6,9.460399736
Regular,FDJ55,Meat,2020,OUT017,Tier 2,Medium,Supermarket Type1,0.023530953,6.095,143.315,4,3,60.90488558
Low Fat,FDP27,Meat,2012,OUT049,Tier 1,Medium,Supermarket Type1,0.119692888,11.65,152.302,4,11,12.72439846
Low Fat,FDK43,Meat,2012,OUT049,Tier 1,Medium,Supermarket Type1,0.026992588,12.1,76.667,4,11,28.40298233
Regular,FDX51,Meat,2012,OUT049,Tier 1,Medium,Supermarket Type1,0.02210346,19.7,87.0198,4,11,39.36931141
Regular,FDX03,Meat,2012,OUT049,Tier 1,Medium,Supermarket Type1,0.06121988,10.3,264.523,4,11,43.20867666
Regular,FDJ27,Meat,2012,OUT049,Tier 1,Medium,Supermarket Type1,0.122565413,18.25,226.006,4,11,18.43962293
Low Fat,FDI19,Meat,2012,OUT049,Tier 1,Medium,Supermarket Type1,0.04975339,9.8,175.237,4,11,35.2211176
Low Fat,FDK55,Meat,2012,OUT049,Tier 1,Medium,Supermarket Type1,0.025756826,17.2,162.458,4,11,63.07376538
Low Fat,FDN27,Meat,2012,OUT049,Tier 1,Medium,Supermarket Type1,0.039555016,20.5,154.034,4,11,38.94171096
Regular,FDN39,Meat,2012,OUT049,Tier 1,Medium,Supermarket Type1,0.065507999,12.85,43.5428,4,11,6.646943986
Regular,FDS15,Meat,2012,OUT049,Tier 1,Medium,Supermarket Type1,0.130657442,4.92,196.508,4,11,15.03993932
Regular,FDZ51,Meat,2012,OUT049,Tier 1,Medium,Supermarket Type1,0.091310237,5.765,37.2164,4,11,4.075819012
Regular,FDM51,Meat,2012,OUT049,Tier 1,Medium,Supermarket Type1,0.025904648,6.8,49.6034,4,11,19.14845552
Regular,FDR27,Meat,2012,OUT049,Tier 1,Medium,Supermarket Type1,0.096020459,9.3,193.014,4,11,20.10134111
Low Fat,FDN15,Meat,2012,OUT049,Tier 1,Medium,Supermarket Type1,0.016802225,12.3,74.838,4,11,44.5405296
Regular,FDQ27,Meat,2012,OUT049,Tier 1,Medium,Supermarket Type1,0.044432887,13.5,84.654,4,11,19.05210436
Regular,FDY39,Meat,2012,OUT049,Tier 1,Medium,Supermarket Type1,0.047220268,17.35,99.2016,4,11,21.00826704
Regular,FDM27,Meat,2012,OUT049,Tier 1,Medium,Supermarket Type1,0.15911489,18,79.3618,4,11,4.987704168
Regular,FDU51,Meat,2012,OUT049,Tier 1,Medium,Supermarket Type1,0.096906831,12.5,197.274,4,11,20.35707885
Low Fat,FDI19,Meat,2012,OUT049,Tier 1,Medium,Supermarket Type1,0.052085615,17.1,85.5566,4,11,16.4261476
Low Fat,FDL43,Meat,2012,OUT049,Tier 1,Medium,Supermarket Type1,0.026933321,17.85,196.979,4,11,73.13580082
Low Fat,FDN15,Meat,2012,OUT049,Tier 1,Medium,Supermarket Type1,0.016653022,19.5,156.431,4,11,93.93550312
Low Fat,FDP15,Meat,2012,OUT049,Tier 1,Medium,Supermarket Type1,0.083536071,8.06,229.733,4,11,27.50105401
Low Fat,FDQ39,Meat,2012,OUT049,Tier 1,Medium,Supermarket Type1,0.080649685,5.905,222.146,4,11,27.54455892
Low Fat,FDT03,Meat,2012,OUT049,Tier 1,Medium,Supermarket Type1,0.009950343,6.3,207.927,4,11,208.9646558
Low Fat,FDV51,Meat,2012,OUT049,Tier 1,Medium,Supermarket Type1,0.032381325,7,105.628,4,11,32.62003639
Low Fat,FDY51,Meat,2012,OUT049,Tier 1,Medium,Supermarket Type1,0.080741927,7.655,114.349,4,11,14.16228275
Regular,FDL03,Meat,2012,OUT049,Tier 1,Medium,Supermarket Type1,0.026949463,8.5,51.5324,4,11,19.12186525
Regular,FDO27,Meat,2012,OUT049,Tier 1,Medium,Supermarket Type1,0.178210285,8.645,50.6982,4,11,2.844852641
Low Fat,FDK43,Meat,2012,OUT049,Tier 1,Medium,Supermarket Type1,0.02681843,11.1,83.0908,4,11,30.98272345
Regular,FDW39,Meat,2012,OUT049,Tier 1,Medium,Supermarket Type1,0.064625342,11.6,178.269,4,11,27.58499909
Regular,FDY03,Meat,2012,OUT049,Tier 1,Medium,Supermarket Type1,0.076276208,15.2,216.982,4,11,28.44687822
Regular,FDJ55,Meat,2012,OUT049,Tier 1,Medium,Supermarket Type1,0.023567538,15.85,37.8506,4,11,16.06048116
Low Fat,FDV03,Meat,2012,OUT049,Tier 1,Medium,Supermarket Type1,0.058181585,16.2,100.47,4,11,17.26835046
Low Fat,FDL15,Meat,2012,OUT049,Tier 1,Medium,Supermarket Type1,0.046707264,17.25,76.0986,4,11,16.29266917
Regular,FDO27,Meat,2012,OUT049,Tier 1,Medium,Supermarket Type1,0.179355893,18,155.097,4,11,8.647443773
Regular,FDX51,Meat,2012,OUT049,Tier 1,Medium,Supermarket Type1,0.022093019,18.85,257.833,4,11,116.7033804
Regular,FDR27,Meat,2012,OUT049,Tier 1,Medium,Supermarket Type1,0.096249842,5.44,238.754,4,11,24.80565111
Low Fat,FDG31,Meat,2012,OUT049,Tier 1,Medium,Supermarket Type1,0.066351687,7.575,196.877,4,11,29.67173992
Low Fat,FDV15,Meat,2012,OUT049,Tier 1,Medium,Supermarket Type1,0.255929096,7.935,51.235,4,11,2.001921657
Regular,FDY03,Meat,2012,OUT049,Tier 1,Medium,Supermarket Type1,0.133279499,9.27,147.905,4,11,11.09735564
Low Fat,FDV15,Meat,2012,OUT049,Tier 1,Medium,Supermarket Type1,0.146172453,12.1,165.353,4,11,11.31218616
Low Fat,FDS03,Meat,2012,OUT049,Tier 1,Medium,Supermarket Type1,0.07962861,13.1,168.416,4,11,21.1501871
Low Fat,FDL43,Meat,2012,OUT049,Tier 1,Medium,Supermarket Type1,0.027064381,13.1,119.278,4,11,44.07194829
Low Fat,FDV03,Meat,2012,OUT049,Tier 1,Medium,Supermarket Type1,0.058091269,14.1,231.967,4,11,39.93147404
Regular,FDS27,Meat,2012,OUT049,Tier 1,Medium,Supermarket Type1,0.012458143,14.15,54.2982,4,11,43.58450533
Regular,FDH31,Meat,2012,OUT049,Tier 1,Medium,Supermarket Type1,0.020411155,15.6,242.385,4,11,118.7512417
Low Fat,FDS39,Meat,2012,OUT049,Tier 1,Medium,Supermarket Type1,0.022587621,16.75,173.011,4,11,76.5954945
Regular,FDO03,Meat,2012,OUT049,Tier 1,Medium,Supermarket Type1,0.036957777,17.75,257.267,4,11,69.61105913
Regular,FDI07,Meat,2012,OUT049,Tier 1,Medium,Supermarket Type1,0.03382933,19.25,54.5956,4,11,16.13854014
Regular,FDN51,Meat,2012,OUT049,Tier 1,Medium,Supermarket Type1,0.021065311,19.85,266.188,4,11,126.3631949
Low Fat,FDG31,Meat,2012,OUT049,Tier 1,Medium,Supermarket Type1,0.037889224,5.765,122.51,4,11,32.33373162
Low Fat,FDY51,Meat,2012,OUT049,Tier 1,Medium,Supermarket Type1,0.081119484,6.365,60.1536,4,11,7.415431785
Low Fat,FDP27,Meat,2012,OUT049,Tier 1,Medium,Supermarket Type1,0.119351235,6.4,39.2796,4,11,3.291092882
Low Fat,FDS39,Meat,2012,OUT049,Tier 1,Medium,Supermarket Type1,0.022441883,7.075,98.1068,4,11,43.71593952
Low Fat,FDV03,Meat,2012,OUT049,Tier 1,Medium,Supermarket Type1,0.058042926,8.935,54.9298,4,11,9.463651092
Regular,FDO39,Meat,2012,OUT049,Tier 1,Medium,Supermarket Type1,0.13725257,9.195,58.6246,4,11,4.271293426
Regular,FDS27,Meat,2012,OUT049,Tier 1,Medium,Supermarket Type1,0.012447775,13.3,151.671,4,11,121.8458721
Regular,FDT51,Meat,2012,OUT049,Tier 1,Medium,Supermarket Type1,0.010909704,13.35,147.639,4,11,135.3281446
Regular,FDW15,Meat,2012,OUT049,Tier 1,Medium,Supermarket Type1,0.055067732,16.2,43.3454,4,11,7.871288398
Regular,FDN39,Meat,2012,OUT049,Tier 1,Medium,Supermarket Type1,0.04975339,17,249.743,4,11,50.19617759
Low Fat,FDP39,Meat,2012,OUT049,Tier 1,Medium,Supermarket Type1,0.069707771,18,117.212,4,11,16.81476804
Regular,FDY03,Meat,2012,OUT049,Tier 1,Medium,Supermarket Type1,0.076431919,6.13,55.0298,4,11,7.199845394
Regular,FDL03,Meat,2012,OUT049,Tier 1,Medium,Supermarket Type1,0.027190917,6.36,46.506,4,11,17.10350556
Low Fat,FDK27,Meat,2012,OUT049,Tier 1,Medium,Supermarket Type1,0.008903212,6.78,187.724,4,11,210.8497473
Low Fat,FDA39,Meat,2012,OUT049,Tier 1,Medium,Supermarket Type1,0.04975339,7.52,129.599,4,11,26.0482753
Regular,FDY03,Meat,2012,OUT049,Tier 1,Medium,Supermarket Type1,0.076552407,7.68,190.916,4,11,24.93925501
Low Fat,FDV39,Meat,2012,OUT049,Tier 1,Medium,Supermarket Type1,0.007309544,8.185,115.681,4,11,158.2602143
Low Fat,FDK43,Meat,2012,OUT049,Tier 1,Medium,Supermarket Type1,0.026950104,8.85,182.729,4,11,67.80270681
Regular,FDQ27,Meat,2012,OUT049,Tier 1,Medium,Supermarket Type1,0.044321422,11.1,149.137,4,11,33.6489655
Regular,FDW27,Meat,2012,OUT049,Tier 1,Medium,Supermarket Type1,0.151087845,12.85,179.732,4,11,11.89586098
Regular,FDQ15,Meat,2012,OUT049,Tier 1,Medium,Supermarket Type1,0.151308326,16.25,169.947,4,11,11.231834
Regular,FDS27,Meat,2012,OUT049,Tier 1,Medium,Supermarket Type1,0.0218126,16.75,257.099,4,11,117.867196
Regular,FDW27,Meat,2012,OUT049,Tier 1,Medium,Supermarket Type1,0.150853308,17.1,111.689,4,11,7.403815102
Regular,FDX51,Meat,2012,OUT049,Tier 1,Medium,Supermarket Type1,0.022058724,17.75,158.626,4,11,71.91077779
Low Fat,FDP39,Meat,2012,OUT049,Tier 1,Medium,Supermarket Type1,0.069565759,17.75,145.644,4,11,20.936162
Low Fat,FDV03,Meat,2012,OUT049,Tier 1,Medium,Supermarket Type1,0.058209079,19.7,58.193,4,11,9.997237716
Low Fat,FDV39,Meat,2012,OUT049,Tier 1,Medium,Supermarket Type1,0.007321067,5.98,53.3614,4,11,72.88746299
Regular,FDO39,Meat,2012,OUT049,Tier 1,Medium,Supermarket Type1,0.137645467,7.85,144.644,4,11,10.50844631
Regular,FDT27,Meat,2012,OUT049,Tier 1,Medium,Supermarket Type1,0.069728296,7.905,229.969,4,11,32.98072851
Regular,FDU15,Meat,2012,OUT049,Tier 1,Medium,Supermarket Type1,0.04975339,9.5,189.287,4,11,38.04504577
Regular,FDW51,Meat,2012,OUT049,Tier 1,Medium,Supermarket Type1,0.095195306,10.195,111.686,4,11,11.73230117
Low Fat,FDS03,Meat,2012,OUT049,Tier 1,Medium,Supermarket Type1,0.079613553,11.65,38.7164,4,11,4.863041347
Low Fat,FDV39,Meat,2012,OUT049,Tier 1,Medium,Supermarket Type1,0.007278512,11.8,75.4012,4,11,103.5942511
Low Fat,FDQ39,Meat,2012,OUT049,Tier 1,Medium,Supermarket Type1,0.081026811,13.85,115.049,4,11,14.19888042
Regular,FDR15,Meat,2012,OUT049,Tier 1,Medium,Supermarket Type1,0.033431669,14.7,143.513,4,11,42.92726157
Low Fat,FDP27,Meat,2012,OUT049,Tier 1,Medium,Supermarket Type1,0.199935881,18.85,161.758,4,11,8.090493772
Regular,FDX51,Meat,2012,OUT049,Tier 1,Medium,Supermarket Type1,0.036921781,6.825,262.423,4,11,71.07539043
Regular,FDY03,Meat,2012,OUT049,Tier 1,Medium,Supermarket Type1,0.127412338,7.27,98.4384,4,11,7.725970777
Regular,FDQ15,Meat,2012,OUT049,Tier 1,Medium,Supermarket Type1,0.252865979,8.6,141.215,4,11,5.584578857
Low Fat,FDG31,Meat,2012,OUT049,Tier 1,Medium,Supermarket Type1,0.037864854,8.76,128.334,4,11,33.89264356
Low Fat,FDQ39,Meat,2012,OUT049,Tier 1,Medium,Supermarket Type1,0.04975339,11.15,166.353,4,11,33.43551063
Regular,FDU27,Meat,2012,OUT049,Tier 1,Medium,Supermarket Type1,0.17133418,11.395,150.171,4,11,8.764801046
Regular,FDO03,Meat,2012,OUT049,Tier 1,Medium,Supermarket Type1,0.037033223,11.8,176.069,4,11,47.54352598
Regular,FDR27,Meat,2012,OUT049,Tier 1,Medium,Supermarket Type1,0.096491904,12.15,224.04,4,11,23.21852826
Low Fat,FDA39,Meat,2012,OUT049,Tier 1,Medium,Supermarket Type1,0.012656359,15.2,47.8034,4,11,37.77026236
Low Fat,FDV03,Meat,2012,OUT049,Tier 1,Medium,Supermarket Type1,0.057809959,16.2,182.161,4,11,31.51031468
Low Fat,FDS03,Meat,2012,OUT049,Tier 1,Medium,Supermarket Type1,0.079243005,16.5,93.612,4,11,11.81328245
Regular,FDV27,Meat,2012,OUT049,Tier 1,Medium,Supermarket Type1,0.040071131,17.75,239.32,4,11,59.72379467
Regular,FDN39,Meat,2012,OUT049,Tier 1,Medium,Supermarket Type1,0.065203103,18,158.06,4,11,24.2411776
Regular,FDO51,Meat,2012,OUT049,Tier 1,Medium,Supermarket Type1,0.041947547,18.2,45.1086,4,11,10.75357279
Regular,FDW03,Meat,2012,OUT049,Tier 1,Medium,Supermarket Type1,0.024579432,18.35,193.116,4,11,78.56812965
Regular,FDQ51,Meat,2012,OUT049,Tier 1,Medium,Supermarket Type1,0.017536671,18.7,152.368,4,11,86.88536154
Regular,FDY03,Meat,2012,OUT049,Tier 1,Medium,Supermarket Type1,0.076121831,20.25,108.394,4,11,14.23954187
Regular,FDP03,Meat,2012,OUT049,Tier 1,Medium,Supermarket Type1,0.061165512,20.75,150.473,4,11,24.60095486
Regular,FDP03,Meat,2012,OUT049,Tier 1,Medium,Supermarket Type1,0.061272194,5.88,149.939,4,11,24.47096965
Low Fat,FDU39,Meat,2012,OUT049,Tier 1,Medium,Supermarket Type1,0.036037952,5.945,127.365,4,11,35.34190844
Low Fat,FDQ39,Meat,2012,OUT049,Tier 1,Medium,Supermarket Type1,0.081042136,6.235,260.896,4,11,32.19263619
Regular,FDI07,Meat,2012,OUT049,Tier 1,Medium,Supermarket Type1,0.033760862,7.235,116.649,4,11,34.5515467
Regular,FDZ39,Meat,2012,OUT049,Tier 1,Medium,Supermarket Type1,0.018024769,7.475,156.066,4,11,86.58418868
Low Fat,FDU39,Meat,2012,OUT049,Tier 1,Medium,Supermarket Type1,0.036111038,7.5,59.2588,4,11,16.41016246
Regular,FDS15,Meat,2012,OUT049,Tier 1,Medium,Supermarket Type1,0.07821891,8.6,91.8146,4,11,11.73815897
Regular,FDM15,Meat,2012,OUT049,Tier 1,Medium,Supermarket Type1,0.057538034,8.88,208.927,4,11,36.31111206
Regular,FDQ51,Meat,2012,OUT049,Tier 1,Medium,Supermarket Type1,0.04975339,9.1,48.8718,4,11,9.822808054
Regular,FDL03,Meat,2012,OUT049,Tier 1,Medium,Supermarket Type1,0.027233781,9.6,164.618,4,11,60.4462524
Regular,FDU03,Meat,2012,OUT049,Tier 1,Medium,Supermarket Type1,0.091560606,12.15,115.015,4,11,12.56162503
Low Fat,FDA39,Meat,2012,OUT049,Tier 1,Medium,Supermarket Type1,0.021287234,12.5,42.9112,4,11,20.15818495
Regular,FDU15,Meat,2012,OUT049,Tier 1,Medium,Supermarket Type1,0.044526443,12.65,108.494,4,11,24.36619516
Regular,FDR27,Meat,2012,OUT049,Tier 1,Medium,Supermarket Type1,0.160852421,13,44.906,4,11,2.791751577
Regular,FDP03,Meat,2012,OUT049,Tier 1,Medium,Supermarket Type1,0.06112617,13,255.901,4,11,41.86439294
Low Fat,FDS03,Meat,2012,OUT049,Tier 1,Medium,Supermarket Type1,0.079952983,13.15,159.76,4,11,19.98174352
Low Fat,FDV51,Meat,2012,OUT049,Tier 1,Medium,Supermarket Type1,0.032671446,14,40.2454,4,11,12.31821818
Regular,FDW39,Meat,2012,OUT049,Tier 1,Medium,Supermarket Type1,0.037060755,14.65,161.355,4,11,43.53796894
Low Fat,FDS39,Meat,2012,OUT049,Tier 1,Medium,Supermarket Type1,0.022351808,15.2,108.991,4,11,48.76160354
Regular,FDH31,Meat,2012,OUT049,Tier 1,Medium,Supermarket Type1,0.020312314,16,214.09,4,11,105.399119
Regular,FDO39,Meat,2012,OUT049,Tier 1,Medium,Supermarket Type1,0.136701678,16.35,125.602,4,11,9.188036448
Regular,FDQ51,Meat,2012,OUT049,Tier 1,Medium,Supermarket Type1,0.017466284,17.1,115.186,4,11,65.94762801
Regular,FDZ51,Meat,2012,OUT049,Tier 1,Medium,Supermarket Type1,0.054288646,18.1,128.734,4,11,23.71287727
Low Fat,FDH19,Meat,2012,OUT049,Tier 1,Medium,Supermarket Type1,0.033082215,18.6,121.541,4,11,36.73907566
Low Fat,FDV39,Meat,2012,OUT049,Tier 1,Medium,Supermarket Type1,0.007294652,18.75,207.895,4,11,284.9964604
Regular,FDR27,Meat,2012,OUT049,Tier 1,Medium,Supermarket Type1,0.096644015,18.75,215.722,4,11,22.32129946
Regular,FDX39,Meat,2012,OUT049,Tier 1,Medium,Supermarket Type1,0.04975339,19,127.034,4,11,25.53273254
Low Fat,FDS51,Meat,2012,OUT049,Tier 1,Medium,Supermarket Type1,0.032180494,19.6,251.87,4,11,78.26790975
Low Fat,FDN15,Meat,2012,OUT049,Tier 1,Medium,Supermarket Type1,0.016767995,20.2,155.134,4,11,92.51791881
Regular,FDW27,Meat,2012,OUT049,Tier 1,Medium,Supermarket Type1,0.151159243,20.5,38.9822,4,11,2.578882986
Low Fat,FDK27,Meat,2012,OUT049,Tier 1,Medium,Supermarket Type1,0.008944844,20.6,75.4696,4,11,84.37218134
Low Fat,FDM03,Meat,2012,OUT049,Tier 1,Medium,Supermarket Type1,0.123007534,6.32,38.5822,4,11,3.136572106
Low Fat,FDT03,Meat,2012,OUT049,Tier 1,Medium,Supermarket Type1,0.009996872,11,119.176,4,11,119.2132899
Regular,FDM51,Meat,2012,OUT049,Tier 1,Medium,Supermarket Type1,0.04975339,12.15,62.8826,4,11,12.63885737
Regular,FDX03,Meat,2012,OUT049,Tier 1,Medium,Supermarket Type1,0.102262138,12.5,221.78,4,11,21.68740106
Regular,FDN39,Meat,2012,OUT049,Tier 1,Medium,Supermarket Type1,0.109667698,14.8,190.585,4,11,17.378408
Regular,FDQ15,Meat,2012,OUT049,Tier 1,Medium,Supermarket Type1,0.150947728,9.395,85.5908,4,11,5.670227776
Low Fat,FDP27,Meat,2012,OUT049,Tier 1,Medium,Supermarket Type1,0.119937231,17.75,108.091,4,11,9.012297441
Low Fat,FDV15,Meat,2012,OUT049,Tier 1,Medium,Supermarket Type1,0.145464606,19.2,243.02,4,11,16.70646948
Regular,FDW51,Meat,2012,OUT049,Tier 1,Medium,Supermarket Type1,0.094201477,12.6,51.8982,4,11,5.509276675
Regular,FDS15,Meat,2012,OUT049,Tier 1,Medium,Supermarket Type1,0.078502143,6.035,155.1,4,11,19.75742242
Low Fat,FDK43,Meat,2012,OUT049,Tier 1,Medium,Supermarket Type1,0.0268952,7.05,108.291,4,11,40.26406199
Low Fat,FDS03,Meat,2012,OUT049,Tier 1,Medium,Supermarket Type1,0.133281968,7.275,145.976,4,11,10.95241931
Regular,FDR15,Meat,2012,OUT049,Tier 1,Medium,Supermarket Type1,0.033489979,9,168.782,4,11,50.39776227
Low Fat,FDY51,Meat,2012,OUT049,Tier 1,Medium,Supermarket Type1,0.081134826,11.65,227.369,4,11,28.02360111
Regular,FDM15,Meat,2012,OUT049,Tier 1,Medium,Supermarket Type1,0.057421582,12.3,115.983,4,11,20.19850306
Low Fat,FDK55,Meat,2012,OUT049,Tier 1,Medium,Supermarket Type1,0.025907416,13.35,150.371,4,11,58.04168196
Regular,FDZ39,Meat,2012,OUT049,Tier 1,Medium,Supermarket Type1,0.018061324,13.65,186.392,4,11,103.1995218
Regular,FDV27,Meat,2012,OUT049,Tier 1,Medium,Supermarket Type1,0.04021623,15,44.7744,4,11,11.13341554
Regular,FDY03,Meat,2012,OUT049,Tier 1,Medium,Supermarket Type1,0.076058484,15.2,238.225,4,11,31.32129218
Low Fat,FDK15,Meat,2012,OUT049,Tier 1,Medium,Supermarket Type1,0.098814721,16.75,155.263,4,11,15.71253741
Regular,FDN03,Meat,2012,OUT049,Tier 1,Medium,Supermarket Type1,0.015016891,16.85,90.3488,4,11,60.16478378
Regular,FDR27,Meat,2012,OUT049,Tier 1,Medium,Supermarket Type1,0.095635061,17.6,163.755,4,11,17.12290433
Regular,FDU51,Meat,2012,OUT049,Tier 1,Medium,Supermarket Type1,0.096046304,17.6,112.718,4,11,11.73579777
Regular,FDX39,Meat,2012,OUT049,Tier 1,Medium,Supermarket Type1,0.049435598,17.6,163.887,4,11,33.15161678
Low Fat,FDK27,Meat,2012,OUT049,Tier 1,Medium,Supermarket Type1,0.015664229,17.85,121.807,4,11,77.76124826
Low Fat,FDP39,Meat,2012,OUT049,Tier 1,Medium,Supermarket Type1,0.121554149,18,145.342,4,11,11.95697565
Low Fat,FDK27,Meat,2012,OUT049,Tier 1,Medium,Supermarket Type1,0.008997141,18.2,140.818,4,11,156.5141638
Regular,FDT15,Meat,2012,OUT049,Tier 1,Medium,Supermarket Type1,0.071440118,18.25,140.915,4,11,19.72491143
Low Fat,FDJ07,Meat,2012,OUT049,Tier 1,Medium,Supermarket Type1,0.014482278,18.25,260.596,4,11,179.9413048
Low Fat,FDL15,Meat,2012,OUT049,Tier 1,Medium,Supermarket Type1,0.046824729,18.6,161.824,4,11,34.55951662
Low Fat,FDU39,Meat,2012,OUT049,Tier 1,Medium,Supermarket Type1,0.035863436,19.75,213.59,4,11,59.55647975
Regular,FDO27,Meat,2012,OUT049,Tier 1,Medium,Supermarket Type1,0.179806961,20.85,196.145,4,11,10.9086433
Regular,FDO03,Meat,2012,OUT049,Tier 1,Medium,Supermarket Type1,0.064577332,21,193.048,4,11,29.8940811
Regular,FDR27,Meat,2012,OUT049,Tier 1,Medium,Supermarket Type1,0.096295326,5.78,147.21,4,11,15.28734635
Regular,FDM15,Meat,2012,OUT049,Tier 1,Medium,Supermarket Type1,0.057746382,6.135,114.386,4,11,19.80834055
Regular,FDN03,Meat,2012,OUT049,Tier 1,Medium,Supermarket Type1,0.025257508,6.28,86.5198,4,11,34.2550817
Low Fat,FDV15,Meat,2012,OUT049,Tier 1,Medium,Supermarket Type1,0.146767897,8.785,155.166,4,11,10.57220299
Regular,FDZ39,Meat,2012,OUT049,Tier 1,Medium,Supermarket Type1,0.017937483,9.6,166.516,4,11,92.83130749
Low Fat,FDL27,Meat,2012,OUT049,Tier 1,Medium,Supermarket Type1,0.010647477,11.8,186.892,4,11,175.5270286
Low Fat,FDH19,Meat,2012,OUT049,Tier 1,Medium,Supermarket Type1,0.033088472,11.8,200.208,4,11,60.50687381
Regular,FDH31,Meat,2012,OUT049,Tier 1,Medium,Supermarket Type1,0.04975339,12.1,144.344,4,11,29.01189246
Regular,FDZ51,Meat,2012,OUT049,Tier 1,Medium,Supermarket Type1,0.054861393,17.6,164.253,4,11,29.93963351
Low Fat,FDN15,Meat,2012,OUT049,Tier 1,Medium,Supermarket Type1,0.016760075,17.85,190.419,4,11,113.6146467
Low Fat,FDV39,Meat,2012,OUT049,Tier 1,Medium,Supermarket Type1,0.007279889,19.6,56.4614,4,11,77.55805068
Low Fat,FDL27,Meat,2012,OUT049,Tier 1,Medium,Supermarket Type1,0.010652508,20.75,153.502,4,11,144.0993989
Low Fat,FDT03,Meat,2012,OUT049,Tier 1,Medium,Supermarket Type1,0.01001904,11.5,174.508,4,11,174.1763682
Low Fat,FDG31,Meat,2012,OUT049,Tier 1,Medium,Supermarket Type1,0.037712875,14,182.063,4,11,48.27608608
Low Fat,FDS51,Meat,2012,OUT049,Tier 1,Medium,Supermarket Type1,0.032230526,5.26,161.887,4,11,50.22784921
Low Fat,FDG31,Meat,2012,OUT049,Tier 1,Medium,Supermarket Type1,0.063430788,6.63,166.15,4,11,26.19390445
Low Fat,FDN15,Meat,2012,OUT049,Tier 1,Medium,Supermarket Type1,0.016720182,6.71,65.4142,4,11,39.1228995
Regular,FDM27,Meat,2012,OUT049,Tier 1,Medium,Supermarket Type1,0.158337479,7.855,37.2848,4,11,2.354767818
Regular,FDT27,Meat,2012,OUT049,Tier 1,Medium,Supermarket Type1,0.069250192,8.38,111.857,4,11,16.15259059
Regular,FDW15,Meat,2012,OUT049,Tier 1,Medium,Supermarket Type1,0.054846706,9.8,36.8874,4,11,6.725545195
Regular,FDU15,Meat,2012,OUT049,Tier 1,Medium,Supermarket Type1,0.026602089,10.8,42.2138,4,11,15.8686034
Regular,FDJ55,Meat,2012,OUT049,Tier 1,Medium,Supermarket Type1,0.023417004,11.65,173.542,4,11,74.10939504
Low Fat,FDL43,Meat,2012,OUT049,Tier 1,Medium,Supermarket Type1,0.027217468,19.35,48.5034,4,11,17.8206878
Regular,FDR15,Meat,2012,OUT049,Tier 1,Medium,Supermarket Type1,0.033276066,6.55,155.829,4,11,46.82915342
Low Fat,FDK15,Meat,2012,OUT049,Tier 1,Medium,Supermarket Type1,0.098566832,8.6,131.531,4,11,13.34434691
Low Fat,FDP39,Meat,2012,OUT049,Tier 1,Medium,Supermarket Type1,0.069532901,10.6,48.9008,4,11,7.032757054
Regular,FDS15,Meat,2012,OUT049,Tier 1,Medium,Supermarket Type1,0.078181964,17.25,40.048,4,11,5.122409051
Regular,FDT15,Meat,2012,OUT049,Tier 1,Medium,Supermarket Type1,0.04274788,8.63,172.542,4,11,40.36270337
Regular,FDQ27,Meat,2012,OUT049,Tier 1,Medium,Supermarket Type1,0.044252621,8.975,86.6224,4,11,19.57452418
Regular,FDW51,Meat,2012,OUT049,Tier 1,Medium,Supermarket Type1,0.095045476,12.15,125.405,4,11,13.19421032
Low Fat,FDP27,Meat,2012,OUT049,Tier 1,Medium,Supermarket Type1,0.118872194,13.35,207.364,4,11,17.44428138
Regular,FDO39,Meat,2012,OUT049,Tier 1,Medium,Supermarket Type1,0.137926458,14.5,42.0454,4,11,3.048392644
Regular,FDT15,Meat,2012,OUT049,Tier 1,Medium,Supermarket Type1,0.042855388,5.75,115.318,4,11,26.90863515
Regular,FDI07,Meat,2012,OUT049,Tier 1,Medium,Supermarket Type1,0.059110912,11.35,184.461,4,11,31.20591339
Regular,FDO27,Meat,2012,OUT049,Tier 1,Medium,Supermarket Type1,0.04975339,11.5,86.054,4,11,17.29610786
Low Fat,FDK15,Meat,2012,OUT049,Tier 1,Medium,Supermarket Type1,0.172309903,13.5,57.8562,4,11,3.357682814
Low Fat,FDL27,Meat,2012,OUT049,Tier 1,Medium,Supermarket Type1,0.010674255,13.6,231.63,4,11,216.9987507
Regular,FDN39,Meat,2012,OUT049,Tier 1,Medium,Supermarket Type1,0.065520388,16,79.3986,4,11,12.11815168
Regular,FDN03,Meat,2012,OUT049,Tier 1,Medium,Supermarket Type1,0.026420581,17.5,145.81,4,11,55.18803693
Regular,FDQ15,Meat,2012,OUT049,Tier 1,Medium,Supermarket Type1,0.04975339,18.25,110.857,4,11,22.28129581
Regular,FDQ51,Meat,2012,OUT049,Tier 1,Medium,Supermarket Type1,0.017547958,20.35,253.967,4,11,144.7273808
Regular,FDJ55,Meat,2012,OUT049,Tier 1,Medium,Supermarket Type1,0.039385992,5.845,214.422,4,11,54.44118305
Low Fat,FDK15,Meat,2012,OUT049,Tier 1,Medium,Supermarket Type1,0.097937252,6.865,244.449,4,11,24.95975689
Regular,FDJ55,Meat,2012,OUT049,Tier 1,Medium,Supermarket Type1,0.023526504,9.1,78.7618,4,11,33.4779022
Regular,FDX39,Meat,2012,OUT049,Tier 1,Medium,Supermarket Type1,0.049634817,9.695,244.614,4,11,49.28274441
Regular,FDW39,Meat,2012,OUT049,Tier 1,Medium,Supermarket Type1,0.036910398,9.895,262.128,4,11,71.01738648
Regular,FDU15,Meat,2012,OUT049,Tier 1,Medium,Supermarket Type1,0.026579951,11,155.263,4,11,58.41357646
Low Fat,FDN27,Meat,2012,OUT049,Tier 1,Medium,Supermarket Type1,0.039624006,13.65,262.894,4,11,66.34715329
Regular,FDW51,Meat,2012,OUT049,Tier 1,Medium,Supermarket Type1,0.094659871,16.2,96.3726,4,11,10.18093507
Low Fat,FDV15,Meat,2012,OUT049,Tier 1,Medium,Supermarket Type1,0.146399712,20.7,119.747,4,11,8.179455981
Low Fat,FDI19,Meat,2012,OUT049,Tier 1,Medium,Supermarket Type1,0.052339069,20.75,178.732,4,11,34.14886879
Low Fat,FDL43,Meat,2012,OUT049,Tier 1,Medium,Supermarket Type1,0.027106459,5.46,144.879,4,11,53.44814681
Regular,FDJ55,Meat,2012,OUT049,Tier 1,Medium,Supermarket Type1,0.023511371,7.17,130.397,4,11,55.46124894
Low Fat,FDV51,Meat,2012,OUT049,Tier 1,Medium,Supermarket Type1,0.032511818,9.8,117.149,4,11,36.03274354
Regular,FDT27,Meat,2012,OUT049,Tier 1,Medium,Supermarket Type1,0.069529262,10.3,112.718,4,11,16.2115916
Regular,FDP51,Meat,2012,OUT049,Tier 1,Medium,Supermarket Type1,0.085622362,12.85,254.038,4,11,29.66958562
Regular,FDW27,Meat,2012,OUT049,Tier 1,Medium,Supermarket Type1,0.264124669,13.8,77.3012,4,11,2.926693682
Low Fat,FDN27,Meat,2012,OUT049,Tier 1,Medium,Supermarket Type1,0.04975339,15.5,104.133,4,11,20.92983011
Regular,FDO51,Meat,2012,OUT049,Tier 1,Medium,Supermarket Type1,0.041779181,15.5,199.077,4,11,47.64980912
Regular,FDO15,Meat,2012,OUT049,Tier 1,Medium,Supermarket Type1,0.008579863,18,89.6514,4,11,104.4904796
Low Fat,FDK55,Meat,2012,OUT049,Tier 1,Medium,Supermarket Type1,0.045105407,18.2,57.1904,4,11,12.67927812
Regular,FDS27,Meat,2012,OUT049,Tier 1,Medium,Supermarket Type1,0.012455787,18.2,250.109,4,11,200.7974285
Regular,FDW27,Meat,2012,OUT049,Tier 1,Medium,Supermarket Type1,0.151467821,19,228.372,4,11,15.07726186
Regular,FDZ39,Meat,2012,OUT049,Tier 1,Medium,Supermarket Type1,0.018126724,19.2,184.495,4,11,101.7806637
Regular,FDZ39,Meat,2012,OUT049,Tier 1,Medium,Supermarket Type1,0.018021361,20.5,192.048,4,11,106.5668681
Low Fat,FDX15,Meat,2012,OUT049,Tier 1,Medium,Supermarket Type1,0.156541861,5.305,181.861,4,11,11.61740373
Low Fat,FDA39,Meat,2012,OUT049,Tier 1,Medium,Supermarket Type1,0.012737719,6.985,182.861,4,11,143.5586701
Low Fat,FDK27,Meat,2012,OUT049,Tier 1,Medium,Supermarket Type1,0.008960445,11.8,102.267,4,11,114.1316084
Low Fat,FDG31,Meat,2012,OUT049,Tier 1,Medium,Supermarket Type1,0.037955309,12,98.0042,4,11,25.82094642
Low Fat,FDY51,Meat,2012,OUT049,Tier 1,Medium,Supermarket Type1,0.081260969,12.35,198.143,4,11,24.38353892
Low Fat,FDQ39,Meat,2012,OUT049,Tier 1,Medium,Supermarket Type1,0.081168135,15.85,47.1744,4,11,5.811935928
Regular,FDY39,Meat,2012,OUT049,Tier 1,Medium,Supermarket Type1,0.04710181,17.7,103.367,4,11,21.94544116
Regular,FDO39,Meat,2012,OUT049,Tier 1,Medium,Supermarket Type1,0.137580452,18.6,48.8376,4,11,3.549748477
Regular,FDM51,Meat,2012,OUT049,Tier 1,Medium,Supermarket Type1,0.025966531,6.305,93.5436,4,11,36.02468116
Regular,FDH31,Meat,2012,OUT049,Tier 1,Medium,Supermarket Type1,0.020442889,6.935,103.133,4,11,50.44932739
Regular,FDI07,Meat,2012,OUT049,Tier 1,Medium,Supermarket Type1,0.033813351,8.63,115.052,4,11,34.02561314
Regular,FDX03,Meat,2012,OUT049,Tier 1,Medium,Supermarket Type1,0.061190964,9.195,159.558,4,11,26.07541859
Regular,FDJ27,Meat,2012,OUT049,Tier 1,Medium,Supermarket Type1,0.122065518,9.285,160.058,4,11,13.11246637
Regular,FDU27,Meat,2012,OUT049,Tier 1,Medium,Supermarket Type1,0.17174348,10.1,38.4848,4,11,2.240830336
Regular,FDT39,Meat,2012,OUT049,Tier 1,Medium,Supermarket Type1,0.009883257,10.5,213.724,4,11,216.2485505
Low Fat,FDH19,Meat,2012,OUT049,Tier 1,Medium,Supermarket Type1,0.057933643,11.8,34.9558,4,11,6.033765217
Low Fat,FDP27,Meat,2012,OUT049,Tier 1,Medium,Supermarket Type1,0.20914265,13.5,264.491,4,11,12.64644012
Low Fat,FDV39,Meat,2012,OUT049,Tier 1,Medium,Supermarket Type1,0.04975339,13.65,80.4302,4,11,16.16577282
Regular,FDM27,Meat,2012,OUT049,Tier 1,Medium,Supermarket Type1,0.277459381,14.65,49.8666,4,11,1.797257668
Regular,FDO15,Meat,2012,OUT049,Tier 1,Medium,Supermarket Type1,0.014998914,15.1,258.83,4,11,172.5658271
Regular,FDP51,Meat,2012,OUT049,Tier 1,Medium,Supermarket Type1,0.149305497,19.6,169.282,4,11,11.33796166
Regular,FDQ03,Meat,2012,OUT049,Tier 1,Medium,Supermarket Type1,0.136592891,12.1,53.2614,4,11,3.899280527
Regular,FDT15,Meat,2012,OUT049,Tier 1,Medium,Supermarket Type1,0.074729835,16.75,37.8822,4,11,5.069220346
Regular,FDT51,Meat,2012,OUT049,Tier 1,Medium,Supermarket Type1,0.019117392,19.35,165.087,4,11,86.3543521
Regular,FDV27,Meat,2012,OUT049,Tier 1,Medium,Supermarket Type1,0.070017381,7.06,57.6904,4,11,8.239439861
Low Fat,FDM03,Meat,2012,OUT049,Tier 1,Medium,Supermarket Type1,0.04975339,9.5,186.59,4,11,37.50297216
Low Fat,FDX15,Meat,2012,OUT049,Tier 1,Medium,Supermarket Type1,0.156298858,13.5,98.4068,4,11,6.296066475
Low Fat,FDR39,Meat,2012,OUT049,Tier 1,Medium,Supermarket Type1,0.083799283,12.6,61.0194,4,11,7.281613615
Regular,FDP03,Meat,2012,OUT049,Tier 1,Medium,Supermarket Type1,0.06117708,10.8,72.338,4,11,11.82436298
Regular,FDO27,Meat,2012,OUT049,Tier 1,Medium,Supermarket Type1,0.179077475,19,190.187,4,11,10.62037534
Regular,FDR15,Meat,2012,OUT049,Tier 1,Medium,Supermarket Type1,0.033437991,8.315,146.644,4,11,43.85550555
Regular,FDN03,Meat,2012,OUT049,Tier 1,Medium,Supermarket Type1,0.015089965,20.85,87.2514,4,11,57.82081005
Regular,FDT27,Meat,2012,OUT049,Tier 1,Medium,Supermarket Type1,0.069587171,7.72,78.8986,4,11,11.33809564
Regular,FDT15,Meat,2012,OUT049,Tier 1,Medium,Supermarket Type1,0.042681522,16.2,175.537,4,11,41.12716505
Regular,FDX39,Meat,2012,OUT049,Tier 1,Medium,Supermarket Type1,0.049676157,5.82,256.633,4,11,51.66120238
Low Fat,FDK55,Meat,2012,OUT049,Tier 1,Medium,Supermarket Type1,0.025813943,6.26,149.837,4,11,58.04498755
Low Fat,FDA39,Meat,2012,OUT049,Tier 1,Medium,Supermarket Type1,0.012789884,10.65,229.767,4,11,179.6474464
Low Fat,FDV15,Meat,2018,OUT019,Tier 1,Small,Grocery Store,0.146999264,12.6,105.099,4,5,7.149627634
Low Fat,FDM03,Meat,2018,OUT019,Tier 1,Small,Grocery Store,0.123726711,12.6,258.399,4,5,20.88465764
Low Fat,FDU39,Meat,2018,OUT019,Tier 1,Small,Grocery Store,0.036241797,12.6,110.491,4,5,30.48717479
Low Fat,FDR39,Meat,2018,OUT019,Tier 1,Small,Grocery Store,0.084273286,12.6,248.678,4,5,29.50852065
Regular,FDT39,Meat,2018,OUT019,Tier 1,Small,Grocery Store,0.009887927,12.6,105.562,4,5,106.7584742
Regular,FDR51,Meat,2018,OUT019,Tier 1,Small,Grocery Store,0.173821519,12.6,40.5138,4,5,2.330770104
Regular,FDR15,Meat,2018,OUT019,Tier 1,Small,Grocery Store,0.033505804,12.6,183.692,4,5,54.82393438
Regular,FDS27,Meat,2018,OUT019,Tier 1,Small,Grocery Store,0.012483408,12.6,82.1592,4,5,65.81471983
Regular,FDM51,Meat,2018,OUT019,Tier 1,Small,Grocery Store,0.025978802,12.6,107.128,4,5,41.23669752
Regular,FDQ03,Meat,2018,OUT019,Tier 1,Small,Grocery Store,0.078172471,12.6,86.254,4,5,11.03380754
Regular,FDN51,Meat,2018,OUT019,Tier 1,Small,Grocery Store,0.020989308,12.6,175.037,4,5,83.39341154
Regular,FDL03,Meat,2018,OUT019,Tier 1,Small,Grocery Store,0.027135522,12.6,149.771,4,5,55.19370514
Regular,FDT39,Meat,2018,OUT019,Tier 1,Small,Grocery Store,0.009923732,12.6,74.338,4,5,74.90931839
Regular,FDW39,Meat,2018,OUT019,Tier 1,Small,Grocery Store,0.04975339,12.6,94.8436,4,5,19.06274125
Regular,FDS27,Meat,2018,OUT019,Tier 1,Small,Grocery Store,0.012528611,12.6,216.117,4,5,172.498771
Regular,FDO15,Meat,2018,OUT019,Tier 1,Small,Grocery Store,0.008615,12.6,84.5566,4,5,98.15043529
Regular,FDU51,Meat,2018,OUT019,Tier 1,Small,Grocery Store,0.097059596,12.6,121.741,4,5,12.54291229
Low Fat,FDP27,Meat,2018,OUT019,Tier 1,Small,Grocery Store,0.119428052,12.6,85.9566,4,5,7.19735427
Low Fat,FDL43,Meat,2018,OUT019,Tier 1,Small,Grocery Store,0.027059264,12.6,176.937,4,5,65.38869646
Low Fat,FDK15,Meat,2018,OUT019,Tier 1,Small,Grocery Store,0.098395216,12.6,126.999,4,5,12.90702995
Low Fat,FDI19,Meat,2018,OUT019,Tier 1,Small,Grocery Store,0.052329172,12.6,89.0198,4,5,17.01150555
Low Fat,FDU39,Meat,2018,OUT019,Tier 1,Small,Grocery Store,0.036031137,12.6,188.821,4,5,52.40495186
Regular,FDW39,Meat,2018,OUT019,Tier 1,Small,Grocery Store,0.036903419,12.6,98.3042,4,5,26.63823642
Regular,FDM15,Meat,2018,OUT019,Tier 1,Small,Grocery Store,0.057410724,12.6,43.9428,4,5,7.654110058
Regular,FDM51,Meat,2018,OUT019,Tier 1,Small,Grocery Store,0.02592132,12.6,57.4272,4,5,22.15442732
Regular,FDI07,Meat,2018,OUT019,Tier 1,Small,Grocery Store,0.033754478,12.6,142.915,4,5,42.33956751
Regular,FDQ03,Meat,2018,OUT019,Tier 1,Small,Grocery Store,0.077999504,12.6,145.013,4,5,18.59152848
Regular,FDN51,Meat,2018,OUT019,Tier 1,Small,Grocery Store,0.020942867,12.6,54.7298,4,5,26.13290721
Regular,FDQ15,Meat,2018,OUT019,Tier 1,Small,Grocery Store,0.151044881,12.6,54.9956,4,5,3.641010515
Low Fat,FDJ07,Meat,2018,OUT019,Tier 1,Small,Grocery Store,0.02414202,12.6,171.342,4,5,70.97252011
Low Fat,FDK15,Meat,2018,OUT019,Tier 1,Small,Grocery Store,0.164724567,12.6,180.198,4,5,10.93935187
Low Fat,FDP39,Meat,2018,OUT019,Tier 1,Small,Grocery Store,0.116203156,12.6,74.7696,4,5,6.434386343
Low Fat,FDI19,Meat,2018,OUT019,Tier 1,Small,Grocery Store,0.087604871,12.6,41.8454,4,5,4.776606543
Regular,FDP03,Meat,2018,OUT019,Tier 1,Small,Grocery Store,0.10239789,12.6,206.795,4,5,20.19524035
Regular,FDY39,Meat,2018,OUT019,Tier 1,Small,Grocery Store,0.07871639,12.6,185.19,4,5,23.52623132
Regular,FDT51,Meat,2018,OUT019,Tier 1,Small,Grocery Store,0.018275816,12.6,34.619,4,5,18.94251945
Regular,FDX39,Meat,2018,OUT019,Tier 1,Small,Grocery Store,0.083147702,12.6,128.368,4,5,15.43855054
Regular,FDQ51,Meat,2018,OUT019,Tier 1,Small,Grocery Store,0.029377239,12.6,157.063,4,5,53.46418021
Regular,FDU27,Meat,2018,OUT019,Tier 1,Small,Grocery Store,0.28701714,12.6,93.5778,4,5,3.26035581
Regular,FDT39,Meat,2018,OUT019,Tier 1,Small,Grocery Store,0.016516867,12.6,106.531,4,5,64.49830952
Low Fat,FDA39,Meat,2018,OUT019,Tier 1,Small,Grocery Store,0.012707362,12.6,92.0462,4,5,72.43533316
Low Fat,FDL43,Meat,2018,OUT019,Tier 1,Small,Grocery Store,0.027041859,12.6,149.873,4,5,55.42259502
Low Fat,FDV39,Meat,2018,OUT019,Tier 1,Small,Grocery Store,0.007273831,12.6,55.7298,4,5,76.61684744
Low Fat,FDI19,Meat,2018,OUT019,Tier 1,Small,Grocery Store,0.052295514,12.6,100.77,4,5,19.26933924
Low Fat,FDH19,Meat,2018,OUT019,Tier 1,Small,Grocery Store,0.033060937,12.6,179.932,4,5,54.4243498
Regular,FDW03,Meat,2018,OUT019,Tier 1,Small,Grocery Store,0.024520854,12.6,227.372,4,5,92.72597113
Regular,FDS15,Meat,2018,OUT019,Tier 1,Small,Grocery Store,0.077995641,12.6,216.917,4,5,27.81142603
Regular,FDQ03,Meat,2018,OUT019,Tier 1,Small,Grocery Store,0.077949334,12.6,77.9012,4,5,9.993824963
Regular,FDX03,Meat,2018,OUT019,Tier 1,Small,Grocery Store,0.061045133,12.6,129.334,4,5,21.18661941
Regular,FDL03,Meat,2018,OUT019,Tier 1,Small,Grocery Store,0.027058066,12.6,151.071,4,5,55.83215001
Low Fat,FDA39,Meat,2018,OUT019,Tier 1,Small,Grocery Store,0.012769753,12.6,123.341,4,5,96.58839916
Low Fat,FDQ39,Meat,2018,OUT019,Tier 1,Small,Grocery Store,0.081372267,12.6,176.769,4,5,21.72349457
Low Fat,FDX15,Meat,2018,OUT019,Tier 1,Small,Grocery Store,0.156935553,12.6,106.196,4,5,6.766854162
Low Fat,FDH19,Meat,2018,OUT019,Tier 1,Small,Grocery Store,0.03322326,12.6,214.09,4,5,64.43979308
Low Fat,FDT03,Meat,2018,OUT019,Tier 1,Small,Grocery Store,0.010039493,12.6,177.071,4,5,176.3744444
Regular,FDR51,Meat,2018,OUT019,Tier 1,Small,Grocery Store,0.17417636,12.6,216.619,4,5,12.43676237
Regular,FDT51,Meat,2018,OUT019,Tier 1,Small,Grocery Store,0.010963269,12.6,158.392,4,5,144.4751561
Regular,FDJ55,Meat,2018,OUT019,Tier 1,Small,Grocery Store,0.023626808,12.6,127.502,4,5,53.96497064
Regular,FDO15,Meat,2018,OUT019,Tier 1,Small,Grocery Store,0.008601441,12.6,119.878,4,5,139.3696707
Regular,FDJ27,Meat,2018,OUT019,Tier 1,Small,Grocery Store,0.122372504,12.6,102.733,4,5,8.395104835
Regular,FDU03,Meat,2018,OUT019,Tier 1,Small,Grocery Store,0.091950972,12.6,43.2796,4,5,4.70681267
Regular,FDZ39,Meat,2018,OUT019,Tier 1,Small,Grocery Store,0.018098194,12.6,73.4696,4,5,40.59498975
Regular,FDM15,Meat,2018,OUT019,Tier 1,Small,Grocery Store,0.057655493,12.6,263.591,4,5,45.71828048
Low Fat,FDS51,Meat,2018,OUT019,Tier 1,Small,Grocery Store,0.032024659,12.6,47.1718,4,5,14.72983678
Low Fat,FDJ07,Meat,2018,OUT019,Tier 1,Small,Grocery Store,0.014353676,12.6,142.45,4,5,99.24286991
Low Fat,FDN27,Meat,2018,OUT019,Tier 1,Small,Grocery Store,0.039370913,12.6,194.911,4,5,49.50634495
Low Fat,FDP39,Meat,2018,OUT019,Tier 1,Small,Grocery Store,0.06908877,12.6,162.953,4,5,23.58603287
Regular,FDM15,Meat,2018,OUT019,Tier 1,Small,Grocery Store,0.057143515,12.6,252.77,4,5,44.23424075
Regular,FDM27,Meat,2018,OUT019,Tier 1,Small,Grocery Store,0.157701958,12.6,175.174,4,5,11.10791535
Regular,FDO15,Meat,2018,OUT019,Tier 1,Small,Grocery Store,0.008525061,12.6,190.953,4,5,223.9901861
Regular,FDU27,Meat,2018,OUT019,Tier 1,Small,Grocery Store,0.170646494,12.6,196.843,4,5,11.53513297
Regular,FDW27,Meat,2018,OUT019,Tier 1,Small,Grocery Store,0.150122794,12.6,144.747,4,5,9.641906878
Regular,FDX03,Meat,2018,OUT019,Tier 1,Small,Grocery Store,0.060800116,12.6,110.291,4,5,18.1399325
Regular,FDY03,Meat,2018,OUT019,Tier 1,Small,Grocery Store,0.075753207,12.6,158.66,4,5,20.94432781
Low Fat,NCK31,Others,2018,OUT019,Tier 1,Small,Grocery Store,0.026916794,12.6,100.67,4,5,37.40044227
Low Fat,NCJ31,Others,2018,OUT019,Tier 1,Small,Grocery Store,0.182501773,12.6,192.648,4,5,10.55595224
Low Fat,NCQ38,Others,2018,OUT019,Tier 1,Small,Grocery Store,0.023402893,12.6,159.824,4,5,68.29241154
Low Fat,NCN19,Others,2018,OUT019,Tier 1,Small,Grocery Store,0.012167988,12.6,143.515,4,5,117.9447251
Low Fat,NCQ43,Others,2018,OUT019,Tier 1,Small,Grocery Store,0.111931193,12.6,256.367,4,5,22.90398173
Low Fat,NCQ38,Others,2018,OUT019,Tier 1,Small,Grocery Store,0.013363902,12.6,217.648,4,5,162.862613
Low Fat,NCO07,Others,2018,OUT019,Tier 1,Small,Grocery Store,0.009816092,12.6,242.417,4,5,246.9587693
Low Fat,NCJ19,Others,2018,OUT019,Tier 1,Small,Grocery Store,0.117607719,12.6,154.663,4,5,13.15075246
Low Fat,NCN07,Others,2018,OUT019,Tier 1,Small,Grocery Store,0.056816465,12.6,197.908,4,5,34.83286051
Low Fat,NCM19,Others,2018,OUT019,Tier 1,Small,Grocery Store,0.047237246,12.6,86.7882,4,5,18.37283232
Low Fat,NCM07,Others,2018,OUT019,Tier 1,Small,Grocery Store,0.040187877,12.6,111.686,4,5,27.79096791
Low Fat,NCP50,Others,2018,OUT019,Tier 1,Small,Grocery Store,0.020676141,12.6,189.487,4,5,91.64524463
Low Fat,NCJ31,Others,2018,OUT019,Tier 1,Small,Grocery Store,0.183686937,12.6,78.467,4,5,4.271779
Low Fat,NCO43,Others,2018,OUT019,Tier 1,Small,Grocery Store,0.047059016,12.6,73.0696,4,5,15.52722649
Low Fat,NCL55,Others,2018,OUT019,Tier 1,Small,Grocery Store,0.065026434,12.6,189.453,4,5,29.13476695
Low Fat,NCN43,Others,2018,OUT019,Tier 1,Small,Grocery Store,0.011314423,12.6,88.8514,4,5,78.52932492
Low Fat,NCN14,Others,2018,OUT019,Tier 1,Small,Grocery Store,0.092060694,12.6,38.1848,4,5,4.147785373
Low Fat,NCP50,Others,2018,OUT019,Tier 1,Small,Grocery Store,0.035997636,12.6,121.21,4,5,33.67165555
Low Fat,NCP50,Others,2018,OUT019,Tier 1,Small,Grocery Store,0.020555958,12.6,263.857,4,5,128.3603518
Low Fat,NCL07,Others,2018,OUT019,Tier 1,Small,Grocery Store,0.0311868,12.6,165.65,4,5,53.11542063
Low Fat,NCL19,Others,2018,OUT019,Tier 1,Small,Grocery Store,0.015673267,12.6,223.909,4,5,142.8604515
Low Fat,NCL31,Others,2018,OUT019,Tier 1,Small,Grocery Store,0.120467994,12.6,111.857,4,5,9.285204832
Low Fat,NCO02,Others,2018,OUT019,Tier 1,Small,Grocery Store,0.048677482,12.6,227.904,4,5,46.81918428
Low Fat,NCL55,Others,2018,OUT019,Tier 1,Small,Grocery Store,0.113212516,12.6,167.847,4,5,14.82583427
Low Fat,NCN43,Others,2018,OUT019,Tier 1,Small,Grocery Store,0.048677482,12.6,55.8614,4,5,11.47581956
Low Fat,NCP43,Others,2018,OUT019,Tier 1,Small,Grocery Store,0.03050705,12.6,92.312,4,5,30.25923516
Low Fat,NCO02,Others,2018,OUT019,Tier 1,Small,Grocery Store,0.07366703,12.6,147.242,4,5,19.98750323
Low Fat,NCN55,Others,2018,OUT019,Tier 1,Small,Grocery Store,0.059582996,12.6,78.896,4,5,13.24136168
Low Fat,NCL19,Others,2018,OUT019,Tier 1,Small,Grocery Store,0.015700603,12.6,251.241,4,5,160.0199687
Low Fat,NCM55,Others,2018,OUT019,Tier 1,Small,Grocery Store,0.066829875,12.6,164.718,4,5,24.64736018
Low Fat,NCI31,Others,2018,OUT019,Tier 1,Small,Grocery Store,0.0814536,12.6,219.348,4,5,26.9291965
Low Fat,NCM07,Others,2018,OUT019,Tier 1,Small,Grocery Store,0.069968018,12.6,120.178,4,5,17.17613324
Low Fat,NCP43,Others,2018,OUT019,Tier 1,Small,Grocery Store,0.053413906,12.6,193.079,4,5,36.14770281
Low Fat,NCK19,Others,2018,OUT019,Tier 1,Small,Grocery Store,0.09046564,12.6,264.091,4,5,29.19240941
Low Fat,NCL55,Others,2018,OUT019,Tier 1,Small,Grocery Store,0.048677482,12.6,91.0488,4,5,18.70450078
Low Fat,NCL31,Others,2018,OUT019,Tier 1,Small,Grocery Store,0.120524922,12.6,198.543,4,5,16.4731905
Low Fat,NCO02,Others,2018,OUT019,Tier 1,Small,Grocery Store,0.073516952,12.6,230.067,4,5,31.29441493
Low Fat,NCL55,Others,2018,OUT019,Tier 1,Small,Grocery Store,0.06479182,12.6,175.771,4,5,27.12857889
Low Fat,NCQ43,Others,2018,OUT019,Tier 1,Small,Grocery Store,0.111527348,12.6,190.885,4,5,17.11553295
Low Fat,NCP55,Others,2018,OUT019,Tier 1,Small,Grocery Store,0.011180713,12.6,35.4558,4,5,31.71157331
Low Fat,NCN19,Others,2018,OUT019,Tier 1,Small,Grocery Store,0.012148836,12.6,192.282,4,5,158.271953
Low Fat,NCM43,Others,2018,OUT019,Tier 1,Small,Grocery Store,0.01938106,12.6,225.209,4,5,116.2005587
Low Fat,NCL31,Others,2018,OUT019,Tier 1,Small,Grocery Store,0.120280989,12.6,108.425,4,5,9.014308986
Low Fat,NCO43,Others,2018,OUT019,Tier 1,Small,Grocery Store,0.048677482,12.6,111.654,4,5,22.93750527
Low Fat,NCM19,Others,2018,OUT019,Tier 1,Small,Grocery Store,0.047333044,12.6,145.879,4,5,30.81969543
Low Fat,NCQ38,Others,2018,OUT019,Tier 1,Small,Grocery Store,0.013393537,12.6,143.81,4,5,107.3726828
Low Fat,NCN19,Others,2018,OUT019,Tier 1,Small,Grocery Store,0.01209726,12.6,240.954,4,5,199.1806409
Low Fat,NCN07,Others,2018,OUT019,Tier 1,Small,Grocery Store,0.033938279,12.6,120.71,4,5,35.56750771
Low Fat,NCO55,Others,2018,OUT019,Tier 1,Small,Grocery Store,0.152377658,12.6,159.158,4,5,10.44496956
Low Fat,NCL31,Others,2018,OUT019,Tier 1,Small,Grocery Store,0.120770963,12.6,87.7882,4,5,7.268982363
Low Fat,NCP50,Others,2018,OUT019,Tier 1,Small,Grocery Store,0.048677482,12.6,234.796,4,5,48.23503401
Low Fat,NCI31,Others,2018,OUT019,Tier 1,Small,Grocery Store,0.080933328,12.6,225.306,4,5,27.83846971
Low Fat,NCO55,Others,2018,OUT019,Tier 1,Small,Grocery Store,0.091221855,12.6,62.8194,4,5,6.886441851
Low Fat,NCQ38,Others,2018,OUT019,Tier 1,Small,Grocery Store,0.013420879,12.6,156.395,4,5,116.5311154
Low Fat,NCK07,Others,2018,OUT019,Tier 1,Small,Grocery Store,0.048762383,12.6,72.4038,4,5,14.84828992
Low Fat,NCM31,Others,2018,OUT019,Tier 1,Small,Grocery Store,0.081361288,12.6,119.612,4,5,14.70134052
Low Fat,NCN07,Others,2018,OUT019,Tier 1,Small,Grocery Store,0.034013539,12.6,238.025,4,5,69.9794867
Low Fat,NCN55,Others,2018,OUT019,Tier 1,Small,Grocery Store,0.048677482,12.6,183.795,4,5,37.75770489
Low Fat,NCK31,Others,2018,OUT019,Tier 1,Small,Grocery Store,0.027157955,12.6,110.654,4,5,40.74459951
Low Fat,NCL31,Others,2018,OUT019,Tier 1,Small,Grocery Store,0.119698523,12.6,89.3514,4,5,7.464703637
Low Fat,NCO55,Others,2018,OUT019,Tier 1,Small,Grocery Store,0.090596378,12.6,151.005,4,5,16.66788489
Low Fat,NCM43,Others,2018,OUT019,Tier 1,Small,Grocery Store,0.019471688,12.6,172.276,4,5,88.47512347
Low Fat,NCM43,Others,2018,OUT019,Tier 1,Small,Grocery Store,0.01950565,12.6,184.358,4,5,94.51517894
Low Fat,NCQ38,Others,2018,OUT019,Tier 1,Small,Grocery Store,0.013387211,12.6,141.715,4,5,105.8584943
Low Fat,NCI31,Others,2018,OUT019,Tier 1,Small,Grocery Store,0.142393355,12.6,155.497,4,5,10.92024273
Low Fat,NCM43,Others,2018,OUT019,Tier 1,Small,Grocery Store,0.03409886,12.6,115.452,4,5,33.85802341
Low Fat,NCN19,Others,2018,OUT019,Tier 1,Small,Grocery Store,0.021184746,12.6,190.887,4,5,90.10587146
Low Fat,NCM55,Others,2018,OUT019,Tier 1,Small,Grocery Store,0.066726133,12.6,35.0558,4,5,5.25368374
Low Fat,NCN55,Others,2018,OUT019,Tier 1,Small,Grocery Store,0.059611153,12.6,163.984,4,5,27.50894619
Low Fat,NCK07,Others,2018,OUT019,Tier 1,Small,Grocery Store,0.048677482,12.6,186.292,4,5,38.27067308
Low Fat,NCN55,Others,2018,OUT019,Tier 1,Small,Grocery Store,0.059732844,12.6,232.996,4,5,39.00634632
Low Fat,NCJ19,Others,2018,OUT019,Tier 1,Small,Grocery Store,0.118661426,12.6,225.906,4,5,19.03786324
Low Fat,NCN14,Others,2018,OUT019,Tier 1,Small,Grocery Store,0.09147267,12.6,113.554,4,5,12.41398114
Low Fat,NCP50,Others,2018,OUT019,Tier 1,Small,Grocery Store,0.020542737,12.6,216.482,4,5,105.3812839
Low Fat,NCO07,Others,2018,OUT019,Tier 1,Small,Grocery Store,0.009791467,12.6,55.4272,4,5,56.60765644
Low Fat,NCO55,Others,2018,OUT019,Tier 1,Small,Grocery Store,0.159394437,12.6,56.9614,4,5,3.573612798
Low Fat,NCM26,Others,2016,OUT046,Tier 1,Small,Supermarket Type1,0.023190134,6.465,264.788,4,7,114.1813152
Low Fat,NCP55,Others,2016,OUT046,Tier 1,Small,Supermarket Type1,0.01125332,16.7,184.029,4,7,163.5330729
Low Fat,NCO02,Others,2016,OUT046,Tier 1,Small,Supermarket Type1,0.073354286,17.6,170.442,4,7,23.23545212
Low Fat,NCK19,Others,2016,OUT046,Tier 1,Small,Supermarket Type1,0.151420934,5.985,128.468,4,7,8.484163755
Low Fat,NCN43,Others,2016,OUT046,Tier 1,Small,Supermarket Type1,0.011835436,8.905,58.8878,4,7,49.75549697
Low Fat,NCK31,Others,2016,OUT046,Tier 1,Small,Supermarket Type1,0.027047774,17.1,148.739,4,7,54.99121665
Low Fat,NCL19,Others,2016,OUT046,Tier 1,Small,Supermarket Type1,0.015708023,14.15,124.205,4,7,79.07105815
Low Fat,NCN55,Others,2016,OUT046,Tier 1,Small,Supermarket Type1,0.059827007,16.85,182.427,4,7,30.49241624
Low Fat,NCQ38,Others,2016,OUT046,Tier 1,Small,Supermarket Type1,0.013442036,19.85,224.077,4,7,166.6987055
Low Fat,NCN19,Others,2016,OUT046,Tier 1,Small,Supermarket Type1,0.012089479,11.5,131.863,4,7,109.072525
Low Fat,NCQ38,Others,2016,OUT046,Tier 1,Small,Supermarket Type1,0.013355306,20.5,89.7172,4,7,67.17719534
Low Fat,NCO43,Others,2016,OUT046,Tier 1,Small,Supermarket Type1,0.047290068,5.765,37.5164,4,7,7.933251439
Low Fat,NCM07,Others,2016,OUT046,Tier 1,Small,Supermarket Type1,0.03976832,7.09,47.6034,4,7,11.97018129
Low Fat,NCO02,Others,2016,OUT046,Tier 1,Small,Supermarket Type1,0.073012871,8.235,149.308,4,7,20.44954512
Low Fat,NCM07,Others,2016,OUT046,Tier 1,Small,Supermarket Type1,0.039954281,8.355,94.1462,4,7,23.56348247
Low Fat,NCM55,Others,2016,OUT046,Tier 1,Small,Supermarket Type1,0.111685868,9.195,46.2744,4,7,4.143263676
Low Fat,NCL07,Others,2016,OUT046,Tier 1,Small,Supermarket Type1,0.05486977,12,121.939,4,7,22.22334812
Low Fat,NCO07,Others,2016,OUT046,Tier 1,Small,Supermarket Type1,0.009776268,12.1,221.411,4,7,226.4780384
Low Fat,NCP43,Others,2016,OUT046,Tier 1,Small,Supermarket Type1,0.030568919,12.3,73.738,4,7,24.12188668
Low Fat,NCM07,Others,2016,OUT046,Tier 1,Small,Supermarket Type1,0.040124625,15.6,112.354,4,7,28.00125858
Low Fat,NCM26,Others,2016,OUT046,Tier 1,Small,Supermarket Type1,0.040520754,20.7,157.029,4,7,38.75273397
Low Fat,NCP55,Others,2016,OUT046,Tier 1,Small,Supermarket Type1,0.011212719,6.44,98.27,4,7,87.6415435
Low Fat,NCO43,Others,2016,OUT046,Tier 1,Small,Supermarket Type1,0.047364617,10.195,33.3558,4,7,7.042345555
Low Fat,NCN43,Others,2016,OUT046,Tier 1,Small,Supermarket Type1,0.006754117,13.35,218.917,4,7,324.12379
Low Fat,NCM19,Others,2016,OUT046,Tier 1,Small,Supermarket Type1,0.047197936,15.85,216.617,4,7,45.89543916
Low Fat,NCN07,Others,2016,OUT046,Tier 1,Small,Supermarket Type1,0.033997473,6.3,210.527,4,7,61.92430832
Low Fat,NCL07,Others,2016,OUT046,Tier 1,Small,Supermarket Type1,0.031338558,7.5,122.207,4,7,38.99573171
Low Fat,NCN14,Others,2016,OUT046,Tier 1,Small,Supermarket Type1,0.092437711,8.71,49.5376,4,7,5.359024955
Low Fat,NCP43,Others,2016,OUT046,Tier 1,Small,Supermarket Type1,0.030501281,10.195,112.189,4,7,36.78173386
Low Fat,NCI31,Others,2016,OUT046,Tier 1,Small,Supermarket Type1,0.08131178,11.6,177.969,4,7,21.88723454
Low Fat,NCM26,Others,2016,OUT046,Tier 1,Small,Supermarket Type1,0.023274107,12,181.898,4,7,78.15466346
Low Fat,NCL31,Others,2016,OUT046,Tier 1,Small,Supermarket Type1,0.120180894,6.92,61.5852,4,7,5.124375261
Low Fat,NCN07,Others,2016,OUT046,Tier 1,Small,Supermarket Type1,0.03391645,8.895,41.1138,4,7,12.12208235
Low Fat,NCN43,Others,2016,OUT046,Tier 1,Small,Supermarket Type1,0.006770252,10.3,263.023,4,7,388.4980943
Low Fat,NCL19,Others,2016,OUT046,Tier 1,Small,Supermarket Type1,0.015663185,11.65,52.9298,4,7,33.79248856
Low Fat,NCJ19,Others,2016,OUT046,Tier 1,Small,Supermarket Type1,0.118180011,13.8,264.188,4,7,22.35471107
Low Fat,NCL19,Others,2016,OUT046,Tier 1,Small,Supermarket Type1,0.015676231,14.15,52.0982,4,7,33.23388128
Low Fat,NCJ19,Others,2016,OUT046,Tier 1,Small,Supermarket Type1,0.19780911,14.3,122.373,4,7,6.186418816
Low Fat,NCQ43,Others,2016,OUT046,Tier 1,Small,Supermarket Type1,0.111301625,15.75,36.6506,4,7,3.292907898
Low Fat,NCN07,Others,2016,OUT046,Tier 1,Small,Supermarket Type1,0.033944698,16.7,218.185,4,7,64.27660661
Low Fat,NCJ19,Others,2016,OUT046,Tier 1,Small,Supermarket Type1,0.118419683,17,221.111,4,7,18.67181151
Low Fat,NCM43,Others,2016,OUT046,Tier 1,Small,Supermarket Type1,0.032597778,19.6,48.7718,4,7,14.96169463
Low Fat,NCK19,Others,2016,OUT046,Tier 1,Small,Supermarket Type1,0.090834158,20.1,110.323,4,7,12.14554111
Low Fat,NCO07,Others,2016,OUT046,Tier 1,Small,Supermarket Type1,0.017116983,20.25,220.148,4,7,128.6137867
Low Fat,NCM31,Others,2016,OUT046,Tier 1,Small,Supermarket Type1,0.081196619,5.48,83.725,4,7,10.31138994
Low Fat,NCO43,Others,2016,OUT046,Tier 1,Small,Supermarket Type1,0.04709821,5.88,154.3,4,7,32.76133
Low Fat,NCQ43,Others,2016,OUT046,Tier 1,Small,Supermarket Type1,0.110762642,7.3,148.808,4,7,13.43485469
Low Fat,NCK19,Others,2016,OUT046,Tier 1,Small,Supermarket Type1,0.090390357,7.36,58.5588,4,7,6.47843442
Low Fat,NCM19,Others,2016,OUT046,Tier 1,Small,Supermarket Type1,0.047008497,7.93,121.841,4,7,25.91893121
Low Fat,NCI31,Others,2016,OUT046,Tier 1,Small,Supermarket Type1,0.08165845,9.195,59.6246,4,7,7.30170607
Low Fat,NCN14,Others,2016,OUT046,Tier 1,Small,Supermarket Type1,0.160936178,9.31,62.151,4,7,3.861841431
Low Fat,NCM31,Others,2016,OUT046,Tier 1,Small,Supermarket Type1,0.0816559,10.5,89.683,4,7,10.9830398
Low Fat,NCM26,Others,2016,OUT046,Tier 1,Small,Supermarket Type1,0.023179181,10.5,121.31,4,7,52.33575768
Low Fat,NCM07,Others,2016,OUT046,Tier 1,Small,Supermarket Type1,0.040023967,10.695,59.6904,4,7,14.91366411
Low Fat,NCQ43,Others,2016,OUT046,Tier 1,Small,Supermarket Type1,0.11147467,12.15,245.246,4,7,22.00015483
Low Fat,NCJ31,Others,2016,OUT046,Tier 1,Small,Supermarket Type1,0.18293775,12.85,39.3164,4,7,2.149168228
Low Fat,NCL31,Others,2016,OUT046,Tier 1,Small,Supermarket Type1,0.210596485,13.15,182.598,4,7,8.670515085
Low Fat,NCQ43,Others,2016,OUT046,Tier 1,Small,Supermarket Type1,0.194874778,15.35,64.7168,4,7,3.320942847
Low Fat,NCP55,Others,2016,OUT046,Tier 1,Small,Supermarket Type1,0.019592289,15.6,78.167,4,7,39.89681859
Low Fat,NCM07,Others,2016,OUT046,Tier 1,Small,Supermarket Type1,0.039961837,15.7,180.266,4,7,45.10953788
Low Fat,NCK07,Others,2016,OUT046,Tier 1,Small,Supermarket Type1,0.048686689,17.35,74.1038,4,7,15.22054622
Low Fat,NCN19,Others,2016,OUT046,Tier 1,Small,Supermarket Type1,0.048677482,19.2,110.289,4,7,22.65708814
Low Fat,NCP50,Others,2016,OUT046,Tier 1,Small,Supermarket Type1,0.020559846,20.85,192.548,4,7,93.65245246
Low Fat,NCN14,Others,2016,OUT046,Tier 1,Small,Supermarket Type1,0.091917786,5.735,176.337,4,7,19.18420881
Low Fat,NCJ31,Others,2016,OUT046,Tier 1,Small,Supermarket Type1,0.182653772,6.055,160.892,4,7,8.808578013
Low Fat,NCK19,Others,2016,OUT046,Tier 1,Small,Supermarket Type1,0.090649107,6.655,210.059,4,7,23.17275999
Low Fat,NCK07,Others,2016,OUT046,Tier 1,Small,Supermarket Type1,0.048785427,7.325,91.3146,4,7,18.71759778
Low Fat,NCL07,Others,2016,OUT046,Tier 1,Small,Supermarket Type1,0.031402114,7.52,128.299,4,7,40.85680346
Low Fat,NCI31,Others,2016,OUT046,Tier 1,Small,Supermarket Type1,0.081492092,7.68,192.616,4,7,23.63615846
Low Fat,NCL31,Others,2016,OUT046,Tier 1,Small,Supermarket Type1,0.120961347,8.785,119.941,4,7,9.915646855
Low Fat,NCK07,Others,2016,OUT046,Tier 1,Small,Supermarket Type1,0.04896208,11.1,150.137,4,7,30.66393421
Low Fat,NCO02,Others,2016,OUT046,Tier 1,Small,Supermarket Type1,0.073783159,12.35,113.952,4,7,15.44417473
Low Fat,NCL31,Others,2016,OUT046,Tier 1,Small,Supermarket Type1,0.120258245,12.85,196.677,4,7,16.35455432
Low Fat,NCK19,Others,2016,OUT046,Tier 1,Small,Supermarket Type1,0.090448534,14,215.719,4,7,23.84991668
Low Fat,NCL55,Others,2016,OUT046,Tier 1,Small,Supermarket Type1,0.06464846,14.65,50.7692,4,7,7.853118234
Low Fat,NCP55,Others,2016,OUT046,Tier 1,Small,Supermarket Type1,0.048677482,16.25,125.805,4,7,25.84459895
Low Fat,NCP55,Others,2016,OUT046,Tier 1,Small,Supermarket Type1,0.048677482,18.2,197.511,4,7,40.57543486
Low Fat,NCN14,Others,2016,OUT046,Tier 1,Small,Supermarket Type1,0.15385153,18.2,37.619,4,7,2.445149554
Low Fat,NCI31,Others,2016,OUT046,Tier 1,Small,Supermarket Type1,0.136124989,19.85,126.402,4,7,9.285730778
Low Fat,NCQ43,Others,2016,OUT046,Tier 1,Small,Supermarket Type1,0.111209003,20.5,120.076,4,7,10.79732726
Low Fat,NCM26,Others,2016,OUT046,Tier 1,Small,Supermarket Type1,0.02312394,20.7,37.3506,4,7,16.1523512
Low Fat,NCM07,Others,2016,OUT046,Tier 1,Small,Supermarket Type1,0.039928582,7.905,229.269,4,7,57.41977013
Low Fat,NCM43,Others,2016,OUT046,Tier 1,Small,Supermarket Type1,0.019459164,8.88,152.268,4,7,78.25002143
Low Fat,NCO55,Others,2016,OUT046,Tier 1,Small,Supermarket Type1,0.091408076,10.1,61.2878,4,7,6.704856144
Low Fat,NCM31,Others,2016,OUT046,Tier 1,Small,Supermarket Type1,0.08152738,10.195,114.086,4,7,13.99358105
Low Fat,NCK07,Others,2016,OUT046,Tier 1,Small,Supermarket Type1,0.048885018,15.75,252.838,4,7,51.72095876
Low Fat,NCM43,Others,2016,OUT046,Tier 1,Small,Supermarket Type1,0.019554705,19.7,127.436,4,7,65.16897084
Low Fat,NCP43,Others,2016,OUT046,Tier 1,Small,Supermarket Type1,0.030631323,6.825,262.523,4,7,85.70410099
Low Fat,NCQ43,Others,2016,OUT046,Tier 1,Small,Supermarket Type1,0.048677482,7.27,100.538,4,7,20.65390317
Low Fat,NCN07,Others,2016,OUT046,Tier 1,Small,Supermarket Type1,0.034082974,9.695,160.26,4,7,47.02054463
Low Fat,NCJ31,Others,2016,OUT046,Tier 1,Small,Supermarket Type1,0.181769264,11,101.436,4,7,5.580481417
Low Fat,NCN43,Others,2016,OUT046,Tier 1,Small,Supermarket Type1,0.006727008,12,259.528,4,7,385.8000466
Low Fat,NCP50,Others,2016,OUT046,Tier 1,Small,Supermarket Type1,0.020460284,12.35,33.1216,4,7,16.18824059
Low Fat,FDJ45,Seafood,2016,OUT046,Tier 1,Small,Supermarket Type1,0.128532558,12.6,122.341,4,7,9.518288744
Regular,FDJ57,Seafood,2016,OUT046,Tier 1,Small,Supermarket Type1,0.021573645,16.75,191.916,4,7,88.95854178
Regular,FDG21,Seafood,2016,OUT046,Tier 1,Small,Supermarket Type1,0.146299902,20.1,59.2536,4,7,4.050146254
Low Fat,FDJ45,Seafood,2016,OUT046,Tier 1,Small,Supermarket Type1,0.073524776,5.11,161.721,4,7,21.99544273
Regular,FDJ57,Seafood,2016,OUT046,Tier 1,Small,Supermarket Type1,0.021569566,5.945,128.765,4,7,59.69753865
Low Fat,FDK45,Seafood,2016,OUT046,Tier 1,Small,Supermarket Type1,0.033926852,6.38,145.147,4,7,42.78233654
Regular,FDG21,Seafood,2016,OUT046,Tier 1,Small,Supermarket Type1,0.146895866,6.525,84.6882,4,7,5.765186067
Low Fat,FDJ45,Seafood,2016,OUT046,Tier 1,Small,Supermarket Type1,0.073055148,7.935,263.691,4,7,36.09478691
Low Fat,FDJ45,Seafood,2016,OUT046,Tier 1,Small,Supermarket Type1,0.073396761,8.6,112.918,4,7,15.3846026
Low Fat,FDI57,Seafood,2016,OUT046,Tier 1,Small,Supermarket Type1,0.053980686,8.6,92.5146,4,7,17.13846319
Regular,FDJ57,Seafood,2016,OUT046,Tier 1,Small,Supermarket Type1,0.021695674,8.88,208.427,4,7,96.06846047
Low Fat,FDF33,Seafood,2016,OUT046,Tier 1,Small,Supermarket Type1,0.021531416,9.195,105.862,4,7,49.16629728
Low Fat,FDK45,Seafood,2016,OUT046,Tier 1,Small,Supermarket Type1,0.033851785,10.1,117.849,4,7,34.81323068
Regular,FDG33,Seafood,2016,OUT046,Tier 1,Small,Supermarket Type1,0.140123575,10.85,115.181,4,7,8.219958704
Low Fat,FDF33,Seafood,2016,OUT046,Tier 1,Small,Supermarket Type1,0.021623214,12.1,172.111,4,7,79.59547549
Regular,FDJ57,Seafood,2016,OUT046,Tier 1,Small,Supermarket Type1,0.021661527,12.3,190.853,4,7,88.10690031
Low Fat,FDK45,Seafood,2016,OUT046,Tier 1,Small,Supermarket Type1,0.059281315,12.35,117.012,4,7,19.73842854
Low Fat,FDI57,Seafood,2016,OUT046,Tier 1,Small,Supermarket Type1,0.054025644,15.1,139.85,4,7,25.88585524
Low Fat,FDK45,Seafood,2016,OUT046,Tier 1,Small,Supermarket Type1,0.034049703,16,210.39,4,7,61.78908521
Low Fat,FDJ45,Seafood,2016,OUT046,Tier 1,Small,Supermarket Type1,0.073559521,16.7,249.278,4,7,33.88793138
Regular,FDG33,Seafood,2016,OUT046,Tier 1,Small,Supermarket Type1,0.234733477,17,124.636,4,7,5.309681499
Low Fat,FDH09,Seafood,2016,OUT046,Tier 1,Small,Supermarket Type1,0.055806016,17.1,114.386,4,7,20.49707329
Low Fat,FDI57,Seafood,2016,OUT046,Tier 1,Small,Supermarket Type1,0.05410964,18.1,127.534,4,7,23.56955249
Regular,FDI09,Seafood,2016,OUT046,Tier 1,Small,Supermarket Type1,0.12953868,18.75,207.095,4,7,15.98711674
Regular,FDI09,Seafood,2016,OUT046,Tier 1,Small,Supermarket Type1,0.129337594,18.75,215.222,4,7,16.6403281
Low Fat,FDH09,Seafood,2016,OUT046,Tier 1,Small,Supermarket Type1,0.056191301,18.85,194.614,4,7,34.63418653
Regular,FDI09,Seafood,2016,OUT046,Tier 1,Small,Supermarket Type1,0.055936493,19,127.134,4,7,22.72827508
Regular,FDG33,Seafood,2016,OUT046,Tier 1,Small,Supermarket Type1,0.141033536,19.6,86.9514,4,7,6.165299578
Regular,FDG33,Seafood,2016,OUT046,Tier 1,Small,Supermarket Type1,0.140213762,19.85,49.5376,4,7,3.533005555
Low Fat,FDH21,Seafood,2016,OUT046,Tier 1,Small,Supermarket Type1,0.05226427,20.5,37.919,4,7,7.255243401
Low Fat,FDH21,Seafood,2016,OUT046,Tier 1,Small,Supermarket Type1,0.031073804,20.7,73.9354,4,7,23.79348212
Regular,FDG21,Seafood,2016,OUT046,Tier 1,Small,Supermarket Type1,0.146527359,20.7,151.437,4,7,10.3350665
Low Fat,FDK45,Seafood,2016,OUT046,Tier 1,Small,Supermarket Type1,0.033858187,21.1,143.379,4,7,42.34692188
Low Fat,FDJ45,Seafood,2016,OUT046,Tier 1,Small,Supermarket Type1,0.073349552,12.65,107.894,4,7,14.70956496
Regular,FDG21,Seafood,2016,OUT046,Tier 1,Small,Supermarket Type1,0.145591438,17.2,162.158,4,7,11.13788024
Low Fat,FDI57,Seafood,2016,OUT046,Tier 1,Small,Supermarket Type1,0.053764023,20.35,184.129,4,7,34.24762317
Low Fat,FDK45,Seafood,2016,OUT046,Tier 1,Small,Supermarket Type1,0.033830011,9.395,84.0908,4,7,24.85686452
Low Fat,FDI57,Seafood,2016,OUT046,Tier 1,Small,Supermarket Type1,0.054245722,10.65,164.153,4,7,30.26100381
Regular,FDG33,Seafood,2016,OUT046,Tier 1,Small,Supermarket Type1,0.13956116,13.1,189.253,4,7,13.56057803
Regular,FDG33,Seafood,2016,OUT046,Tier 1,Small,Supermarket Type1,0.140458316,17.35,78.7618,4,7,5.607485711
Low Fat,FDF33,Seafood,2016,OUT046,Tier 1,Small,Supermarket Type1,0.021579162,19.1,182.761,4,7,84.69327956
Low Fat,FDH09,Seafood,2016,OUT046,Tier 1,Small,Supermarket Type1,0.05606697,19.2,243.02,4,7,43.34459308
Regular,FDG33,Seafood,2016,OUT046,Tier 1,Small,Supermarket Type1,0.140524691,7.235,193.845,4,7,13.79437298
Regular,FDJ57,Seafood,2016,OUT046,Tier 1,Small,Supermarket Type1,0.021617397,7.31,110.357,4,7,51.05008711
Low Fat,FDH21,Seafood,2016,OUT046,Tier 1,Small,Supermarket Type1,0.031273559,7.42,248.909,4,7,79.59087739
Low Fat,FDH09,Seafood,2016,OUT046,Tier 1,Small,Supermarket Type1,0.05616476,7.51,113.754,4,7,20.25362523
Low Fat,FDH21,Seafood,2016,OUT046,Tier 1,Small,Supermarket Type1,0.054670967,10.85,107.862,4,7,19.72930166
Regular,FDG21,Seafood,2016,OUT046,Tier 1,Small,Supermarket Type1,0.256152243,12.3,113.183,4,7,4.41858321
Regular,FDG33,Seafood,2016,OUT046,Tier 1,Small,Supermarket Type1,0.245542627,13.3,64.951,4,7,2.645202619
Regular,FDJ57,Seafood,2016,OUT046,Tier 1,Small,Supermarket Type1,0.055936493,15,43.4744,4,7,7.772099692
Regular,FDG33,Seafood,2016,OUT046,Tier 1,Small,Supermarket Type1,0.14024028,15.5,144.847,4,7,10.32848765
Low Fat,FDH21,Seafood,2016,OUT046,Tier 1,Small,Supermarket Type1,0.031288338,16.5,92.8146,4,7,29.66427939
Low Fat,FDH09,Seafood,2016,OUT046,Tier 1,Small,Supermarket Type1,0.056394771,17.6,115.618,4,7,20.50154615
Low Fat,FDI57,Seafood,2016,OUT046,Tier 1,Small,Supermarket Type1,0.054331235,17.6,164.887,4,7,30.34847266
Regular,FDG21,Seafood,2016,OUT046,Tier 1,Small,Supermarket Type1,0.055936493,5.73,86.0882,4,7,15.39034633
Low Fat,FDH21,Seafood,2016,OUT046,Tier 1,Small,Supermarket Type1,0.031219108,6.135,161.024,4,7,51.57866778
Low Fat,FDI57,Seafood,2016,OUT046,Tier 1,Small,Supermarket Type1,0.054015429,8.52,153.368,4,7,28.39336887
Low Fat,FDF33,Seafood,2016,OUT046,Tier 1,Small,Supermarket Type1,0.036045991,8.575,106.628,4,7,29.58109821
Regular,FDJ57,Seafood,2016,OUT046,Tier 1,Small,Supermarket Type1,0.036109859,9,34.919,4,7,9.670212227
Low Fat,FDH21,Seafood,2016,OUT046,Tier 1,Small,Supermarket Type1,0.031199028,9.8,45.206,4,7,14.48955397
Low Fat,FDJ45,Seafood,2016,OUT046,Tier 1,Small,Supermarket Type1,0.073709686,10.8,151.902,4,7,20.6081464
Regular,FDG33,Seafood,2016,OUT046,Tier 1,Small,Supermarket Type1,0.140811559,13.5,189.987,4,7,13.49228723
Regular,FDI09,Seafood,2016,OUT046,Tier 1,Small,Supermarket Type1,0.129864461,14.15,170.511,4,7,13.12992012
Low Fat,FDF33,Seafood,2016,OUT046,Tier 1,Small,Supermarket Type1,0.055936493,15.2,96.6752,4,7,17.28302845
Low Fat,FDX21,Snack Foods,2016,OUT046,Tier 1,Small,Supermarket Type1,0.084554569,19.6,56.2614,4,7,6.653856872
Low Fat,FDY09,Snack Foods,2016,OUT046,Tier 1,Small,Supermarket Type1,0.025342692,19.7,84.3592,4,7,33.28738715
Regular,FDO45,Snack Foods,2016,OUT046,Tier 1,Small,Supermarket Type1,0.038029746,7.435,208.764,4,7,54.89492357
Low Fat,FDT34,Snack Foods,2016,OUT046,Tier 1,Small,Supermarket Type1,0.174621343,5.425,88.3514,4,7,5.059599158
Low Fat,FDK21,Snack Foods,2016,OUT046,Tier 1,Small,Supermarket Type1,0.010027885,6.035,188.224,4,7,187.7005969
Low Fat,FDR45,Snack Foods,2016,OUT046,Tier 1,Small,Supermarket Type1,0.028988288,6.215,226.106,4,7,77.99908708
Low Fat,FDV09,Snack Foods,2016,OUT046,Tier 1,Small,Supermarket Type1,0.020600553,8.3,98.7384,4,7,47.92997547
Regular,FDV33,Snack Foods,2016,OUT046,Tier 1,Small,Supermarket Type1,0.027386122,9.8,49.8008,4,7,18.18468493
Regular,FDV34,Snack Foods,2016,OUT046,Tier 1,Small,Supermarket Type1,0.011443222,10.5,161.721,4,7,141.3247073
Regular,FDX46,Snack Foods,2016,OUT046,Tier 1,Small,Supermarket Type1,0.058207114,11.15,102.065,4,7,17.53479824
Low Fat,FDC46,Snack Foods,2016,OUT046,Tier 1,Small,Supermarket Type1,0.116542484,15,219.846,4,7,18.86402215
Low Fat,FDZ58,Snack Foods,2016,OUT046,Tier 1,Small,Supermarket Type1,0.052176861,16,181.463,4,7,34.77844326
Low Fat,FDN21,Snack Foods,2016,OUT046,Tier 1,Small,Supermarket Type1,0.076855628,20.7,97.2042,4,7,12.6476359
Low Fat,FDO58,Snack Foods,2016,OUT046,Tier 1,Small,Supermarket Type1,0.039577173,5.695,256.599,4,7,64.83510078
Regular,FDW21,Snack Foods,2016,OUT046,Tier 1,Small,Supermarket Type1,0.005963881,5.94,186.756,4,7,313.1450812
Regular,FDX10,Snack Foods,2016,OUT046,Tier 1,Small,Supermarket Type1,0.123710526,7.72,77.5986,4,7,6.272594783
Low Fat,FDQ10,Snack Foods,2016,OUT046,Tier 1,Small,Supermarket Type1,0.03324652,8.6,130.131,4,7,39.14123944
Low Fat,FDL34,Snack Foods,2016,OUT046,Tier 1,Small,Supermarket Type1,0.041028937,16.5,183.329,4,7,44.68285396
Low Fat,FDK09,Snack Foods,2016,OUT046,Tier 1,Small,Supermarket Type1,0.092282353,20.2,157.663,4,7,17.08484828
Low Fat,FDV46,Snack Foods,2016,OUT046,Tier 1,Small,Supermarket Type1,0.012679191,7.81,123.105,4,7,97.09215675
Low Fat,FDY46,Snack Foods,2016,OUT046,Tier 1,Small,Supermarket Type1,0.048160824,8.71,183.392,4,7,38.0790827
Regular,FDU58,Snack Foods,2016,OUT046,Tier 1,Small,Supermarket Type1,0.057583738,11.8,39.6138,4,7,6.879338052
Regular,FDU46,Snack Foods,2016,OUT046,Tier 1,Small,Supermarket Type1,0.011148865,12.5,87.1198,4,7,78.14230417
Regular,FDY34,Snack Foods,2016,OUT046,Tier 1,Small,Supermarket Type1,0.01100413,14.5,40.5454,4,7,36.84562069
Regular,FDO09,Snack Foods,2016,OUT046,Tier 1,Small,Supermarket Type1,0.125528734,15,185.127,4,7,14.74777878
Regular,FDV10,Snack Foods,2016,OUT046,Tier 1,Small,Supermarket Type1,0.067083367,15.3,215.022,4,7,32.05295286
Regular,FDO45,Snack Foods,2016,OUT046,Tier 1,Small,Supermarket Type1,0.038167453,15.7,168.279,4,7,44.08965932
Regular,FDX10,Snack Foods,2016,OUT046,Tier 1,Small,Supermarket Type1,0.124410284,4.805,125.57,4,7,10.09321705
Low Fat,FDL10,Snack Foods,2016,OUT046,Tier 1,Small,Supermarket Type1,0.039484739,5.325,53.7298,4,7,13.60773842
Low Fat,FDE34,Snack Foods,2016,OUT046,Tier 1,Small,Supermarket Type1,0.107870997,10.5,45.9376,4,7,4.258568223
Low Fat,FDL46,Snack Foods,2016,OUT046,Tier 1,Small,Supermarket Type1,0.054046706,13.5,57.8562,4,7,10.70485221
Low Fat,FDH10,Snack Foods,2016,OUT046,Tier 1,Small,Supermarket Type1,0.049295686,17.75,241.054,4,7,48.89961365
Regular,FDW21,Snack Foods,2016,OUT046,Tier 1,Small,Supermarket Type1,0.005962753,18.85,119.044,4,7,199.646036
Regular,FDJ58,Snack Foods,2016,OUT046,Tier 1,Small,Supermarket Type1,0.105276162,20.25,196.279,4,7,18.64420171
Low Fat,FDL45,Snack Foods,2016,OUT046,Tier 1,Small,Supermarket Type1,0.063081713,4.555,112.654,4,7,17.85842436
Low Fat,FDR10,Snack Foods,2016,OUT046,Tier 1,Small,Supermarket Type1,0.016804724,6.115,89.6488,4,7,53.34738018
Low Fat,FDZ09,Snack Foods,2016,OUT046,Tier 1,Small,Supermarket Type1,0.175545889,6.765,105.031,4,7,5.983107927
Low Fat,FDF22,Snack Foods,2016,OUT046,Tier 1,Small,Supermarket Type1,0.056783389,8.155,74.7354,4,7,13.16148989
Low Fat,FDQ10,Snack Foods,2016,OUT046,Tier 1,Small,Supermarket Type1,0.03315162,8.35,74.4354,4,7,22.4530204
Regular,FDO46,Snack Foods,2016,OUT046,Tier 1,Small,Supermarket Type1,0.014200671,11,156.863,4,7,110.4616817
Regular,FDT10,Snack Foods,2016,OUT046,Tier 1,Small,Supermarket Type1,0.061992874,11.3,257.296,4,7,41.50412514
Low Fat,FDF22,Snack Foods,2016,OUT046,Tier 1,Small,Supermarket Type1,0.057062186,13.65,198.443,4,7,34.77662072
Low Fat,FDI46,Snack Foods,2016,OUT046,Tier 1,Small,Supermarket Type1,0.074648119,13.65,262.694,4,7,35.1909738
Low Fat,FDD22,Snack Foods,2016,OUT046,Tier 1,Small,Supermarket Type1,0.100055625,15.7,124.105,4,7,12.4036005
Low Fat,FDZ45,Snack Foods,2016,OUT046,Tier 1,Small,Supermarket Type1,0.067148407,16,88.5856,4,7,13.19250954
Low Fat,FDT45,Snack Foods,2016,OUT046,Tier 1,Small,Supermarket Type1,0.057546914,18.35,184.427,4,7,32.04811295
Low Fat,FDL34,Snack Foods,2016,OUT046,Tier 1,Small,Supermarket Type1,0.041112694,18.5,148.042,4,7,36.00882978
Low Fat,FDA45,Snack Foods,2016,OUT046,Tier 1,Small,Supermarket Type1,0.156012631,20.1,149.537,4,7,9.584929056
Regular,FDV22,Snack Foods,2016,OUT046,Tier 1,Small,Supermarket Type1,0.009979271,5.46,144.979,4,7,145.2801512
Regular,FDJ21,Snack Foods,2016,OUT046,Tier 1,Small,Supermarket Type1,0.038685176,5.785,260.725,4,7,67.39661725
Low Fat,FDD46,Snack Foods,2016,OUT046,Tier 1,Small,Supermarket Type1,0.140571971,6.76,79.596,4,7,5.662295224
Low Fat,FDL33,Snack Foods,2016,OUT046,Tier 1,Small,Supermarket Type1,0.099478451,8.05,259.065,4,7,26.04232348
Low Fat,FDP09,Snack Foods,2016,OUT046,Tier 1,Small,Supermarket Type1,0.033725743,8.365,190.119,4,7,56.37207162
Regular,FDY34,Snack Foods,2016,OUT046,Tier 1,Small,Supermarket Type1,0.010928678,10.5,217.951,4,7,199.4303428
Low Fat,FDR21,Snack Foods,2016,OUT046,Tier 1,Small,Supermarket Type1,0.066935459,12.15,189.587,4,7,28.32385149
Regular,FDW57,Snack Foods,2016,OUT046,Tier 1,Small,Supermarket Type1,0.115857223,12.35,110.757,4,7,9.559783769
Regular,FDY22,Snack Foods,2016,OUT046,Tier 1,Small,Supermarket Type1,0.160624116,12.6,124.507,4,7,7.75145122
Regular,FDJ34,Snack Foods,2016,OUT046,Tier 1,Small,Supermarket Type1,0.093801337,12.65,239.654,4,7,25.54910278
Low Fat,FDI22,Snack Foods,2016,OUT046,Tier 1,Small,Supermarket Type1,0.168455549,13.1,180.332,4,7,10.70501987
Regular,FDN34,Snack Foods,2016,OUT046,Tier 1,Small,Supermarket Type1,0.080127283,13.8,76.0012,4,7,9.485058916
Regular,FDQ45,Snack Foods,2016,OUT046,Tier 1,Small,Supermarket Type1,0.010917052,15.1,41.6796,4,7,38.17843865
Regular,FDO21,Snack Foods,2016,OUT046,Tier 1,Small,Supermarket Type1,0.009763021,17.7,48.3034,4,7,49.47587432
Low Fat,FDF46,Snack Foods,2016,OUT046,Tier 1,Small,Supermarket Type1,0.094201618,18.2,247.109,4,7,26.23192735
Low Fat,FDX58,Snack Foods,2016,OUT046,Tier 1,Small,Supermarket Type1,0.073251428,18.35,84.3882,4,7,11.52034879
Low Fat,FDE22,Snack Foods,2016,OUT046,Tier 1,Small,Supermarket Type1,0.049498821,19,186.521,4,7,37.68190762
Low Fat,FDJ46,Snack Foods,2016,OUT046,Tier 1,Small,Supermarket Type1,0.04500603,20.25,220.677,4,7,49.03276294
Regular,FDS33,Snack Foods,2016,OUT046,Tier 1,Small,Supermarket Type1,0.057583738,20.35,233.296,4,7,40.51421601
Low Fat,FDR21,Snack Foods,2016,OUT046,Tier 1,Small,Supermarket Type1,0.066922802,5.15,121.839,4,7,18.20590238
Regular,FDO46,Snack Foods,2016,OUT046,Tier 1,Small,Supermarket Type1,0.014234595,6.175,94.3752,4,7,66.29988419
Regular,FDP45,Snack Foods,2016,OUT046,Tier 1,Small,Supermarket Type1,0.030672457,9.3,153.231,4,7,49.95719776
Low Fat,FDQ10,Snack Foods,2016,OUT046,Tier 1,Small,Supermarket Type1,0.058092551,9.8,249.641,4,7,42.97297944
Regular,FDC10,Snack Foods,2016,OUT046,Tier 1,Small,Supermarket Type1,0.127599399,11.395,234.662,4,7,18.39052549
Regular,FDJ21,Snack Foods,2016,OUT046,Tier 1,Small,Supermarket Type1,0.038528228,12.15,184.295,4,7,47.8337597
Low Fat,FDW10,Snack Foods,2016,OUT046,Tier 1,Small,Supermarket Type1,0.071076055,5.365,171.076,4,7,24.06942816
Regular,FDV22,Snack Foods,2016,OUT046,Tier 1,Small,Supermarket Type1,0.009958941,6.785,208.793,4,7,209.6538176
Low Fat,FDA58,Snack Foods,2016,OUT046,Tier 1,Small,Supermarket Type1,0.103731617,6.89,193.982,4,7,18.70037368
Low Fat,FDT34,Snack Foods,2016,OUT046,Tier 1,Small,Supermarket Type1,0.291826616,7.645,41.8112,4,7,1.432741145
Regular,FDR22,Snack Foods,2016,OUT046,Tier 1,Small,Supermarket Type1,0.031069993,9.195,158.558,4,7,51.03251874
Low Fat,FDQ46,Snack Foods,2016,OUT046,Tier 1,Small,Supermarket Type1,0.103726639,10.65,232.367,4,7,22.40186342
Low Fat,FDE22,Snack Foods,2016,OUT046,Tier 1,Small,Supermarket Type1,0.029693277,11.15,169.679,4,7,57.14391173
Regular,FDU58,Snack Foods,2016,OUT046,Tier 1,Small,Supermarket Type1,0.029129907,13.15,89.5856,4,7,30.75382287
Regular,FDJ21,Snack Foods,2016,OUT046,Tier 1,Small,Supermarket Type1,0.03858813,13.5,262.191,4,7,67.94602382
Low Fat,FDK21,Snack Foods,2016,OUT046,Tier 1,Small,Supermarket Type1,0.010012319,14.5,159.426,4,7,159.2298448
Regular,FDM58,Snack Foods,2016,OUT046,Tier 1,Small,Supermarket Type1,0.079690403,15.7,252.272,4,7,31.6565095
Regular,FDF10,Snack Foods,2016,OUT046,Tier 1,Small,Supermarket Type1,0.157246634,16,157.097,4,7,9.990484121
Low Fat,FDT22,Snack Foods,2016,OUT046,Tier 1,Small,Supermarket Type1,0.11207602,16.5,144.513,4,7,12.89419449
Low Fat,FDR10,Snack Foods,2016,OUT046,Tier 1,Small,Supermarket Type1,0.010037996,17,229.435,4,7,228.5665386
Low Fat,FDR46,Snack Foods,2016,OUT046,Tier 1,Small,Supermarket Type1,0.139301634,17.25,97.0068,4,7,6.96379484
Low Fat,FDW58,Snack Foods,2016,OUT046,Tier 1,Small,Supermarket Type1,0.007546808,9.395,44.6112,4,7,59.11267386
Regular,FDV57,Snack Foods,2016,OUT046,Tier 1,Small,Supermarket Type1,0.065841719,13,175.005,4,7,26.57965233
Low Fat,FDA10,Snack Foods,2016,OUT046,Tier 1,Small,Supermarket Type1,0.141129263,7.6,171.945,4,7,12.18351151
Low Fat,FDY58,Snack Foods,2016,OUT046,Tier 1,Small,Supermarket Type1,0.040081193,10.5,78.296,4,7,19.53434869
Regular,FDE10,Snack Foods,2016,OUT046,Tier 1,Small,Supermarket Type1,0.150554711,9.3,65.7826,4,7,4.369348496
Low Fat,FDL22,Snack Foods,2016,OUT046,Tier 1,Small,Supermarket Type1,0.036390174,8.89,99.7016,4,7,27.39794539
Low Fat,FDP10,Snack Foods,2016,OUT046,Tier 1,Small,Supermarket Type1,0.128065918,13.65,56.893,4,7,4.442477818
Low Fat,FDA10,Snack Foods,2016,OUT046,Tier 1,Small,Supermarket Type1,0.057583738,7.5,55.3588,4,7,9.613616956
Low Fat,FDO34,Snack Foods,2016,OUT046,Tier 1,Small,Supermarket Type1,0.030108283,19.7,197.011,4,7,65.43415312
Low Fat,FDH22,Snack Foods,2016,OUT046,Tier 1,Small,Supermarket Type1,0.136512858,14,51.464,4,7,3.769901294
Low Fat,FDU22,Snack Foods,2016,OUT046,Tier 1,Small,Supermarket Type1,0.093441604,14.3,212.459,4,7,22.73708829
Low Fat,FDO57,Snack Foods,2016,OUT046,Tier 1,Small,Supermarket Type1,0.108879177,13.65,55.5588,4,7,5.102793898
Low Fat,FDQ21,Snack Foods,2015,OUT045,Tier 2,Medium,Supermarket Type1,0.01945343,19.7,108.091,4,8,55.56398023
Regular,FDJ10,Snack Foods,2015,OUT045,Tier 2,Medium,Supermarket Type1,0.129705008,5.98,55.6614,4,8,4.29138403
Low Fat,FDF46,Snack Foods,2015,OUT045,Tier 2,Medium,Supermarket Type1,0.164006137,13.15,182.695,4,8,11.13952218
Low Fat,FDR33,Snack Foods,2020,OUT017,Tier 2,Medium,Supermarket Type1,0.04690397,20,45.3086,4,3,9.659864613
Low Fat,FDS57,Snack Foods,2020,OUT017,Tier 2,Medium,Supermarket Type1,0.181114059,10.895,132.928,4,3,7.33946336
Regular,FDJ58,Snack Foods,2020,OUT017,Tier 2,Medium,Supermarket Type1,0.184359831,13.85,114.249,4,3,6.197065781
Regular,FDL57,Snack Foods,2020,OUT017,Tier 2,Medium,Supermarket Type1,0.117442838,11.8,114.849,4,3,9.779140385
Regular,FDT09,Snack Foods,2020,OUT017,Tier 2,Medium,Supermarket Type1,0.021471456,13.5,34.6874,4,3,16.15512241
Regular,FDY33,Snack Foods,2020,OUT017,Tier 2,Medium,Supermarket Type1,0.170186628,20.1,59.3536,4,3,3.487559551
Low Fat,FDP09,Snack Foods,2020,OUT017,Tier 2,Medium,Supermarket Type1,0.059336763,18.2,220.746,4,3,37.20223161
Low Fat,FDW33,Snack Foods,2020,OUT017,Tier 2,Medium,Supermarket Type1,0.099120588,18.5,119.812,4,3,12.08749892
Low Fat,FDR10,Snack Foods,2020,OUT017,Tier 2,Medium,Supermarket Type1,0.010096684,19.6,56.6614,4,3,56.11882079
Low Fat,FDE46,Snack Foods,2015,OUT045,Tier 2,Medium,Supermarket Type1,0.015858893,5.765,37.0164,4,8,23.34109953
Regular,FDG46,Snack Foods,2015,OUT045,Tier 2,Medium,Supermarket Type1,0.032976399,6.8,50.2034,4,8,15.22403947
Regular,FDO46,Snack Foods,2015,OUT045,Tier 2,Medium,Supermarket Type1,0.057583738,8.195,91.8462,4,8,15.95002395
Regular,FDV22,Snack Foods,2015,OUT045,Tier 2,Medium,Supermarket Type1,0.009995002,8.235,149.108,4,8,149.1825614
Low Fat,FDQ09,Snack Foods,2015,OUT045,Tier 2,Medium,Supermarket Type1,0.058121214,9.195,45.2744,4,8,7.789651469
Low Fat,FDI22,Snack Foods,2015,OUT045,Tier 2,Medium,Supermarket Type1,0.09619424,9.6,107.128,4,8,11.13663354
Regular,FDU58,Snack Foods,2015,OUT045,Tier 2,Medium,Supermarket Type1,0.029006239,10.3,177.637,4,8,61.24096268
Regular,FDN46,Snack Foods,2015,OUT045,Tier 2,Medium,Supermarket Type1,0.14460413,11.3,245.212,4,8,16.95746864
Regular,FDO46,Snack Foods,2015,OUT045,Tier 2,Medium,Supermarket Type1,0.014209811,13.35,93.0804,4,8,65.50431952
Regular,FDI34,Snack Foods,2015,OUT045,Tier 2,Medium,Supermarket Type1,0.085119855,14,104.033,4,8,12.22194281
Regular,FDG22,Snack Foods,2015,OUT045,Tier 2,Medium,Supermarket Type1,0.041373331,15.6,110.254,4,8,26.64856741
Low Fat,FDT58,Snack Foods,2015,OUT045,Tier 2,Medium,Supermarket Type1,0.143870574,17.35,102.302,4,8,7.11069659
Low Fat,FDZ45,Snack Foods,2015,OUT045,Tier 2,Medium,Supermarket Type1,0.111936685,18.7,127.102,4,8,11.35481187
Low Fat,FDO57,Snack Foods,2015,OUT045,Tier 2,Medium,Supermarket Type1,0.181958524,6.71,218.317,4,8,11.99817383
Regular,FDO22,Snack Foods,2015,OUT045,Tier 2,Medium,Supermarket Type1,0.029893094,11,124.405,4,8,41.6166356
Regular,FDJ58,Snack Foods,2015,OUT045,Tier 2,Medium,Supermarket Type1,0.176244038,12.15,164.618,4,8,9.340344324
Low Fat,FDO34,Snack Foods,2015,OUT045,Tier 2,Medium,Supermarket Type1,0.029914022,12.5,198.974,4,8,66.51529507
Low Fat,FDE46,Snack Foods,2015,OUT045,Tier 2,Medium,Supermarket Type1,0.01575657,13.15,84.3566,4,8,53.53741328
Regular,FDO22,Snack Foods,2015,OUT045,Tier 2,Medium,Supermarket Type1,0.017844609,15.85,217.517,4,8,121.8950777
Regular,FDI10,Snack Foods,2015,OUT045,Tier 2,Medium,Supermarket Type1,0.078339081,16.75,88.7856,4,8,11.33350033
Regular,FDV57,Snack Foods,2015,OUT045,Tier 2,Medium,Supermarket Type1,0.057583738,7.865,164.553,4,8,28.57629701
Regular,FDF34,Snack Foods,2015,OUT045,Tier 2,Medium,Supermarket Type1,0.013951504,18.6,98.5358,4,8,70.62736749
Low Fat,FDB34,Snack Foods,2015,OUT045,Tier 2,Medium,Supermarket Type1,0.026480954,5.94,177.134,4,8,66.89109463
Low Fat,FDP09,Snack Foods,2015,OUT045,Tier 2,Medium,Supermarket Type1,0.034027909,6.65,149.373,4,8,43.89720215
Regular,FDS46,Snack Foods,2015,OUT045,Tier 2,Medium,Supermarket Type1,0.082741482,6.98,82.8934,4,8,10.01836056
Low Fat,FDC46,Snack Foods,2015,OUT045,Tier 2,Medium,Supermarket Type1,0.115978122,7,104.828,4,8,9.038601263
Low Fat,FDS10,Snack Foods,2015,OUT045,Tier 2,Medium,Supermarket Type1,0.0350152,9,78.3644,4,8,22.38010921
Low Fat,FDA33,Snack Foods,2015,OUT045,Tier 2,Medium,Supermarket Type1,0.033952603,11.6,177.369,4,8,52.24017728
Regular,FDK58,Snack Foods,2015,OUT045,Tier 2,Medium,Supermarket Type1,0.045052492,13,76.7986,4,8,17.04647104
Regular,FDA09,Snack Foods,2015,OUT045,Tier 2,Medium,Supermarket Type1,0.149598628,15.2,216.582,4,8,14.47753919
Regular,FDM58,Snack Foods,2015,OUT045,Tier 2,Medium,Supermarket Type1,0.057583738,15.7,134.294,4,8,23.32151483
Low Fat,FDK33,Snack Foods,2015,OUT045,Tier 2,Medium,Supermarket Type1,0.019671473,15.85,94.4094,4,8,47.99305065
Low Fat,FDX09,Snack Foods,2015,OUT045,Tier 2,Medium,Supermarket Type1,0.114243048,16.5,206.864,4,8,18.10736002
Low Fat,FDZ22,Snack Foods,2015,OUT045,Tier 2,Medium,Supermarket Type1,0.079261744,16.6,118.412,4,8,14.93936343
Regular,FDQ45,Snack Foods,2015,OUT045,Tier 2,Medium,Supermarket Type1,0.019114349,5.8,87.8172,4,8,45.94307659
Low Fat,FDA33,Snack Foods,2015,OUT045,Tier 2,Medium,Supermarket Type1,0.033899898,7.575,196.577,4,8,57.98749011
Low Fat,FDP57,Snack Foods,2015,OUT045,Tier 2,Medium,Supermarket Type1,0.057583738,8.21,87.6198,4,8,15.21606673
Low Fat,FDE46,Snack Foods,2015,OUT045,Tier 2,Medium,Supermarket Type1,0.015769693,8.895,39.1138,4,8,24.80314614
Regular,FDI21,Snack Foods,2015,OUT045,Tier 2,Medium,Supermarket Type1,0.056602818,15.6,241.385,4,8,42.64540327
Regular,FDW09,Snack Foods,2015,OUT045,Tier 2,Medium,Supermarket Type1,0.025920816,16.75,172.411,4,8,66.51449553
Regular,FDN58,Snack Foods,2015,OUT045,Tier 2,Medium,Supermarket Type1,0.056872392,18.7,83.1566,4,8,14.62161113
Low Fat,FDK33,Snack Foods,2015,OUT045,Tier 2,Medium,Supermarket Type1,0.011258035,6.365,63.2536,4,8,56.18529344
Low Fat,FDL10,Snack Foods,2015,OUT045,Tier 2,Medium,Supermarket Type1,0.039715591,7.075,97.0068,4,8,24.42536988
Regular,FDT09,Snack Foods,2015,OUT045,Tier 2,Medium,Supermarket Type1,0.012288171,7.5,238.791,4,8,194.325909
Regular,FDN46,Snack Foods,2015,OUT045,Tier 2,Medium,Supermarket Type1,0.057583738,8.895,207.895,4,8,36.1030748
Regular,FDI58,Snack Foods,2015,OUT045,Tier 2,Medium,Supermarket Type1,0.071104408,9.31,61.351,4,8,8.6282977
Regular,FDM57,Snack Foods,2015,OUT045,Tier 2,Medium,Supermarket Type1,0.076278201,10.895,106.128,4,8,13.91328041
Regular,FDY33,Snack Foods,2015,OUT045,Tier 2,Medium,Supermarket Type1,0.097750937,12.15,246.846,4,8,25.25254566
Low Fat,FDA33,Snack Foods,2015,OUT045,Tier 2,Medium,Supermarket Type1,0.033893487,13.1,187.59,4,8,55.34691665
Low Fat,FDX58,Snack Foods,2015,OUT045,Tier 2,Medium,Supermarket Type1,0.043755405,14.3,79.6302,4,8,18.19894022
Low Fat,FDA21,Snack Foods,2015,OUT045,Tier 2,Medium,Supermarket Type1,0.03595391,17.25,40.1822,4,8,11.17603065
Regular,FDG34,Snack Foods,2015,OUT045,Tier 2,Medium,Supermarket Type1,0.037563325,17.5,257.73,4,8,68.61213697
Regular,FDB58,Snack Foods,2015,OUT045,Tier 2,Medium,Supermarket Type1,0.022590318,18.25,226.106,4,8,100.0897818
Low Fat,FDT21,Snack Foods,2015,OUT045,Tier 2,Medium,Supermarket Type1,0.020374875,5.655,165.85,4,8,81.39927239
Low Fat,FDT57,Snack Foods,2015,OUT045,Tier 2,Medium,Supermarket Type1,0.019018943,6.055,160.892,4,8,84.59565813
Low Fat,FDP46,Snack Foods,2015,OUT045,Tier 2,Medium,Supermarket Type1,0.074553522,7.1,171.708,4,8,23.03150749
Low Fat,FDZ09,Snack Foods,2015,OUT045,Tier 2,Medium,Supermarket Type1,0.104791689,7.365,225.172,4,8,21.4875819
Regular,FDW21,Snack Foods,2015,OUT045,Tier 2,Medium,Supermarket Type1,0.005958918,8.985,101.77,4,8,170.7860387
Regular,FDI21,Snack Foods,2015,OUT045,Tier 2,Medium,Supermarket Type1,0.056555715,9.695,185.29,4,8,32.76238308
Regular,FDI58,Snack Foods,2015,OUT045,Tier 2,Medium,Supermarket Type1,0.070645636,9.8,175.337,4,8,24.81922592
Regular,FDJ21,Snack Foods,2015,OUT045,Tier 2,Medium,Supermarket Type1,0.038496166,10.695,60.4536,4,8,15.70379762
Regular,FDW09,Snack Foods,2015,OUT045,Tier 2,Medium,Supermarket Type1,0.025899245,11.1,152.837,4,8,59.01214495
Low Fat,FDK22,Snack Foods,2015,OUT045,Tier 2,Medium,Supermarket Type1,0.026192765,12.85,179.332,4,8,68.46623486
Low Fat,FDC58,Snack Foods,2015,OUT045,Tier 2,Medium,Supermarket Type1,0.042113173,15.1,216.417,4,8,51.38938355
Low Fat,FDP58,Snack Foods,2015,OUT045,Tier 2,Medium,Supermarket Type1,0.135692831,16.35,198.943,4,8,14.66127566
Regular,FDN46,Snack Foods,2015,OUT045,Tier 2,Medium,Supermarket Type1,0.145220646,19.75,116.547,4,8,8.025511744
Regular,FDT10,Snack Foods,2015,OUT045,Tier 2,Medium,Supermarket Type1,0.062297249,20.85,103.331,4,8,16.58676774
Low Fat,FDZ33,Snack Foods,2015,OUT045,Tier 2,Medium,Supermarket Type1,0.107834541,4.61,174.44,4,8,16.17663491
Low Fat,FDV45,Snack Foods,2015,OUT045,Tier 2,Medium,Supermarket Type1,0.044829295,8.21,148.239,4,8,33.06743949
Low Fat,FDA46,Snack Foods,2015,OUT045,Tier 2,Medium,Supermarket Type1,0.117818348,8.88,152.568,4,8,12.94942618
Low Fat,FDQ10,Snack Foods,2015,OUT045,Tier 2,Medium,Supermarket Type1,0.033230816,8.895,232.962,4,8,70.10420689
Regular,FDS33,Snack Foods,2015,OUT045,Tier 2,Medium,Supermarket Type1,0.123428594,9.5,190.987,4,8,15.47348097
Regular,FDU09,Snack Foods,2015,OUT045,Tier 2,Medium,Supermarket Type1,0.06670068,11.8,75.0012,4,8,11.24444309
Low Fat,FDB34,Snack Foods,2015,OUT045,Tier 2,Small,Supermarket Type1,0.026604781,14.65,56.4614,4,8,21.2222758
Low Fat,FDT57,Snack Foods,2015,OUT045,Tier 2,Small,Supermarket Type1,0.031860325,15,45.506,4,8,14.28296792
Regular,FDF10,Snack Foods,2015,OUT045,Tier 2,Small,Supermarket Type1,0.15717236,18.35,187.687,4,8,11.94147622
Regular,FDO22,Snack Foods,2015,OUT045,Tier 2,Small,Supermarket Type1,0.017960492,7.27,98.6384,4,8,54.91965365
Low Fat,FDR58,Snack Foods,2015,OUT045,Tier 2,Small,Supermarket Type1,0.041718456,7.68,84.9224,4,8,20.35607454
Low Fat,FDQ21,Snack Foods,2015,OUT045,Tier 2,Small,Supermarket Type1,0.019502354,8.645,96.641,4,8,49.55350518
Low Fat,FDX34,Snack Foods,2015,OUT045,Tier 2,Small,Supermarket Type1,0.072097449,9.695,158.96,4,8,22.04793681
Low Fat,FDM46,Snack Foods,2015,OUT045,Tier 2,Small,Supermarket Type1,0.160216552,10,145.61,4,8,9.088324407
Low Fat,FDD34,Snack Foods,2015,OUT045,Tier 2,Small,Supermarket Type1,0.015900971,10.1,200.208,4,8,125.909292
Low Fat,FDL34,Snack Foods,2015,OUT045,Tier 2,Small,Supermarket Type1,0.041009558,10.1,152.466,4,8,37.17816222
Low Fat,FDM10,Snack Foods,2015,OUT045,Tier 2,Small,Supermarket Type1,0.076089711,11,38.948,4,8,5.118694694
Low Fat,FDO58,Snack Foods,2015,OUT045,Tier 2,Small,Supermarket Type1,0.039638705,11.395,48.8034,4,8,12.31205712
Low Fat,FDP34,Snack Foods,2015,OUT045,Tier 2,Small,Supermarket Type1,0.240268248,12.15,37.3506,4,8,1.554537493
Regular,FDK58,Snack Foods,2015,OUT045,Tier 2,Small,Supermarket Type1,0.078758649,12.6,121.941,4,8,15.48287097
Regular,FDL09,Snack Foods,2015,OUT045,Tier 2,Small,Supermarket Type1,0.22417463,13.65,54.693,4,8,2.439749761
Regular,FDM22,Snack Foods,2015,OUT045,Tier 2,Small,Supermarket Type1,0.073462632,15,140.484,4,8,19.12319177
Regular,FDV10,Snack Foods,2015,OUT045,Tier 2,Small,Supermarket Type1,0.116793684,15.2,114.849,4,8,9.833494078
Low Fat,FDV09,Snack Foods,2015,OUT045,Tier 2,Small,Supermarket Type1,0.020568574,16.5,39.3506,4,8,19.13141864
Low Fat,FDH33,Snack Foods,2015,OUT045,Tier 2,Small,Supermarket Type1,0.121725411,17.6,237.359,4,8,19.49954394
Low Fat,FDK09,Snack Foods,2015,OUT045,Tier 2,Small,Supermarket Type1,0.091763303,19,211.724,4,8,23.07283991
Low Fat,FDT45,Snack Foods,2015,OUT045,Tier 2,Small,Supermarket Type1,0.057313443,20.25,108.894,4,8,18.99973101
Low Fat,FDM34,Snack Foods,2015,OUT045,Tier 2,Small,Supermarket Type1,0.067447572,5.11,161.121,4,8,23.88833211
Regular,FDR57,Snack Foods,2015,OUT045,Tier 2,Small,Supermarket Type1,0.023496967,6.38,143.347,4,8,61.00659715
Regular,FDU45,Snack Foods,2015,OUT045,Tier 2,Small,Supermarket Type1,0.035506142,6.59,121.61,4,8,34.25041222
Low Fat,FDX21,Snack Foods,2015,OUT045,Tier 2,Small,Supermarket Type1,0.085138334,7.285,177.105,4,8,20.80202791
Low Fat,FDQ34,Snack Foods,2015,OUT045,Tier 2,Small,Supermarket Type1,0.162571649,7.725,123.841,4,8,7.617625875
Low Fat,FDA46,Snack Foods,2015,OUT045,Tier 2,Small,Supermarket Type1,0.117874024,7.935,261.591,4,8,22.19242129
Low Fat,FDL45,Snack Foods,2015,OUT045,Tier 2,Small,Supermarket Type1,0.037764269,8.92,176.837,4,8,46.8265386
Low Fat,FDO34,Snack Foods,2015,OUT045,Tier 2,Small,Supermarket Type1,0.029999653,9.895,233.064,4,8,77.6888986
Low Fat,FDP10,Snack Foods,2015,OUT045,Tier 2,Small,Supermarket Type1,0.128349909,10.1,115.749,4,8,9.018237792
Low Fat,FDT21,Snack Foods,2015,OUT045,Tier 2,Small,Supermarket Type1,0.02050719,11.3,179.266,4,8,87.41616965
Low Fat,FDW34,Snack Foods,2015,OUT045,Tier 2,Small,Supermarket Type1,0.035780385,11.3,192.248,4,8,53.7299976
Low Fat,FDQ34,Snack Foods,2015,OUT045,Tier 2,Small,Supermarket Type1,0.163160327,12.15,114.715,4,8,7.030814544
Low Fat,FDK34,Snack Foods,2015,OUT045,Tier 2,Small,Supermarket Type1,0.038744606,12.15,149.371,4,8,38.55272138
Low Fat,FDL45,Snack Foods,2015,OUT045,Tier 2,Small,Supermarket Type1,0.037901015,12.65,106.394,4,8,28.07154373
Low Fat,FDM33,Snack Foods,2015,OUT045,Tier 2,Small,Supermarket Type1,0.088215871,13.6,176.437,4,8,20.00059604
Regular,FDN46,Snack Foods,2015,OUT045,Tier 2,Small,Supermarket Type1,0.144924795,16.2,190.816,4,8,13.16655304
Regular,FDM09,Snack Foods,2015,OUT045,Tier 2,Small,Supermarket Type1,0.086105815,17.7,168.447,4,8,19.56279027
Regular,FDG34,Snack Foods,2015,OUT045,Tier 2,Small,Supermarket Type1,0.037646623,18.6,120.941,4,8,32.12532503
Regular,FDS34,Snack Foods,2015,OUT045,Tier 2,Small,Supermarket Type1,0.076914745,20.2,123.105,4,8,16.00538362
Regular,FDS45,Snack Foods,2015,OUT045,Tier 2,Small,Supermarket Type1,0.029662795,20.2,91.4462,4,8,30.8285851
Regular,FDP21,Snack Foods,2015,OUT045,Tier 2,Small,Supermarket Type1,0.025886443,20.25,247.346,4,8,95.55040065
Regular,FDZ57,Snack Foods,2015,OUT045,Tier 2,Small,Supermarket Type1,0.037977917,20.5,37.219,4,8,9.800168872
Regular,FDU46,Snack Foods,2015,OUT045,Tier 2,Small,Supermarket Type1,0.011189235,20.6,76.3696,4,8,68.25274471
Regular,FDB58,Snack Foods,2015,OUT045,Tier 2,Small,Supermarket Type1,0.013572808,18.5,89.1172,4,8,65.65863158
Regular,FDU21,Snack Foods,2015,OUT045,Tier 2,Small,Supermarket Type1,0.077154417,9.8,194.348,4,8,25.18948461
Regular,FDW09,Snack Foods,2015,OUT045,Tier 2,Small,Supermarket Type1,0.026067434,10.65,163.953,4,8,62.89571885
Regular,FDJ58,Snack Foods,2015,OUT045,Tier 2,Small,Supermarket Type1,0.10589167,13.85,40.248,4,8,3.800865545
Regular,FDD10,Snack Foods,2015,OUT045,Tier 2,Small,Supermarket Type1,0.046280998,20,35.519,4,8,7.674640033
Low Fat,FDT21,Snack Foods,2015,OUT045,Tier 2,Small,Supermarket Type1,0.020387989,10.395,159.56,4,8,78.26176481
Low Fat,FDC58,Snack Foods,2015,OUT045,Tier 2,Small,Supermarket Type1,0.041934387,6.195,120.11,4,8,28.64236456
Low Fat,FDH33,Snack Foods,2015,OUT045,Tier 2,Small,Supermarket Type1,0.121702394,6.675,92.6462,4,8,7.612520753
Low Fat,FDE46,Snack Foods,2015,OUT045,Tier 2,Small,Supermarket Type1,0.015766712,7.235,193.945,4,8,123.0091601
Low Fat,FDO58,Snack Foods,2015,OUT045,Tier 2,Small,Supermarket Type1,0.039569689,7.315,154.034,4,8,38.92727082
Regular,FDU33,Snack Foods,2015,OUT045,Tier 2,Small,Supermarket Type1,0.134684292,7.42,248.909,4,8,18.48092278
Regular,FDM57,Snack Foods,2015,OUT045,Tier 2,Small,Supermarket Type1,0.075834825,7.905,248.341,4,8,32.74761958
Regular,FDW46,Snack Foods,2015,OUT045,Tier 2,Small,Supermarket Type1,0.070288365,8.02,155.3,4,8,22.09469519
Regular,FDL09,Snack Foods,2015,OUT045,Tier 2,Small,Supermarket Type1,0.128011859,9.3,104.096,4,8,8.131746606
Regular,FDD10,Snack Foods,2015,OUT045,Tier 2,Small,Supermarket Type1,0.057583738,10.395,60.622,4,8,10.527625
Regular,FDC10,Snack Foods,2015,OUT045,Tier 2,Small,Supermarket Type1,0.072863893,10.8,238.622,4,8,32.74900505
Low Fat,FDR46,Snack Foods,2015,OUT045,Tier 2,Small,Supermarket Type1,0.233356571,11.1,218.348,4,8,9.356839581
Regular,FDU58,Snack Foods,2015,OUT045,Tier 2,Small,Supermarket Type1,0.04855968,11.35,49.8008,4,8,10.25558653
Regular,FDQ45,Snack Foods,2015,OUT045,Tier 2,Small,Supermarket Type1,0.057583738,14.1,197.108,4,8,34.22980287
Regular,FDU46,Snack Foods,2015,OUT045,Tier 2,Small,Supermarket Type1,0.018623146,15,226.969,4,8,121.8746822
Low Fat,FDZ33,Snack Foods,2015,OUT045,Tier 2,Small,Supermarket Type1,0.107307677,15,46.9744,4,8,4.377543277
Low Fat,FDT45,Snack Foods,2015,OUT045,Tier 2,Small,Supermarket Type1,0.057583738,16.75,156.663,4,8,27.20611851
Low Fat,FDV46,Snack Foods,2015,OUT045,Tier 2,Small,Supermarket Type1,0.012597384,16.85,147.776,4,8,117.3068948
Low Fat,FDM10,Snack Foods,2015,OUT045,Tier 2,Small,Supermarket Type1,0.075908374,17.5,101.299,4,8,13.34490448
Regular,FDJ10,Snack Foods,2015,OUT045,Tier 2,Small,Supermarket Type1,0.129395895,17.6,114.918,4,8,8.88111636
Regular,FDK10,Snack Foods,2015,OUT045,Tier 2,Small,Supermarket Type1,0.040325274,18.25,197.608,4,8,49.0035108
Regular,FDL57,Snack Foods,2015,OUT045,Tier 2,Small,Supermarket Type1,0.067020992,18.25,258.096,4,8,38.50972543
Regular,FDN34,Snack Foods,2015,OUT045,Tier 2,Small,Supermarket Type1,0.057583738,18.25,126.305,4,8,21.93414398
Regular,FDC34,Snack Foods,2015,OUT045,Tier 2,Small,Supermarket Type1,0.172615327,20.75,160.958,4,8,9.324664431
Low Fat,FDN09,Snack Foods,2015,OUT045,Tier 2,Small,Supermarket Type1,0.035016754,21.25,120.876,4,8,34.51947602
Low Fat,FDX21,Snack Foods,2015,OUT045,Tier 2,Small,Supermarket Type1,0.085312137,5.78,146.31,4,8,17.14996308
Low Fat,FDT58,Snack Foods,2015,OUT045,Tier 2,Small,Supermarket Type1,0.08630486,6.135,160.524,4,8,18.59964781
Low Fat,FDT22,Snack Foods,2015,OUT045,Tier 2,Small,Supermarket Type1,0.112553853,6.28,85.8198,4,8,7.624776737
Low Fat,FDY45,Snack Foods,2015,OUT045,Tier 2,Small,Supermarket Type1,0.026248606,6.865,127.165,4,8,48.44638226
Low Fat,FDU34,Snack Foods,2015,OUT045,Tier 2,Small,Supermarket Type1,0.075501241,6.96,91.4146,4,8,12.10769502
Low Fat,FDN21,Snack Foods,2015,OUT045,Tier 2,Small,Supermarket Type1,0.077168705,7.63,94.0436,4,8,12.18675368
Low Fat,FDO58,Snack Foods,2015,OUT045,Tier 2,Small,Supermarket Type1,0.039738393,8.575,105.828,4,8,26.63117253
Regular,FDS45,Snack Foods,2015,OUT045,Tier 2,Small,Supermarket Type1,0.029616108,9.8,47.406,4,8,16.0068298
Regular,FDK10,Snack Foods,2015,OUT045,Tier 2,Small,Supermarket Type1,0.040523265,9.895,237.756,4,8,58.67148168
Regular,FDO46,Snack Foods,2015,OUT045,Tier 2,Small,Supermarket Type1,0.014270394,12.1,144.444,4,8,101.2193497
Regular,FDL57,Snack Foods,2015,OUT045,Tier 2,Small,Supermarket Type1,0.067350054,13.15,140.581,4,8,20.87318297
Regular,FDS46,Snack Foods,2015,OUT045,Tier 2,Small,Supermarket Type1,0.047449835,15,65.6168,4,8,13.82866769
Low Fat,FDP33,Snack Foods,2015,OUT045,Tier 2,Small,Supermarket Type1,0.088839949,12.15,120.244,4,8,13.53490196
Low Fat,FDV21,Snack Foods,2015,OUT045,Tier 2,Small,Supermarket Type1,0.170254469,12.85,251.704,4,8,14.78398784
Regular,FDJ33,Snack Foods,2015,OUT045,Tier 2,Small,Supermarket Type1,0.087894475,15,105.994,4,8,12.05923353
Regular,FDW09,Snack Foods,2015,OUT045,Tier 2,Small,Supermarket Type1,0.025795293,15.85,39.6164,4,8,15.35799574
Regular,FDZ21,Snack Foods,2020,OUT017,Tier 2,Small,Supermarket Type1,0.039031927,6.445,94.1436,4,3,24.11963929
Regular,FDN22,Snack Foods,2020,OUT017,Tier 2,Small,Supermarket Type1,0.138190277,8.235,149.308,4,3,10.80452281
Regular,FDN33,Snack Foods,2020,OUT017,Tier 2,Small,Supermarket Type1,0.123115764,9.195,84.1592,4,3,6.835777748
Regular,FDM22,Snack Foods,2020,OUT017,Tier 2,Small,Supermarket Type1,0.04192285,9.3,195.814,4,3,46.70817943
Regular,FDK58,Snack Foods,2020,OUT017,Tier 2,Small,Supermarket Type1,0.045165796,14.85,140.981,4,3,31.21410724
Regular,FDL58,Snack Foods,2020,OUT017,Tier 2,Small,Supermarket Type1,0.057583738,15.1,91.583,4,3,15.9043166
Low Fat,FDJ22,Snack Foods,2020,OUT017,Tier 2,Small,Supermarket Type1,0.09246392,15.6,112.754,4,3,12.19437809
Regular,FDT09,Snack Foods,2020,OUT017,Tier 2,Small,Supermarket Type1,0.012282366,15.7,253.372,4,3,206.2892443
Low Fat,FDN09,Snack Foods,2020,OUT017,Tier 2,Small,Supermarket Type1,0.05837308,18,81.0618,4,3,13.88684647
Low Fat,FDE22,Snack Foods,2020,OUT017,Tier 2,Small,Supermarket Type1,0.051778173,15.85,218.217,4,3,42.14459247
Low Fat,FDL46,Snack Foods,2020,OUT017,Tier 2,Small,Supermarket Type1,0.053795154,17.1,84.4566,4,3,15.69966693
Low Fat,FDH58,Snack Foods,2020,OUT017,Tier 2,Small,Supermarket Type1,0.037014587,6.425,118.381,4,3,31.98225608
Low Fat,FDF46,Snack Foods,2020,OUT017,Tier 2,Small,Supermarket Type1,0.093653464,6.98,83.3934,4,3,8.904465082
Low Fat,FDZ33,Snack Foods,2020,OUT017,Tier 2,Small,Supermarket Type1,0.107376743,12.1,74.767,4,3,6.963053443
Low Fat,FDO34,Snack Foods,2020,OUT017,Tier 2,Small,Supermarket Type1,0.050111641,14.85,188.721,4,3,37.66011175
Low Fat,FDL10,Snack Foods,2020,OUT017,Tier 2,Small,Supermarket Type1,0.039553606,17.25,76.4986,4,3,19.34048693
Low Fat,FDX09,Snack Foods,2020,OUT017,Tier 2,Small,Supermarket Type1,0.065350715,18.85,170.413,4,3,26.07668485
Low Fat,FDI46,Snack Foods,2020,OUT017,Tier 2,Small,Supermarket Type1,0.074460855,18.85,257.633,4,3,34.59979072
Low Fat,FDZ33,Snack Foods,2020,OUT017,Tier 2,Small,Supermarket Type1,0.107564024,6.03,176.703,4,3,16.42770449
Low Fat,FDQ22,Snack Foods,2020,OUT017,Tier 2,Small,Supermarket Type1,0.029785889,7.285,155.129,4,3,52.08137316
Low Fat,FDV45,Snack Foods,2020,OUT017,Tier 2,Small,Supermarket Type1,0.045117476,7.405,205.73,4,3,45.59873872
Low Fat,FDU34,Snack Foods,2020,OUT017,Tier 2,Small,Supermarket Type1,0.075311837,11.6,55.8272,4,3,7.412805506
Low Fat,FDY46,Snack Foods,2020,OUT017,Tier 2,Small,Supermarket Type1,0.047964395,12.1,166.053,4,3,34.62005515
Low Fat,FDP10,Snack Foods,2020,OUT017,Tier 2,Small,Supermarket Type1,0.128289285,13.1,166.116,4,3,12.94854828
Low Fat,FDR21,Snack Foods,2020,OUT017,Tier 2,Small,Supermarket Type1,0.067039526,13.1,73.8354,4,3,11.01371152
Regular,FDU33,Snack Foods,2020,OUT017,Tier 2,Small,Supermarket Type1,0.134919202,13.8,54.893,4,3,4.06858321
Regular,FDC10,Snack Foods,2020,OUT017,Tier 2,Small,Supermarket Type1,0.072990979,14.1,231.167,4,3,31.67062604
Low Fat,FDH33,Snack Foods,2020,OUT017,Tier 2,Small,Supermarket Type1,0.213125482,14.3,123.273,4,3,5.7840573
Low Fat,FDE46,Snack Foods,2020,OUT017,Tier 2,Small,Supermarket Type1,0.027610698,16.7,217.685,4,3,78.84081743
Regular,FDS21,Snack Foods,2020,OUT017,Tier 2,Small,Supermarket Type1,0.036551446,17.7,182.329,4,3,49.88284184
Low Fat,FDR58,Snack Foods,2020,OUT017,Tier 2,Small,Supermarket Type1,0.041921462,20.1,110.423,4,3,26.34044586
Low Fat,FDF22,Snack Foods,2020,OUT017,Tier 2,Small,Supermarket Type1,0.056830682,5.985,125.268,4,3,22.04231862
Low Fat,FDZ10,Snack Foods,2020,OUT017,Tier 2,Small,Supermarket Type1,0.044463491,6.365,59.7536,4,3,13.43880084
Low Fat,FDW45,Snack Foods,2020,OUT017,Tier 2,Small,Supermarket Type1,0.03901099,6.85,262.059,4,3,67.17568562
Low Fat,FDN45,Snack Foods,2020,OUT017,Tier 2,Small,Supermarket Type1,0.118102769,7.075,98.8068,4,3,8.36617133
Regular,FDL58,Snack Foods,2020,OUT017,Tier 2,Small,Supermarket Type1,0.074149074,7.3,147.608,4,3,19.90692426
Regular,FDH46,Snack Foods,2020,OUT017,Tier 2,Small,Supermarket Type1,0.041282286,8.895,208.495,4,3,50.50471284
Regular,FDS58,Snack Foods,2020,OUT017,Tier 2,Small,Supermarket Type1,0.057583738,9.195,59.5246,4,3,10.33705037
Regular,FDU46,Snack Foods,2020,OUT017,Tier 2,Small,Supermarket Type1,0.0111263,9.31,64.551,4,3,58.01659132
Regular,FDY57,Snack Foods,2020,OUT017,Tier 2,Small,Supermarket Type1,0.121254236,10,141.818,4,3,11.69592129
Low Fat,FDP33,Snack Foods,2020,OUT017,Tier 2,Small,Supermarket Type1,0.089777214,10.5,119.71,4,3,13.33411839
Low Fat,FDQ46,Snack Foods,2020,OUT017,Tier 2,Small,Supermarket Type1,0.104023565,10.695,60.5904,4,3,5.824680206
Low Fat,FDI22,Snack Foods,2020,OUT017,Tier 2,Small,Supermarket Type1,0.096407554,12.15,211.293,4,3,21.91664359
Low Fat,FDH33,Snack Foods,2020,OUT017,Tier 2,Small,Supermarket Type1,0.121972274,12.15,252.77,4,3,20.72356214
Low Fat,FDB34,Snack Foods,2020,OUT017,Tier 2,Small,Supermarket Type1,0.026663778,13.15,181.398,4,3,68.03161953
Low Fat,FDV45,Snack Foods,2020,OUT017,Tier 2,Small,Supermarket Type1,0.045138797,13.65,34.4558,4,3,7.633300462
Low Fat,FDM21,Snack Foods,2020,OUT017,Tier 2,Small,Supermarket Type1,0.06449461,14.3,83.4224,4,3,12.93478633
Low Fat,FDR33,Snack Foods,2020,OUT017,Tier 2,Small,Supermarket Type1,0.026940466,17,246.543,4,3,91.51400722
Low Fat,FDJ09,Snack Foods,2020,OUT017,Tier 2,Small,Supermarket Type1,0.058725134,17.1,147.139,4,3,25.05554095
Low Fat,FDT57,Snack Foods,2020,OUT017,Tier 2,Small,Supermarket Type1,0.019142452,17.25,39.3822,4,3,20.57322646
Low Fat,FDS10,Snack Foods,2020,OUT017,Tier 2,Small,Supermarket Type1,0.035384612,17.5,259.23,4,3,73.26065918
Regular,FDS45,Snack Foods,2020,OUT017,Tier 2,Small,Supermarket Type1,0.029555773,18.7,122.907,4,3,41.58476924
Regular,FDP45,Snack Foods,2020,OUT017,Tier 2,Small,Supermarket Type1,0.030686952,19.35,120.81,4,3,39.36852379
Regular,FDS22,Snack Foods,2020,OUT017,Tier 2,Small,Supermarket Type1,0.023201857,6.055,158.492,4,3,68.31004949
Regular,FDF34,Snack Foods,2020,OUT017,Tier 2,Small,Supermarket Type1,0.014098693,6.65,126.868,4,3,89.98564619
Regular,FDO21,Snack Foods,2020,OUT017,Tier 2,Small,Supermarket Type1,0.009818244,6.78,186.524,4,3,189.976945
Regular,FDA09,Snack Foods,2020,OUT017,Tier 2,Small,Supermarket Type1,0.15021128,7.68,190.816,4,3,12.70317382
Regular,FDN34,Snack Foods,2020,OUT017,Tier 2,Small,Supermarket Type1,0.046023105,8.185,115.481,4,3,25.09196196
Regular,FDR34,Snack Foods,2020,OUT017,Tier 2,Small,Supermarket Type1,0.016055615,10,245.414,4,3,152.8524445
Regular,FDT10,Snack Foods,2020,OUT017,Tier 2,Small,Supermarket Type1,0.062395455,10.65,56.6272,4,3,9.075532825
Low Fat,FDQ46,Snack Foods,2020,OUT017,Tier 2,Small,Supermarket Type1,0.103793399,10.8,243.914,4,3,23.49995302
Low Fat,FDB22,Snack Foods,2020,OUT017,Tier 2,Small,Supermarket Type1,0.111419588,13.1,173.805,4,3,15.59914223
Low Fat,FDW34,Snack Foods,2020,OUT017,Tier 2,Small,Supermarket Type1,0.057583738,14.65,50.8692,4,3,8.833952391
Low Fat,FDK34,Snack Foods,2020,OUT017,Tier 2,Small,Supermarket Type1,0.038519399,15.1,217.317,4,3,56.41754691
Low Fat,FDM10,Snack Foods,2020,OUT017,Tier 2,Small,Supermarket Type1,0.07595723,18.1,95.0094,4,3,12.50827604
Low Fat,FDU34,Snack Foods,2020,OUT017,Tier 2,Small,Supermarket Type1,0.07518071,20.5,122.376,4,3,16.27757971
Low Fat,FDN21,Snack Foods,2020,OUT017,Tier 2,Small,Supermarket Type1,0.076841095,9.695,177.734,4,3,23.13007122
Low Fat,FDJ22,Snack Foods,2020,OUT017,Tier 2,Small,Supermarket Type1,0.052800258,11.8,77.0012,4,3,14.58348935
Low Fat,FDA10,Snack Foods,2020,OUT017,Tier 2,Small,Supermarket Type1,0.141789197,5.51,98.5726,4,3,6.952052913
Regular,FDS45,Snack Foods,2020,OUT017,Tier 2,Small,Supermarket Type1,0.029490377,7.68,86.4224,4,3,29.3052883
Regular,FDL58,Snack Foods,2020,OUT017,Tier 2,Small,Supermarket Type1,0.074135053,8.235,184.495,4,3,24.88633818
Regular,FDK10,Snack Foods,2020,OUT017,Tier 2,Small,Supermarket Type1,0.040351229,8.27,238.088,4,3,59.00390295
Regular,FDK58,Snack Foods,2020,OUT017,Tier 2,Small,Supermarket Type1,0.057583738,8.6,143.615,4,3,24.940201
Regular,FDA09,Snack Foods,2020,OUT017,Tier 2,Small,Supermarket Type1,0.149338159,9,264.888,4,3,17.73746253
Regular,FDN34,Snack Foods,2020,OUT017,Tier 2,Small,Supermarket Type1,0.04575559,10.1,199.508,4,3,43.60297835
Regular,FDL21,Snack Foods,2020,OUT017,Tier 2,Small,Supermarket Type1,0.007145063,10.8,189.721,4,3,265.5273998
Regular,FDS34,Snack Foods,2020,OUT017,Tier 2,Small,Supermarket Type1,0.076744561,11,40.948,4,3,5.335622416
Low Fat,FDD46,Snack Foods,2020,OUT017,Tier 2,Small,Supermarket Type1,0.236433601,11.15,163.053,4,3,6.896354804
Low Fat,FDV21,Snack Foods,2020,OUT017,Tier 2,Small,Supermarket Type1,0.286357776,11.5,129.663,4,3,4.52800695
Low Fat,FDC47,Snack Foods,2020,OUT017,Tier 2,Small,Supermarket Type1,0.19899855,12,262.328,4,3,13.18240761
Low Fat,FDK09,Snack Foods,2020,OUT017,Tier 2,Small,Supermarket Type1,0.153592956,12.35,35.7216,4,3,2.325731657
Low Fat,FDY09,Snack Foods,2020,OUT017,Tier 2,Small,Supermarket Type1,0.042179884,13.65,55.093,4,3,13.06143943
Regular,FDG10,Snack Foods,2020,OUT017,Tier 2,Small,Supermarket Type1,0.018310142,14,131.331,4,3,71.72582277
Regular,FDM58,Snack Foods,2020,OUT017,Tier 2,Small,Supermarket Type1,0.133385398,14.5,159.96,4,3,11.99231718
Low Fat,FDQ34,Snack Foods,2020,OUT017,Tier 2,Small,Supermarket Type1,0.162107603,15.2,116.549,4,3,7.189607264
Low Fat,FDI33,Snack Foods,2020,OUT017,Tier 2,Small,Supermarket Type1,0.028395167,16.75,192.316,4,3,67.72842717
Regular,FDS33,Snack Foods,2020,OUT017,Tier 2,Small,Supermarket Type1,0.12332588,17.6,161.492,4,3,13.09473729
Regular,FDC22,Snack Foods,2020,OUT017,Tier 2,Small,Supermarket Type1,0.136314863,18.6,95.2436,4,3,6.987029727
Regular,FDX33,Snack Foods,2020,OUT017,Tier 2,Small,Supermarket Type1,0.117387066,18.7,153.668,4,3,13.09070967
Regular,FDU10,Snack Foods,2020,OUT017,Tier 2,Small,Supermarket Type1,0.045653999,20,111.654,4,3,24.45656513
Regular,FDD10,Snack Foods,2020,OUT017,Tier 2,Small,Supermarket Type1,0.045982389,20.6,150.939,4,3,32.82539322
Regular,FDB58,Snack Foods,2020,OUT017,Tier 2,Small,Supermarket Type1,0.013485235,5.945,128.965,4,3,95.63422514
Regular,FDY57,Snack Foods,2020,OUT017,Tier 2,Small,Supermarket Type1,0.121153331,6.635,174.04,4,3,14.36526743
Low Fat,FDN10,Snack Foods,2020,OUT017,Tier 2,Small,Supermarket Type1,0.057583738,6.965,158.16,4,3,27.46608773
Low Fat,FDO33,Snack Foods,2020,OUT017,Tier 2,Small,Supermarket Type1,0.089686322,7.285,174.605,4,3,19.46840902
Low Fat,FDL45,Snack Foods,2020,OUT017,Tier 2,Small,Supermarket Type1,0.037841362,7.475,217.419,4,3,57.4553844
Low Fat,FDM33,Snack Foods,2020,OUT017,Tier 2,Small,Supermarket Type1,0.057583738,7.475,156.466,4,3,27.17190746
Low Fat,FDV46,Snack Foods,2020,OUT017,Tier 2,Small,Supermarket Type1,0.012659235,8.39,165.187,4,3,130.4873478
Regular,FDI21,Snack Foods,2020,OUT017,Tier 2,Small,Supermarket Type1,0.056833394,8.42,215.919,4,3,37.99157235
Regular,FDL58,Snack Foods,2020,OUT017,Tier 2,Small,Supermarket Type1,0.074451126,8.695,93.2094,4,3,12.51954201
Regular,FDU10,Snack Foods,2020,OUT017,Tier 2,Small,Supermarket Type1,0.045878153,8.92,175.237,4,3,38.19617586
Regular,FDR34,Snack Foods,2020,OUT017,Tier 2,Small,Supermarket Type1,0.016030344,12.3,247.946,4,3,154.6729128
Regular,FDY57,Snack Foods,2020,OUT017,Tier 2,High,Supermarket Type1,0.121748174,15.25,132.297,4,3,10.86644634
Regular,FDW57,Snack Foods,2020,OUT017,Tier 2,High,Supermarket Type1,0.116148596,16.35,127.902,4,3,11.0119282
Low Fat,FDB59,Snack Foods,2020,OUT017,Tier 2,High,Supermarket Type1,0.01520491,17.6,179.198,4,3,117.8553507
Low Fat,FDE58,Snack Foods,2020,OUT017,Tier 2,High,Supermarket Type1,0.057583738,18.85,244.014,4,3,42.37550539
Low Fat,FDM21,Snack Foods,2020,OUT017,Tier 2,High,Supermarket Type1,0.064052392,19.5,183.261,4,3,28.61110948
Low Fat,FDN57,Snack Foods,2020,OUT017,Tier 2,High,Supermarket Type1,0.053971566,19.85,49.0376,4,3,9.085821227
Low Fat,FDR45,Snack Foods,2020,OUT017,Tier 2,High,Supermarket Type1,0.057583738,20.1,118.678,4,3,20.60963809
Low Fat,FDT46,Snack Foods,2020,OUT017,Tier 2,High,Supermarket Type1,0.030657949,20.2,187.79,4,3,61.25328214
Low Fat,FDT57,Snack Foods,2020,OUT017,Tier 2,High,Supermarket Type1,0.018942606,20.35,125.168,4,3,66.07749747
Low Fat,FDZ58,Snack Foods,2020,OUT017,Tier 2,High,Supermarket Type1,0.051924192,20.5,34.819,4,3,6.705737472
Regular,FDE10,Snack Foods,2020,OUT017,Tier 2,High,Supermarket Type1,0.089512542,6.32,39.1822,4,3,4.377286034
Regular,FDJ58,Snack Foods,2020,OUT017,Tier 2,High,Supermarket Type1,0.104786172,10.3,103.765,4,3,9.902547065
Regular,FDM22,Snack Foods,2020,OUT017,Tier 2,High,Supermarket Type1,0.041754584,12.65,107.794,4,3,25.81608764
Regular,FDU21,Snack Foods,2020,OUT017,Tier 2,High,Supermarket Type1,0.076348933,18.85,57.3562,4,3,7.512377416
Regular,FDJ34,Snack Foods,2020,OUT017,Tier 2,High,Supermarket Type1,0.09357779,20.35,181.729,4,3,19.42009958
Low Fat,FDT22,Snack Foods,2020,OUT017,Tier 2,High,Supermarket Type1,0.112271498,7.39,143.847,4,3,12.81242368
Regular,FDJ21,Snack Foods,2020,OUT017,Tier 2,High,Supermarket Type1,0.038606365,10.65,165.853,4,3,42.9600145
Low Fat,FDZ22,Snack Foods,2020,OUT017,Tier 2,High,Supermarket Type1,0.045361705,11.15,66.0142,4,3,14.55284805
Low Fat,FDP33,Snack Foods,2020,OUT017,Tier 2,High,Supermarket Type1,0.089272253,12.6,51.3982,4,3,5.757466432
Low Fat,FDR58,Snack Foods,2020,OUT017,Tier 2,High,Supermarket Type1,0.041886576,19.85,198.777,4,3,47.4560155
Low Fat,FDR58,Snack Foods,2020,OUT017,Tier 2,High,Supermarket Type1,0.041986639,6.48,146.208,4,3,34.82250627
Low Fat,FDE34,Snack Foods,2020,OUT017,Tier 2,High,Supermarket Type1,0.108059141,6.865,211.822,4,3,19.60241383
Low Fat,FDZ45,Snack Foods,2020,OUT017,Tier 2,High,Supermarket Type1,0.066979957,7.485,108.723,4,3,16.23216927
Regular,FDC22,Snack Foods,2020,OUT017,Tier 2,High,Supermarket Type1,0.057583738,8.63,186.058,4,3,32.31085832
Regular,FDN46,Snack Foods,2020,OUT017,Tier 2,High,Supermarket Type1,0.144856342,9,167.082,4,3,11.53432412
Regular,FDS21,Snack Foods,2020,OUT017,Tier 2,High,Supermarket Type1,0.020908608,9.195,183.663,4,3,87.84085483
Low Fat,FDC47,Snack Foods,2020,OUT017,Tier 2,High,Supermarket Type1,0.208162156,9.3,107.096,4,3,5.14483526
Low Fat,FDD46,Snack Foods,2020,OUT017,Tier 2,High,Supermarket Type1,0.247321039,9.395,83.425,4,3,3.373146107
Low Fat,FDH34,Snack Foods,2020,OUT017,Tier 2,High,Supermarket Type1,0.054443762,10.195,44.2428,4,3,8.126330432
Low Fat,FDQ57,Snack Foods,2020,OUT017,Tier 2,High,Supermarket Type1,0.048932713,10.195,148.708,4,3,30.39030352
Low Fat,FDR46,Snack Foods,2020,OUT017,Tier 2,High,Supermarket Type1,0.244102315,12.1,148.573,4,3,6.086505161
Low Fat,FDV09,Snack Foods,2020,OUT017,Tier 2,High,Supermarket Type1,0.036012919,12.35,119.912,4,3,33.29693991
Low Fat,FDZ10,Snack Foods,2020,OUT017,Tier 2,High,Supermarket Type1,0.077849833,12.6,208.761,4,3,26.81585714
Regular,FDO10,Snack Foods,2020,OUT017,Tier 2,High,Supermarket Type1,0.057583738,13.35,148.871,4,3,25.85295869
Low Fat,FDX34,Snack Foods,2020,OUT017,Tier 2,High,Supermarket Type1,0.07198553,15.25,86.0198,4,3,11.94959598
Low Fat,FDT34,Snack Foods,2020,OUT017,Tier 2,High,Supermarket Type1,0.174350275,16.75,156.163,4,3,8.956854241
Low Fat,FDX58,Snack Foods,2020,OUT017,Tier 2,High,Supermarket Type1,0.04376368,17.5,103.799,4,3,23.71806941
Low Fat,FDM33,Snack Foods,2020,OUT017,Tier 2,High,Supermarket Type1,0.087719692,17.6,115.418,4,3,13.15759294
Low Fat,FDR46,Snack Foods,2020,OUT017,Tier 2,High,Supermarket Type1,0.139417654,17.6,165.687,4,3,11.88421948
Low Fat,FDV46,Snack Foods,2020,OUT017,Tier 2,High,Supermarket Type1,0.012607876,18.75,193.65,4,3,153.5944675
Regular,FDW57,Snack Foods,2020,OUT017,Tier 2,High,Supermarket Type1,0.057583738,7.81,246.149,4,3,42.74626979
Regular,FDV33,Snack Foods,2020,OUT017,Tier 2,High,Supermarket Type1,0.02734361,7.97,171.242,4,3,62.62596636
Regular,FDV57,Snack Foods,2020,OUT017,Tier 2,High,Supermarket Type1,0.065896556,8.43,195.377,4,3,29.6490457
Regular,FDU57,Snack Foods,2020,OUT017,Tier 2,High,Supermarket Type1,0.089554186,8.785,153.166,4,3,17.10316478
Low Fat,FDD58,Snack Foods,2020,OUT017,Tier 2,High,Supermarket Type1,0.059472609,9.395,227.872,4,3,38.31545376
Low Fat,FDJ22,Snack Foods,2020,OUT017,Tier 2,High,Supermarket Type1,0.052917345,10.8,236.556,4,3,44.70292302
Low Fat,FDY58,Snack Foods,2020,OUT017,Tier 2,High,Supermarket Type1,0.040144377,11.8,185.192,4,3,46.13149184
Low Fat,FDP10,Snack Foods,2020,OUT017,Tier 2,High,Supermarket Type1,0.128814669,15.35,216.451,4,3,16.80328814
Low Fat,FDM21,Snack Foods,2020,OUT017,Tier 2,High,Supermarket Type1,0.064728148,16.2,74.9696,4,3,11.5822254
Low Fat,FDQ21,Snack Foods,2020,OUT017,Tier 2,High,Supermarket Type1,0.019533098,17.6,162.753,4,3,83.32165231
Regular,FDX10,Snack Foods,2020,OUT017,Tier 2,High,Supermarket Type1,0.123961415,18.7,50.8324,4,3,4.100663097
Regular,FDO10,Snack Foods,2020,OUT017,Tier 2,High,Supermarket Type1,0.012823829,12.15,119.144,4,3,92.90828816
Low Fat,FDX34,Snack Foods,2020,OUT017,Tier 2,High,Supermarket Type1,0.071971918,20.85,224.075,4,3,31.13367077
Low Fat,FDN10,Snack Foods,2015,OUT045,Tier 2,High,Supermarket Type1,0.046115083,5.26,162.787,4,8,35.30016416
Low Fat,FDC46,Snack Foods,2015,OUT045,Tier 2,High,Supermarket Type1,0.116520447,7.855,35.6848,4,8,3.062535454
Regular,FDI21,Snack Foods,2015,OUT045,Tier 2,High,Supermarket Type1,0.056592115,8.315,147.144,4,8,26.00079534
Regular,FDZ57,Snack Foods,2015,OUT045,Tier 2,High,Supermarket Type1,0.037757166,8.895,206.83,4,8,54.77900539
Regular,FDB58,Snack Foods,2015,OUT045,Tier 2,High,Supermarket Type1,0.013493914,10.5,145.213,4,8,107.613699
Regular,FDY57,Snack Foods,2015,OUT045,Tier 2,High,Supermarket Type1,0.121231308,12.6,172.976,4,8,14.26826146
Low Fat,FDB34,Snack Foods,2015,OUT045,Tier 2,High,Supermarket Type1,0.044539371,15,220.346,4,8,49.47218496
Regular,FDU57,Snack Foods,2015,OUT045,Tier 2,High,Supermarket Type1,0.149895348,15.5,263.957,4,8,17.60941907
Low Fat,FDL10,Snack Foods,2015,OUT045,Tier 2,High,Supermarket Type1,0.057583738,16,180.563,4,8,31.35659585
Low Fat,FDK33,Snack Foods,2015,OUT045,Tier 2,High,Supermarket Type1,0.0112259,20,168.713,4,8,150.2890637
Low Fat,FDN21,Snack Foods,2015,OUT045,Tier 2,High,Supermarket Type1,0.076791671,20.2,195.311,4,8,25.43387811
Regular,FDL58,Snack Foods,2015,OUT045,Tier 2,High,Supermarket Type1,0.074087369,20.85,86.9514,4,8,11.73633255
Regular,FDV34,Snack Foods,2015,OUT045,Tier 2,High,Supermarket Type1,0.01141595,9.8,85.8908,4,8,75.23754046
Regular,FDZ21,Snack Foods,2015,OUT045,Tier 2,High,Supermarket Type1,0.039189221,10.5,159.458,4,8,40.68924973
Low Fat,FDE34,Snack Foods,2015,OUT045,Tier 2,High,Supermarket Type1,0.108330902,6.825,153.5,4,8,14.16954878
Low Fat,FDR46,Snack Foods,2015,OUT045,Tier 2,High,Supermarket Type1,0.139985583,8.975,86.6224,4,8,6.187951512
Regular,FDJ10,Snack Foods,2015,OUT045,Tier 2,High,Supermarket Type1,0.130031207,9.695,175.437,4,8,13.49191506
Regular,FDA09,Snack Foods,2015,OUT045,Tier 2,High,Supermarket Type1,0.149974858,11,218.78,4,8,14.58777844
Regular,FDF10,Snack Foods,2015,OUT045,Tier 2,High,Supermarket Type1,0.057583738,13.35,208.564,4,8,36.21925343
Regular,FDZ21,Snack Foods,2015,OUT045,Tier 2,High,Supermarket Type1,0.039381633,13.65,98.77,4,8,25.0802195
Low Fat,FDT22,Snack Foods,2015,OUT045,Tier 2,High,Supermarket Type1,0.111554381,13.8,90.7172,4,8,8.132105542
Low Fat,FDW45,Snack Foods,2015,OUT045,Tier 2,High,Supermarket Type1,0.038822077,15.3,214.022,4,8,55.12894119
Regular,FDG34,Snack Foods,2015,OUT045,Tier 2,High,Supermarket Type1,0.037388493,15.7,169.279,4,8,45.27569485
Regular,FDU46,Snack Foods,2015,OUT045,Tier 2,High,Supermarket Type1,0.011072421,17,265.788,4,8,240.0450633
Low Fat,FDP10,Snack Foods,2015,OUT045,Tier 2,High,Supermarket Type1,0.127469857,17,144.247,4,8,11.31616552
Regular,FDJ58,Snack Foods,2015,OUT045,Tier 2,High,Supermarket Type1,0.105296072,17.1,142.084,4,8,13.49376072
Regular,FDN58,Snack Foods,2015,OUT045,Tier 2,High,Supermarket Type1,0.056960814,19.2,155.431,4,8,27.28735583
Regular,FDC10,Snack Foods,2015,OUT045,Tier 2,High,Supermarket Type1,0.07252476,19.25,141.95,4,8,19.57262596
Regular,FDA09,Snack Foods,2015,OUT045,Tier 2,High,Supermarket Type1,0.149669322,19.5,86.254,4,8,5.762971252
Low Fat,FDO57,Snack Foods,2015,OUT045,Tier 2,High,Supermarket Type1,0.108710162,19.7,186.456,4,8,17.15166242
Low Fat,FDQ09,Snack Foods,2015,OUT045,Tier 2,High,Supermarket Type1,0.058222587,8.71,43.5744,4,8,7.484105782
Low Fat,FDZ46,Snack Foods,2015,OUT045,Tier 2,High,Supermarket Type1,0.069231189,8.945,261.091,4,8,37.71291578
Low Fat,FDB22,Snack Foods,2015,OUT045,Tier 2,High,Supermarket Type1,0.111613921,13.5,57.2562,4,8,5.129843973
Low Fat,FDW33,Snack Foods,2015,OUT045,Tier 2,High,Supermarket Type1,0.099274694,17.5,145.91,4,8,14.69760259
Low Fat,FDB10,Snack Foods,2015,OUT045,Tier 2,High,Supermarket Type1,0.067312613,18.85,120.644,4,8,17.92294113
Low Fat,FDX58,Snack Foods,2015,OUT045,Tier 2,High,Supermarket Type1,0.043831721,20.7,215.088,4,8,49.07131071
Low Fat,FDB34,Snack Foods,2015,OUT045,Tier 2,High,Supermarket Type1,0.026651184,6.765,106.131,4,8,39.8222458
Regular,FDE10,Snack Foods,2015,OUT045,Tier 2,High,Supermarket Type1,0.057583738,7.47,211.822,4,8,36.78503816
Regular,FDO45,Snack Foods,2015,OUT045,Tier 2,High,Supermarket Type1,0.038011783,7.825,156.929,4,8,41.28430387
Regular,FDO22,Snack Foods,2015,OUT045,Tier 2,High,Supermarket Type1,0.017887238,8.18,56.1588,4,8,31.39601542
Regular,FDY33,Snack Foods,2015,OUT045,Tier 2,High,Supermarket Type1,0.09735225,9.895,260.528,4,8,26.76137429
Low Fat,FDX21,Snack Foods,2015,OUT045,Tier 2,High,Supermarket Type1,0.148764535,10.195,142.284,4,8,9.564376348
Low Fat,FDZ58,Snack Foods,2015,OUT045,Tier 2,High,Supermarket Type1,0.091354948,11.3,260.196,4,8,28.48187271
Regular,FDL21,Snack Foods,2015,OUT045,Tier 2,High,Supermarket Type1,0.01251245,11.6,169.311,4,8,135.3140272
Regular,FDX22,Snack Foods,2015,OUT045,Tier 2,High,Supermarket Type1,0.04022593,14.35,233.598,4,8,58.07149766
Low Fat,FDV45,Snack Foods,2015,OUT045,Tier 2,High,Supermarket Type1,0.078872251,18.35,183.627,4,8,23.28157212
Low Fat,FDI22,Snack Foods,2015,OUT045,Tier 2,High,Supermarket Type1,0.096212432,19.6,48.5376,4,8,5.044836617
Low Fat,FDA21,Snack Foods,2015,OUT045,Tier 2,High,Supermarket Type1,0.03596071,7.55,123.407,4,8,34.31717561
Low Fat,FDP46,Snack Foods,2015,OUT045,Tier 2,High,Supermarket Type1,0.057583738,8.75,186.356,4,8,32.36260904
Low Fat,FDL34,Snack Foods,2015,OUT045,Tier 2,High,Supermarket Type1,0.040945898,9.8,116.649,4,8,28.48856801
Low Fat,FDS10,Snack Foods,2015,OUT045,Tier 2,High,Supermarket Type1,0.035185588,10.195,119.181,4,8,33.87210695
Low Fat,FDQ21,Snack Foods,2015,OUT045,Tier 2,High,Supermarket Type1,0.019423232,10.3,189.053,4,8,97.3334407
Regular,FDI58,Snack Foods,2015,OUT045,Tier 2,High,Supermarket Type1,0.070704474,10.5,218.751,4,8,30.93877765
Regular,FDX46,Snack Foods,2015,OUT045,Tier 2,High,Supermarket Type1,0.058116758,12.35,109.557,4,8,18.85118919
Regular,FDL21,Snack Foods,2015,OUT045,Tier 2,High,Supermarket Type1,0.007146415,12.5,81.8592,4,8,114.5458247
Regular,FDS22,Snack Foods,2015,OUT045,Tier 2,High,Supermarket Type1,0.023154399,13.1,178.532,4,8,77.10500281
Low Fat,FDN09,Snack Foods,2015,OUT045,Tier 2,High,Supermarket Type1,0.057583738,15.2,177.005,4,8,30.73871307
Low Fat,FDR33,Snack Foods,2015,OUT045,Tier 2,High,Supermarket Type1,0.026843265,15.5,176.003,4,8,65.56691222
Low Fat,FDD34,Snack Foods,2015,OUT045,Tier 2,High,Supermarket Type1,0.015908485,16.5,102.733,4,8,64.57748805
Low Fat,FDL10,Snack Foods,2015,OUT045,Tier 2,High,Supermarket Type1,0.039572298,16.7,181.998,4,8,45.99126389
Low Fat,FDA57,Snack Foods,2015,OUT045,Tier 2,High,Supermarket Type1,0.039723999,18.35,87.1882,4,8,21.94849517
Low Fat,FDA45,Snack Foods,2015,OUT045,Tier 2,High,Supermarket Type1,0.155694794,20,46.8744,4,8,3.010659432
Low Fat,FDQ46,Snack Foods,2015,OUT045,Tier 2,High,Supermarket Type1,0.104400238,20.35,234.496,4,8,22.46125148
Low Fat,FDW33,Snack Foods,2015,OUT045,Tier 2,High,Supermarket Type1,0.099681254,20.6,188.256,4,8,18.88579772
Low Fat,FDR45,Snack Foods,2015,OUT045,Tier 2,High,Supermarket Type1,0.029107004,20.7,122.439,4,8,42.06513319
Low Fat,FDW45,Snack Foods,2015,OUT045,Tier 2,High,Supermarket Type1,0.039231652,6.26,150.737,4,8,38.42229229
Regular,FDJ10,Snack Foods,2015,OUT045,Tier 2,High,Supermarket Type1,0.129766301,9.035,151.471,4,8,11.67259904
Regular,FDS09,Snack Foods,2015,OUT045,Tier 2,High,Supermarket Type1,0.08125293,9.3,153.431,4,8,18.88313443
Regular,FDY33,Snack Foods,2015,OUT045,Tier 2,High,Supermarket Type1,0.097398254,10.195,195.411,4,8,20.06309066
Regular,FDR22,Snack Foods,2015,OUT045,Tier 2,High,Supermarket Type1,0.018600249,11.8,102.567,4,8,55.14281018
Regular,FDE10,Snack Foods,2015,OUT045,Tier 2,High,Supermarket Type1,0.090456903,15,238.825,4,8,26.40207569
Regular,FDS33,Snack Foods,2015,OUT045,Tier 2,High,Supermarket Type1,0.124126756,17.85,260.794,4,8,21.01029693
Regular,FDJ34,Snack Foods,2015,OUT045,Tier 2,High,Supermarket Type1,0.094185483,19.25,196.311,4,8,20.843021
Regular,FDP45,Snack Foods,2015,OUT045,Tier 2,High,Supermarket Type1,0.03079807,17.35,150.205,4,8,48.77091324
Regular,FDM58,Snack Foods,2015,OUT045,Tier 2,High,Supermarket Type1,0.080141165,6.785,208.993,4,8,26.07810855
Regular,FDN22,Snack Foods,2015,OUT045,Tier 2,High,Supermarket Type1,0.139087683,7.64,91.712,4,8,6.593826141
Regular,FDO22,Snack Foods,2015,OUT045,Tier 2,High,Supermarket Type1,0.017895691,7.645,41.7112,4,8,23.30795721
Low Fat,FDT58,Snack Foods,2015,OUT045,Tier 2,High,Supermarket Type1,0.085938463,8.31,177.303,4,8,20.63139063
Low Fat,FDE22,Snack Foods,2015,OUT045,Tier 2,High,Supermarket Type1,0.029567218,10.5,211.824,4,8,71.64150513
Low Fat,FDP46,Snack Foods,2015,OUT045,Tier 2,High,Supermarket Type1,0.074601506,10.65,230.267,4,8,30.86626696
Regular,FDP22,Snack Foods,2015,OUT045,Tier 2,High,Supermarket Type1,0.099113429,10.695,72.9038,4,8,7.35559255
Low Fat,FDK22,Snack Foods,2015,OUT045,Tier 2,High,Supermarket Type1,0.043663452,11.35,101.902,4,8,23.33805399
Low Fat,FDZ33,Snack Foods,2015,OUT045,Tier 2,High,Supermarket Type1,0.057583738,13,63.4484,4,8,11.01845802
Low Fat,FDZ10,Snack Foods,2015,OUT045,Tier 2,High,Supermarket Type1,0.074422769,13.65,79.6302,4,8,10.69970939
Low Fat,FDM34,Snack Foods,2015,OUT045,Tier 2,High,Supermarket Type1,0.112893408,14.65,51.3666,4,8,4.550008801
Low Fat,FDS10,Snack Foods,2015,OUT045,Tier 2,High,Supermarket Type1,0.058893461,15.1,260.23,4,8,44.18656937
Regular,FDI21,Snack Foods,2015,OUT045,Tier 2,High,Supermarket Type1,0.094741514,15.25,178.166,4,8,18.80548373
Regular,FDL58,Snack Foods,2015,OUT045,Tier 2,High,Supermarket Type1,0.124110349,16,155.297,4,8,12.51281632
Low Fat,FDH58,Snack Foods,2015,OUT045,Tier 2,High,Supermarket Type1,0.036908933,16.7,60.9562,4,8,16.51529726
Low Fat,FDR09,Snack Foods,2015,OUT045,Tier 2,High,Supermarket Type1,0.077659918,19.6,167.282,4,8,21.54032663
Regular,FDH46,Snack Foods,2015,OUT045,Tier 2,High,Supermarket Type1,0.041247932,20.2,95.0752,4,8,23.04968889
Regular,FDM58,Snack Foods,2015,OUT045,Tier 2,High,Supermarket Type1,0.079624087,5.92,49.8692,4,8,6.263079663
Low Fat,FDL10,Snack Foods,2015,OUT045,Tier 2,High,Supermarket Type1,0.039653081,12.1,56.2614,4,8,14.18840569
Low Fat,FDX09,Snack Foods,2015,OUT045,Tier 2,High,Supermarket Type1,0.065515067,10.195,239.454,4,8,36.5494551
Low Fat,FDT34,Snack Foods,2015,OUT045,Tier 2,High,Supermarket Type1,0.175060504,16.7,65.7168,4,8,3.753947835
Low Fat,FDK33,Snack Foods,2020,OUT017,Tier 2,High,Supermarket Type1,0.011281018,5.465,132.163,4,3,117.1552071
Regular,FDZ57,Snack Foods,2020,OUT017,Tier 2,High,Supermarket Type1,0.037918142,9.695,226.94,4,3,59.84997894
Regular,FDO21,Snack Foods,2020,OUT017,Tier 2,High,Supermarket Type1,0.009802791,10.395,49.0008,4,3,49.98658035
Regular,FDY22,Snack Foods,2020,OUT017,Tier 2,High,Supermarket Type1,0.160371305,12.6,172.576,4,3,10.76102735
Low Fat,FDC58,Snack Foods,2020,OUT017,Tier 2,High,Supermarket Type1,0.057583738,14.85,124.107,4,3,21.55243899
Low Fat,FDM34,Snack Foods,2020,OUT017,Tier 2,High,Supermarket Type1,0.067120954,16.7,100.038,4,3,14.90413858
Low Fat,FDO34,Snack Foods,2020,OUT017,Tier 2,High,Supermarket Type1,0.029793955,19.7,198.411,4,3,66.59438131
Low Fat,FDT21,Snack Foods,2020,OUT017,Tier 2,High,Supermarket Type1,0.057583738,20.7,98.7042,4,3,17.14098519
Regular,FDL09,Snack Foods,2020,OUT017,Tier 2,High,Supermarket Type1,0.127416049,5.94,189.456,4,3,14.86908451
Regular,FDO09,Snack Foods,2020,OUT017,Tier 2,High,Supermarket Type1,0.124668026,14.5,262.759,4,3,21.07669532
Regular,FDO45,Snack Foods,2020,OUT017,Tier 2,High,Supermarket Type1,0.037768989,5.405,198.274,4,3,52.49650712
Regular,FDP45,Snack Foods,2020,OUT017,Tier 2,High,Supermarket Type1,0.030476541,6.825,153.8,4,3,50.46504457
Low Fat,FDD58,Snack Foods,2020,OUT017,Tier 2,High,Supermarket Type1,0.059352241,13.35,206.964,4,3,34.87046091
Low Fat,FDV45,Snack Foods,2020,OUT017,Tier 2,High,Supermarket Type1,0.045230944,17,265.688,4,3,58.74031725
Low Fat,FDZ10,Snack Foods,2020,OUT017,Tier 2,High,Supermarket Type1,0.044248175,19.7,255.201,4,3,57.67492106
Regular,FDX57,Snack Foods,2020,OUT017,Tier 2,High,Supermarket Type1,0.079113947,20.25,183.592,4,3,23.20602207
Regular,FDT10,Snack Foods,2020,OUT017,Tier 2,High,Supermarket Type1,0.062044506,11.5,85.054,4,3,13.70854657
Low Fat,FDQ58,Snack Foods,2020,OUT017,Tier 2,High,Supermarket Type1,0.01532563,11.6,239.822,4,3,156.4842685
Low Fat,FDZ22,Snack Foods,2020,OUT017,Tier 2,High,Supermarket Type1,0.045340279,11.8,224.177,4,3,49.44323347
Low Fat,FDC46,Snack Foods,2020,OUT017,Tier 2,High,Supermarket Type1,0.116723677,12.8,181.761,4,3,15.57190492
Regular,FDV22,Snack Foods,2020,OUT017,Tier 2,High,Supermarket Type1,0.009954237,15.6,63.1194,4,3,63.40958127
Regular,FDW46,Snack Foods,2020,OUT017,Tier 2,High,Supermarket Type1,0.123089128,18.25,154.663,4,3,12.56512273
Low Fat,FDL46,Snack Foods,2020,OUT017,Tier 2,High,Supermarket Type1,0.054056927,5.88,103.099,4,3,19.07230132
Regular,FDM57,Snack Foods,2020,OUT017,Tier 2,High,Supermarket Type1,0.075849167,6.115,92.4488,4,3,12.18850564
Regular,FDJ34,Snack Foods,2020,OUT017,Tier 2,High,Supermarket Type1,0.093655728,8.35,76.5354,4,3,8.171993495
Low Fat,FDD46,Snack Foods,2020,OUT017,Tier 2,High,Supermarket Type1,0.141542481,8.895,163.024,4,3,11.51767292
Low Fat,FDK46,Snack Foods,2020,OUT017,Tier 2,High,Supermarket Type1,0.051571772,10.895,147.71,4,3,28.64163752
Low Fat,FDK22,Snack Foods,2020,OUT017,Tier 2,High,Supermarket Type1,0.026139404,13.1,198.177,4,3,75.8154241
Low Fat,FDA21,Snack Foods,2020,OUT017,Tier 2,High,Supermarket Type1,0.036033639,14,154.866,4,3,42.97817381
Low Fat,FDW45,Snack Foods,2020,OUT017,Tier 2,High,Supermarket Type1,0.039090105,15.85,36.9506,4,3,9.452673509
Low Fat,FDN45,Snack Foods,2020,OUT017,Tier 2,High,Supermarket Type1,0.118342285,16.1,126.536,4,3,10.69237424
Low Fat,FDH33,Snack Foods,2020,OUT017,Tier 2,High,Supermarket Type1,0.12241394,19.6,48.8376,4,3,3.989545635
Regular,FDR34,Snack Foods,2020,OUT017,Tier 2,High,Supermarket Type1,0.015997687,20.7,119.747,4,3,74.85269589
Regular,FDJ21,Snack Foods,2020,OUT017,Tier 2,High,Supermarket Type1,0.03874616,5.82,254.533,4,3,65.69244539
Regular,FDX57,Snack Foods,2020,OUT017,Tier 2,Medium,Supermarket Type1,0.047533568,6.76,79.296,4,3,16.68210558
Regular,FDY33,Snack Foods,2020,OUT017,Tier 2,Medium,Supermarket Type1,0.057583738,7.72,119.347,4,3,20.72581672
Low Fat,FDP57,Snack Foods,2020,OUT017,Tier 2,Medium,Supermarket Type1,0.052434201,9.395,139.984,4,3,26.69707888
Low Fat,FDR09,Snack Foods,2020,OUT017,Tier 2,Medium,Supermarket Type1,0.130095044,10.1,225.609,4,3,17.34185969
Regular,FDZ21,Snack Foods,2020,OUT017,Tier 2,Medium,Supermarket Type1,0.065649353,11.1,165.953,4,3,25.27869544
Low Fat,FDD34,Snack Foods,2020,OUT017,Tier 2,Medium,Supermarket Type1,0.015863075,12.3,173.74,4,3,109.5247926
Low Fat,FDS57,Snack Foods,2020,OUT017,Tier 2,Medium,Supermarket Type1,0.103356186,12.35,110.657,4,3,10.70637417
Low Fat,FDQ58,Snack Foods,2020,OUT017,Tier 2,Medium,Supermarket Type1,0.015364173,12.5,91.4488,4,3,59.52080857
Regular,FDJ58,Snack Foods,2020,OUT017,Tier 2,Medium,Supermarket Type1,0.105725004,12.5,80.6592,4,3,7.629150811
Low Fat,FDN45,Snack Foods,2020,OUT017,Tier 2,Medium,Supermarket Type1,0.117530851,12.85,253.738,4,3,21.58905495
Regular,FDJ34,Snack Foods,2020,OUT017,Tier 2,Medium,Supermarket Type1,0.093202196,13.5,147.01,4,3,15.7732335
Regular,FDS46,Snack Foods,2020,OUT017,Tier 2,Medium,Supermarket Type1,0.047257328,15.1,144.779,4,3,30.63630682
Regular,FDY34,Snack Foods,2020,OUT017,Tier 2,Medium,Supermarket Type1,0.011026594,15.7,60.5536,4,3,54.91596045
Regular,FDU45,Snack Foods,2020,OUT017,Tier 2,Medium,Supermarket Type1,0.035334201,16.7,181.298,4,3,51.30949473
Regular,FDQ45,Snack Foods,2020,OUT017,Tier 2,Medium,Supermarket Type1,0.010907967,18,88.7514,4,3,81.36383251
Regular,FDS45,Snack Foods,2020,OUT017,Tier 2,Medium,Supermarket Type1,0.029471408,19.1,148.242,4,3,50.30027748
Low Fat,FDL46,Snack Foods,2020,OUT017,Tier 2,Medium,Supermarket Type1,0.054362695,19.35,120.51,4,3,22.16777516
Regular,FDW46,Snack Foods,2020,OUT017,Tier 2,Medium,Supermarket Type1,0.070588037,20.35,232.396,4,3,32.92285915
Low Fat,FDM21,Snack Foods,2020,OUT017,Tier 2,Medium,Supermarket Type1,0.064464147,20.6,188.056,4,3,29.17218466
Low Fat,FDD22,Snack Foods,2020,OUT017,Tier 2,Medium,Supermarket Type1,0.099804623,21.1,64.9168,4,3,6.504388078
Regular,FDS46,Snack Foods,2020,OUT017,Tier 2,Medium,Supermarket Type1,0.047330801,6.26,152.837,4,3,32.29123462
Low Fat,FDA10,Snack Foods,2020,OUT017,Tier 2,Medium,Supermarket Type1,0.248301532,6.69,176.937,4,3,7.125892401
Low Fat,FDY21,Snack Foods,2020,OUT017,Tier 2,Medium,Supermarket Type1,0.30374337,10.195,195.111,4,3,6.423547615
Low Fat,FDQ58,Snack Foods,2020,OUT017,Tier 2,Medium,Supermarket Type1,0.01530184,16.75,72.4038,4,3,47.31705468
Low Fat,FDP34,Snack Foods,2020,OUT017,Tier 2,Medium,Supermarket Type1,0.137227848,20.2,178.603,4,3,13.01506965
Low Fat,FDP10,Snack Foods,2020,OUT017,Tier 2,Medium,Supermarket Type1,0.128090139,5.34,100.436,4,3,7.841040753
Regular,FDM45,Snack Foods,2020,OUT017,Tier 2,Medium,Supermarket Type1,0.08819473,8.31,176.903,4,3,20.05822797
Regular,FDR22,Snack Foods,2020,OUT017,Tier 2,Medium,Supermarket Type1,0.018562604,8.655,122.576,4,3,66.03383879
Low Fat,FDE22,Snack Foods,2020,OUT017,Tier 2,Medium,Supermarket Type1,0.029632784,8.895,49.8008,4,3,16.80598084
Low Fat,FDN10,Snack Foods,2020,OUT017,Tier 2,Medium,Supermarket Type1,0.046217345,10.695,153.797,4,3,33.2769007
Low Fat,FDK34,Snack Foods,2020,OUT017,Tier 2,Medium,Supermarket Type1,0.038604817,14.65,50.9666,4,3,13.20213485
Low Fat,FDM10,Snack Foods,2020,OUT017,Tier 2,Medium,Supermarket Type1,0.076125668,15.25,179.666,4,3,23.60123789
Low Fat,FDT46,Snack Foods,2020,OUT017,Tier 2,Medium,Supermarket Type1,0.030981392,17.6,118.278,4,3,38.17710967
Low Fat,FDN10,Snack Foods,2020,OUT017,Tier 2,Medium,Supermarket Type1,0.0463847,17.6,95.841,4,3,20.66220111
Low Fat,FDA10,Snack Foods,2020,OUT017,Tier 2,Medium,Supermarket Type1,0.142618182,19.35,112.954,4,3,7.920028037
Regular,FDE10,Snack Foods,2020,OUT017,Tier 2,Medium,Supermarket Type1,0.090130537,19.35,112.752,4,3,12.50985557
Regular,FDM45,Snack Foods,2020,OUT017,Tier 2,Medium,Supermarket Type1,0.088373591,6.115,191.153,4,3,21.63010441
Regular,FDF34,Snack Foods,2020,OUT017,Tier 2,Medium,Supermarket Type1,0.014047825,8.26,124.673,4,3,88.74897004
Regular,FDI34,Snack Foods,2020,OUT017,Tier 2,Medium,Supermarket Type1,0.085617517,9.395,41.3112,4,3,4.825087371
Low Fat,FDW58,Snack Foods,2020,OUT017,Tier 2,Medium,Supermarket Type1,0.007551665,19.35,164.687,4,3,218.0803836
Regular,FDG10,Snack Foods,2020,OUT017,Tier 2,Medium,Supermarket Type1,0.010937229,10.5,80.896,4,3,73.96388976
Regular,FDS58,Snack Foods,2020,OUT017,Tier 2,Medium,Supermarket Type1,0.021002641,12.3,92.5804,4,3,44.08036113
Low Fat,FDL46,Snack Foods,2020,OUT017,Tier 2,Medium,Supermarket Type1,0.090480214,16.7,64.2168,4,3,7.097330694
Regular,FDM09,Snack Foods,2015,OUT045,Tier 2,Medium,Supermarket Type1,0.143831787,17.75,256.967,4,8,17.86580042
Regular,FDD10,Snack Foods,2015,OUT045,Tier 2,Medium,Supermarket Type1,0.077029195,12.5,104.999,4,8,13.63106547
Regular,FDS21,Snack Foods,2020,OUT017,Tier 2,Medium,Supermarket Type1,0.034942397,13.5,179.698,4,3,51.42692415
Regular,FDO09,Snack Foods,2020,OUT017,Tier 2,Medium,Supermarket Type1,0.125170423,16.35,196.811,4,3,15.72344291
Regular,FDV22,Snack Foods,2020,OUT017,Tier 2,Medium,Supermarket Type1,0.009930514,13.6,196.214,4,3,197.5869527
Low Fat,FDQ34,Snack Foods,2020,OUT017,Tier 2,Medium,Supermarket Type1,0.162903525,16.85,90.6488,4,3,5.564569582
Low Fat,FDB59,Snack Foods,2015,OUT045,Tier 2,Medium,Supermarket Type1,0.015341139,11.5,100.536,4,8,65.53359565
Low Fat,FDE46,Snack Foods,2015,OUT045,Tier 2,Medium,Supermarket Type1,0.015693328,18.2,250.109,4,8,159.3728239
Regular,FDT09,Snack Foods,2020,OUT017,Tier 2,Medium,Supermarket Type1,0.012203915,6.715,40.3454,4,3,33.05939119
Regular,FDX10,Snack Foods,2020,OUT017,Tier 2,Medium,Supermarket Type1,0.123111453,15.5,83.7934,4,3,6.806304203
Low Fat,FDY21,Snack Foods,2020,OUT017,Tier 2,Medium,Supermarket Type1,0.173481304,18.5,148.642,4,3,8.568185538
Low Fat,FDA45,Snack Foods,2020,OUT017,Tier 2,Medium,Supermarket Type1,0.155350299,14.5,170.745,4,3,10.99096694
Regular,FDS45,Snack Foods,2017,OUT035,Tier 2,Small,Supermarket Type1,0.051643608,9.27,150.105,4,6,29.06555251
Regular,FDX33,Snack Foods,2017,OUT035,Tier 2,Small,Supermarket Type1,0.116915909,11.15,44.2744,4,6,3.786858468
Low Fat,FDK34,Snack Foods,2017,OUT035,Tier 2,Small,Supermarket Type1,0.038494623,9.195,59.0246,4,6,15.33320641
Regular,FDS21,Snack Foods,2017,OUT035,Tier 2,Small,Supermarket Type1,0.020961192,11.5,129.065,4,6,61.57331129
Low Fat,FDH10,Snack Foods,2017,OUT035,Tier 2,Small,Supermarket Type1,0.049263979,5.175,37.0874,4,6,7.528299734
Low Fat,FDH34,Snack Foods,2017,OUT035,Tier 2,Small,Supermarket Type1,0.031143591,8.43,196.877,4,6,63.21589569
Low Fat,FDP58,Snack Foods,2017,OUT035,Tier 2,Small,Supermarket Type1,0.057583738,11.6,141.915,4,6,24.64497876
Low Fat,FDS57,Snack Foods,2017,OUT035,Tier 2,Small,Supermarket Type1,0.103603094,9.195,81.6592,4,6,7.881926769
Low Fat,FDB59,Snack Foods,2017,OUT035,Tier 2,Small,Supermarket Type1,0.015302653,10.3,178.437,4,6,116.605271
Low Fat,FDP46,Snack Foods,2017,OUT035,Tier 2,Small,Supermarket Type1,0.13064231,11.1,158.16,4,6,12.10633829
Low Fat,FDV46,Snack Foods,2017,OUT035,Tier 2,Small,Supermarket Type1,0.022074764,11.15,107.162,4,6,48.54502635
Low Fat,FDF22,Snack Foods,2017,OUT035,Tier 2,Small,Supermarket Type1,0.056945936,20.5,106.06,4,6,18.62468289
Regular,FDV33,Snack Foods,2017,OUT035,Tier 2,Small,Supermarket Type1,0.027399064,10.6,41.4454,4,6,15.12657513
Regular,FDN22,Snack Foods,2017,OUT035,Tier 2,Small,Supermarket Type1,0.138585859,12.5,199.174,4,6,14.3718848
Regular,FDK10,Snack Foods,2017,OUT035,Tier 2,Small,Supermarket Type1,0.040587146,6.425,132.263,4,6,32.5874108
Regular,FDT09,Snack Foods,2017,OUT035,Tier 2,Small,Supermarket Type1,0.012332667,20.75,192.048,4,6,155.7230078
Low Fat,FDL33,Snack Foods,2017,OUT035,Tier 2,Small,Supermarket Type1,0.057583738,4.905,195.777,4,6,33.99866122
Low Fat,FDM21,Snack Foods,2017,OUT035,Tier 2,Small,Supermarket Type1,0.064351908,5.175,83.2224,4,6,12.93239044
Regular,FDN58,Snack Foods,2017,OUT035,Tier 2,Small,Supermarket Type1,0.056861638,6.3,208.127,4,6,36.60235746
Low Fat,FDK46,Snack Foods,2017,OUT035,Tier 2,Small,Supermarket Type1,0.086145867,6.98,81.6934,4,6,9.483147926
Low Fat,FDV09,Snack Foods,2017,OUT035,Tier 2,Small,Supermarket Type1,0.034427577,7.5,123.207,4,6,35.78729923
Low Fat,FDI22,Snack Foods,2017,OUT035,Tier 2,Small,Supermarket Type1,0.096132367,8.355,146.242,4,6,15.21256623
Low Fat,FDP10,Snack Foods,2017,OUT035,Tier 2,Small,Supermarket Type1,0.127983545,10.195,109.289,4,6,8.539300892
Low Fat,FDA10,Snack Foods,2017,OUT035,Tier 2,Small,Supermarket Type1,0.142393712,13.8,108.025,4,6,7.586360274
Low Fat,FDL46,Snack Foods,2017,OUT035,Tier 2,Small,Supermarket Type1,0.054277132,14.85,188.221,4,6,34.67777185
Low Fat,FDF58,Snack Foods,2017,OUT035,Tier 2,Small,Supermarket Type1,0.009534758,21.35,258.528,4,6,271.1426971
Low Fat,FDH34,Snack Foods,2017,OUT035,Tier 2,Small,Supermarket Type1,0.030944666,6.03,176.403,4,6,57.00594733
Low Fat,FDK57,Snack Foods,2017,OUT035,Tier 2,Small,Supermarket Type1,0.079904068,6.92,63.5852,4,6,7.957692467
Low Fat,FDM10,Snack Foods,2017,OUT035,Tier 2,Small,Supermarket Type1,0.075603699,7.405,207.13,4,6,27.39680766
Low Fat,FDQ22,Snack Foods,2017,OUT035,Tier 2,Small,Supermarket Type1,0.029595637,7.89,117.478,4,6,39.69436441
Regular,FDQ45,Snack Foods,2017,OUT035,Tier 2,Small,Supermarket Type1,0.010864186,8.21,88.5198,4,6,81.47853875
Regular,FDO10,Snack Foods,2017,OUT035,Tier 2,Small,Supermarket Type1,0.012741089,10.3,263.623,4,6,206.9077455
Low Fat,FDA33,Snack Foods,2017,OUT035,Tier 2,Small,Supermarket Type1,0.033968647,10.6,231.964,4,6,68.28767716
Regular,FDW22,Snack Foods,2017,OUT035,Tier 2,Small,Supermarket Type1,0.03033748,11.85,96.9726,4,6,31.96461934
Regular,FDS33,Snack Foods,2017,OUT035,Tier 2,Small,Supermarket Type1,0.122830885,13.3,232.73,4,6,18.94718906
Regular,FDO10,Snack Foods,2017,OUT035,Tier 2,Small,Supermarket Type1,0.021343732,13.8,265.088,4,6,124.1994605
Low Fat,FDK09,Snack Foods,2017,OUT035,Tier 2,Small,Supermarket Type1,0.160665697,17.25,173.376,4,6,10.79110247
Low Fat,FDT46,Snack Foods,2017,OUT035,Tier 2,Small,Supermarket Type1,0.053939315,17.6,89.8856,4,6,16.66420866
Regular,FDO09,Snack Foods,2017,OUT035,Tier 2,Small,Supermarket Type1,0.057583738,6.85,262.359,4,6,45.56130066
Low Fat,FDX21,Snack Foods,2017,OUT035,Tier 2,Small,Supermarket Type1,0.084966021,7.5,237.791,4,6,27.98659949
Low Fat,FDJ46,Snack Foods,2017,OUT035,Tier 2,Small,Supermarket Type1,0.044823438,9,216.253,4,6,48.24551834
Low Fat,FDX45,Snack Foods,2017,OUT035,Tier 2,Small,Supermarket Type1,0.057583738,12.15,209.993,4,6,36.46741377
Low Fat,FDI46,Snack Foods,2017,OUT035,Tier 2,Small,Supermarket Type1,0.074496043,13.65,47.6402,4,6,6.394997383
Low Fat,FDI33,Snack Foods,2017,OUT035,Tier 2,Small,Supermarket Type1,0.028476451,15.1,146.608,4,6,51.4839437
Low Fat,FDC46,Snack Foods,2017,OUT035,Tier 2,Small,Supermarket Type1,0.117201696,17,249.443,4,6,21.28322443
Regular,FDL21,Snack Foods,2017,OUT035,Tier 2,Small,Supermarket Type1,0.007160908,17.35,74.5038,4,6,104.0423924
Low Fat,FDX58,Snack Foods,2017,OUT035,Tier 2,Small,Supermarket Type1,0.044011225,17.5,261.691,4,6,59.4600582
Low Fat,FDQ10,Snack Foods,2017,OUT035,Tier 2,Small,Supermarket Type1,0.033172957,17.6,40.3454,4,6,12.16213556
Low Fat,FDL22,Snack Foods,2017,OUT035,Tier 2,Small,Supermarket Type1,0.036383293,17.85,147.805,4,6,40.62441517
Regular,FDV22,Snack Foods,2017,OUT035,Tier 2,Small,Supermarket Type1,0.016635488,19,105.462,4,6,63.39579578
Low Fat,FDC47,Snack Foods,2017,OUT035,Tier 2,Small,Supermarket Type1,0.118791698,19.2,112.489,4,6,9.469432788
Low Fat,FDR10,Snack Foods,2017,OUT035,Tier 2,Small,Supermarket Type1,0.010031539,20.85,193.848,4,6,193.238545
Low Fat,FDV21,Snack Foods,2017,OUT035,Tier 2,Small,Supermarket Type1,0.171779865,5.735,177.937,4,6,10.35843171
Low Fat,FDX34,Snack Foods,2017,OUT035,Tier 2,Small,Supermarket Type1,0.072278769,6.13,53.8298,4,6,7.447525843
Regular,FDI34,Snack Foods,2017,OUT035,Tier 2,Small,Supermarket Type1,0.085482761,6.215,37.9848,4,6,4.443562603
Regular,FDI21,Snack Foods,2017,OUT035,Tier 2,Small,Supermarket Type1,0.056328717,6.78,184.624,4,6,32.77617703
Regular,FDO46,Snack Foods,2017,OUT035,Tier 2,Small,Supermarket Type1,0.014143673,8.1,210.99,4,6,149.176243
Regular,FDW21,Snack Foods,2017,OUT035,Tier 2,Small,Supermarket Type1,0.005935001,9.3,89.3172,4,6,150.4923083
Regular,FDV10,Snack Foods,2017,OUT035,Tier 2,Small,Supermarket Type1,0.066693437,10.895,131.928,4,6,19.78125674
Regular,FDU21,Snack Foods,2017,OUT035,Tier 2,Small,Supermarket Type1,0.076705948,11.1,151.337,4,6,19.72949999
Low Fat,FDD58,Snack Foods,2017,OUT035,Tier 2,Small,Supermarket Type1,0.059341019,12.1,177.3,4,6,29.87815224
Low Fat,FDV45,Snack Foods,2017,OUT035,Tier 2,Small,Supermarket Type1,0.045047439,12.8,96.541,4,6,21.43096303
Low Fat,FDP34,Snack Foods,2017,OUT035,Tier 2,Small,Supermarket Type1,0.137441201,14.7,49.8034,4,6,3.623615018
Regular,FDS33,Snack Foods,2017,OUT035,Tier 2,Small,Supermarket Type1,0.123620492,16.1,253.236,4,6,20.48495326
Regular,FDT33,Snack Foods,2017,OUT035,Tier 2,Small,Supermarket Type1,0.034043503,16.25,126.205,4,6,37.07168443
Regular,FDI10,Snack Foods,2017,OUT035,Tier 2,Small,Supermarket Type1,0.078526225,17,172.511,4,6,21.96858438
Low Fat,FDY09,Snack Foods,2017,OUT035,Tier 2,Small,Supermarket Type1,0.044122209,17.75,160.726,4,6,36.42745992
Low Fat,FDM46,Snack Foods,2017,OUT035,Tier 2,Small,Supermarket Type1,0.159967845,18.2,195.111,4,6,12.19688869
Regular,FDG58,Snack Foods,2017,OUT035,Tier 2,Small,Supermarket Type1,0.057583738,18.7,109.189,4,6,18.96177702
Low Fat,FDZ58,Snack Foods,2017,OUT035,Tier 2,Small,Supermarket Type1,0.052471995,19.85,223.077,4,6,42.51353508
Regular,FDX46,Snack Foods,2017,OUT035,Tier 2,Small,Supermarket Type1,0.058234621,20.5,120.176,4,6,20.63652136
Low Fat,FDF22,Snack Foods,2017,OUT035,Tier 2,Small,Supermarket Type1,0.056819936,4.61,175.44,4,6,30.87648673
Low Fat,FDT34,Snack Foods,2017,OUT035,Tier 2,Small,Supermarket Type1,0.174317307,9.695,177.534,4,6,10.1845309
Low Fat,FDJ46,Snack Foods,2017,OUT035,Tier 2,Small,Supermarket Type1,0.044814962,10.195,111.786,4,6,24.94390155
Regular,FDX46,Snack Foods,2017,OUT035,Tier 2,Small,Supermarket Type1,0.058105769,16.75,55.1298,4,6,9.487835881
Regular,FDU33,Snack Foods,2017,OUT035,Tier 2,Small,Supermarket Type1,0.225476528,18.85,162.058,4,6,7.187355661
Regular,FDV34,Snack Foods,2017,OUT035,Tier 2,Small,Supermarket Type1,0.019123874,5.615,122.473,4,6,64.04194046
Low Fat,FDX09,Snack Foods,2017,OUT035,Tier 2,Small,Supermarket Type1,0.065194971,7.39,140.681,4,6,21.57850488
Low Fat,FDC58,Snack Foods,2017,OUT035,Tier 2,Small,Supermarket Type1,0.041907414,7.5,175.203,4,6,41.8071609
Low Fat,FDA45,Snack Foods,2017,OUT035,Tier 2,Small,Supermarket Type1,0.155250377,8.42,64.3168,4,6,4.14277899
Low Fat,FDJ22,Snack Foods,2017,OUT035,Tier 2,Small,Supermarket Type1,0.052766297,10.6,85.1224,4,6,16.13196393
Regular,FDE10,Snack Foods,2017,OUT035,Tier 2,Small,Supermarket Type1,0.09031453,11.5,132.763,4,6,14.70007096
Low Fat,FDK33,Snack Foods,2017,OUT035,Tier 2,Small,Supermarket Type1,0.011180843,11.8,117.249,4,6,104.8659748
Regular,FDG10,Snack Foods,2017,OUT035,Tier 2,Small,Supermarket Type1,0.010886324,13.65,56.493,4,6,51.89355011
Low Fat,FDP33,Snack Foods,2017,OUT035,Tier 2,Small,Supermarket Type1,0.057583738,17.75,242.42,4,6,42.09869113
Low Fat,FDO57,Snack Foods,2017,OUT035,Tier 2,Small,Supermarket Type1,0.19033746,18.7,151.568,4,6,7.963119819
Regular,FDU45,Snack Foods,2017,OUT035,Tier 2,Small,Supermarket Type1,0.06216667,20.75,150.473,4,6,24.20477082
Regular,FDZ57,Snack Foods,2017,OUT035,Tier 2,Small,Supermarket Type1,0.037764307,5.21,259.596,4,6,68.7410999
Low Fat,FDY21,Snack Foods,2017,OUT035,Tier 2,Small,Supermarket Type1,0.173833129,6.235,263.991,4,6,15.1864608
Regular,FDS33,Snack Foods,2017,OUT035,Tier 2,Small,Supermarket Type1,0.12367891,6.57,193.982,4,6,15.68432322
Regular,FDU57,Snack Foods,2017,OUT035,Tier 2,Small,Supermarket Type1,0.089735804,6.59,120.71,4,6,13.45170987
Low Fat,FDY21,Snack Foods,2017,OUT035,Tier 2,Small,Supermarket Type1,0.057583738,6.86,227.801,4,6,39.55995354
Low Fat,FDW45,Snack Foods,2017,OUT035,Tier 2,Small,Supermarket Type1,0.038978526,8.39,165.587,4,6,42.48159615
Low Fat,FDX45,Snack Foods,2017,OUT035,Tier 2,Small,Supermarket Type1,0.105282932,8.43,170.542,4,6,16.19844706
Regular,FDU46,Snack Foods,2017,OUT035,Tier 2,Small,Supermarket Type1,0.011143599,8.97,55.2956,4,6,49.6209528
Regular,FDU33,Snack Foods,2017,OUT035,Tier 2,Small,Supermarket Type1,0.235859408,9.195,105.662,4,6,4.479872179
Low Fat,FDW34,Snack Foods,2017,OUT035,Tier 2,Small,Supermarket Type1,0.035579135,9.6,163.918,4,6,46.07138425
Low Fat,FDD34,Snack Foods,2017,OUT035,Tier 2,Small,Supermarket Type1,0.01596609,11.1,116.612,4,6,73.03729341
Low Fat,FDS57,Snack Foods,2017,OUT035,Tier 2,Small,Supermarket Type1,0.057583738,13,254.501,4,6,44.19667928
Low Fat,FDI33,Snack Foods,2017,OUT035,Tier 2,Small,Supermarket Type1,0.028579565,13.15,157.86,4,6,55.23527038
Low Fat,FDY45,Snack Foods,2017,OUT035,Tier 2,Small,Supermarket Type1,0.026289984,13.6,175.537,4,6,66.76953474
Low Fat,FDR21,Snack Foods,2017,OUT035,Tier 2,Small,Supermarket Type1,0.067314073,15.1,238.125,4,6,35.3752179
Low Fat,FDH10,Snack Foods,2017,OUT035,Tier 2,Small,Supermarket Type1,0.049583899,16,229.867,4,6,46.35920221
Regular,FDD10,Snack Foods,2017,OUT035,Tier 2,Small,Supermarket Type1,0.046114018,16.2,190.816,4,6,41.37917455
Low Fat,FDD34,Snack Foods,2017,OUT035,Tier 2,Small,Supermarket Type1,0.015873285,17.1,166.284,4,6,104.7571438
Low Fat,FDT46,Snack Foods,2017,OUT035,Tier 2,Small,Supermarket Type1,0.051564827,17.25,253.472,4,6,49.15598767
Low Fat,FDL22,Snack Foods,2017,OUT035,Tier 2,Small,Supermarket Type1,0.036359891,18.6,123.141,4,6,33.86726324
Low Fat,FDQ21,Snack Foods,2017,OUT035,Tier 2,Small,Supermarket Type1,0.019407069,19,188.887,4,6,97.32896812
Regular,FDU21,Snack Foods,2017,OUT035,Tier 2,Small,Supermarket Type1,0.07665661,19.2,131.231,4,6,17.11933257
Low Fat,FDB10,Snack Foods,2017,OUT035,Tier 2,Small,Supermarket Type1,0.0674819,19.5,185.661,4,6,27.51271082
Low Fat,FDY10,Snack Foods,2017,OUT035,Tier 2,Small,Supermarket Type1,0.049267759,19.6,87.0514,4,6,17.66903991
Regular,FDO45,Snack Foods,2017,OUT035,Tier 2,Small,Supermarket Type1,0.03810738,20.25,180.098,4,6,47.26066185
Regular,FDC34,Snack Foods,2017,OUT035,Tier 2,Small,Supermarket Type1,0.173462841,20.7,76.7354,4,6,4.42373707
Regular,FDN34,Snack Foods,2017,OUT035,Tier 2,Small,Supermarket Type1,0.045835395,8.155,190.853,4,6,41.63878156
Regular,FDR22,Snack Foods,2017,OUT035,Tier 2,Small,Supermarket Type1,0.018591464,10.1,76.467,4,6,41.13016597
Regular,FDS33,Snack Foods,2017,OUT035,Tier 2,Small,Supermarket Type1,0.216107535,10.8,100.804,4,6,4.664529629
Low Fat,FDN57,Snack Foods,2017,OUT035,Tier 2,Small,Supermarket Type1,0.054234197,15.1,243.151,4,6,44.83352081
Regular,FDM57,Snack Foods,2017,OUT035,Tier 2,Small,Supermarket Type1,0.076002991,18.85,60.4562,4,6,7.954450108
Regular,FDG22,Snack Foods,2017,OUT035,Tier 2,Small,Supermarket Type1,0.041615224,7.39,141.547,4,6,34.0132736
Low Fat,FDK33,Snack Foods,2017,OUT035,Tier 2,Small,Supermarket Type1,0.011233126,9.8,194.548,4,6,173.1913272
Low Fat,FDL33,Snack Foods,2017,OUT035,Tier 2,Small,Supermarket Type1,0.167316771,12.15,253.404,4,6,15.14516438
Regular,FDI10,Snack Foods,2017,OUT035,Tier 2,Small,Supermarket Type1,0.07802465,14.65,53.8614,4,6,6.903126127
Regular,FDS58,Snack Foods,2017,OUT035,Tier 2,Small,Supermarket Type1,0.020989132,10.395,156.96,4,6,74.78155838
Regular,FDZ21,Snack Foods,2017,OUT035,Tier 2,Small,Supermarket Type1,0.03928284,19.85,196.377,4,6,49.99053022
Low Fat,FDZ33,Snack Foods,2017,OUT035,Tier 2,Small,Supermarket Type1,0.188038372,7.275,145.076,4,6,7.715233782
Low Fat,FDQ46,Snack Foods,2017,OUT035,Tier 2,Small,Supermarket Type1,0.10423592,7.31,108.157,4,6,10.37617359
Low Fat,FDK46,Snack Foods,2017,OUT035,Tier 2,Small,Supermarket Type1,0.051677051,7.315,153.734,4,6,29.74898858
Low Fat,FDL10,Snack Foods,2017,OUT035,Tier 2,Small,Supermarket Type1,0.039300964,7.365,93.912,4,6,23.89559706
Regular,FDW22,Snack Foods,2017,OUT035,Tier 2,Small,Supermarket Type1,0.030143704,9.395,105.828,4,6,35.10782882
Low Fat,FDZ22,Snack Foods,2017,OUT035,Tier 2,Small,Supermarket Type1,0.045050674,12.1,148.273,4,6,32.91249316
Regular,FDO10,Snack Foods,2017,OUT035,Tier 2,Small,Supermarket Type1,0.057583738,12.35,118.712,4,6,20.61554253
Low Fat,FDN21,Snack Foods,2017,OUT035,Tier 2,Small,Supermarket Type1,0.076483451,12.85,155.463,4,6,20.32635792
Low Fat,FDB34,Snack Foods,2017,OUT035,Tier 2,Small,Supermarket Type1,0.02671821,13.35,149.371,4,6,55.90606556
Low Fat,FDA45,Snack Foods,2017,OUT035,Tier 2,Small,Supermarket Type1,0.154627247,13.6,194.214,4,6,12.56014084
Low Fat,FDR33,Snack Foods,2017,OUT035,Tier 2,Small,Supermarket Type1,0.026830586,14.15,243.783,4,6,90.86011017
Regular,FDY34,Snack Foods,2017,OUT035,Tier 2,Small,Supermarket Type1,0.010998932,15,229.469,4,6,208.6284377
Regular,FDU45,Snack Foods,2017,OUT035,Tier 2,Small,Supermarket Type1,0.035561344,15.2,229.035,4,6,64.40560852
Regular,FDS34,Snack Foods,2017,OUT035,Tier 2,Small,Supermarket Type1,0.076878416,15.2,235.525,4,6,30.63603704
Regular,FDK58,Snack Foods,2017,OUT035,Tier 2,Small,Supermarket Type1,0.057583738,15.85,53.3956,4,6,9.272687369
Regular,FDG22,Snack Foods,2017,OUT035,Tier 2,Small,Supermarket Type1,0.041381156,17.5,253.036,4,6,61.14763928
Low Fat,FDQ09,Snack Foods,2017,OUT035,Tier 2,Small,Supermarket Type1,0.057583738,17.6,161.887,4,6,28.11331908
Low Fat,FDW34,Snack Foods,2017,OUT035,Tier 2,Small,Supermarket Type1,0.035651291,17.7,169.082,4,6,47.42661353
Low Fat,FDY45,Snack Foods,2017,OUT035,Tier 2,Small,Supermarket Type1,0.026195131,17.85,121.707,4,6,46.46168786
Low Fat,FDU34,Snack Foods,2017,OUT035,Tier 2,Small,Supermarket Type1,0.075620262,18.25,142.015,4,6,18.78001957
Regular,FDI21,Snack Foods,2017,OUT035,Tier 2,Small,Supermarket Type1,0.05671761,19.35,222.609,4,6,39.24865663
Regular,FDS58,Snack Foods,2017,OUT035,Tier 2,Small,Supermarket Type1,0.021049215,20.85,197.545,4,6,93.84910554
Regular,FDC10,Snack Foods,2017,OUT035,Tier 2,Small,Supermarket Type1,0.073289899,4.59,111.986,4,6,15.27986824
Low Fat,FDL45,Snack Foods,2017,OUT035,Tier 2,Small,Supermarket Type1,0.037680711,6.135,111.986,4,6,29.71971521
Low Fat,FDL34,Snack Foods,2017,OUT035,Tier 2,Small,Supermarket Type1,0.040938155,9,35.919,4,6,8.773966487
Low Fat,FDR09,Snack Foods,2017,OUT035,Tier 2,Small,Supermarket Type1,0.077709902,11.8,187.092,4,6,24.0756963
Low Fat,FDB47,Snack Foods,2017,OUT035,Tier 2,Small,Supermarket Type1,0.071369947,14.15,41.0138,4,6,5.746648516
Low Fat,FDX58,Snack Foods,2017,OUT035,Tier 2,Small,Supermarket Type1,0.043727261,15.35,196.577,4,6,44.95525114
Regular,FDN46,Snack Foods,2017,OUT035,Tier 2,Small,Supermarket Type1,0.144511119,17.6,165.453,4,6,11.44915361
Regular,FDG34,Snack Foods,2017,OUT035,Tier 2,Small,Supermarket Type1,0.037539164,17.85,191.619,4,6,51.04508987
Regular,FDX57,Snack Foods,2017,OUT035,Tier 2,Small,Supermarket Type1,0.057583738,12.5,128.102,4,6,22.24621125
Low Fat,FDH58,Snack Foods,2017,OUT035,Tier 2,Small,Supermarket Type1,0.057583738,6.035,185.324,4,6,32.18339178
Low Fat,FDN57,Snack Foods,2017,OUT035,Tier 2,Small,Supermarket Type1,0.054455125,12.35,78.5328,4,6,14.42156271
Regular,FDP21,Snack Foods,2017,OUT035,Tier 2,Small,Supermarket Type1,0.0258457,14.5,104.133,4,6,40.29026105
Low Fat,FDK34,Snack Foods,2017,OUT035,Tier 2,Small,Supermarket Type1,0.038340116,15.5,265.557,4,6,69.26348371
Low Fat,FDO58,Snack Foods,2017,OUT035,Tier 2,Small,Supermarket Type1,0.039385518,16,183.663,4,6,46.63211488
Low Fat,FDX45,Snack Foods,2017,OUT035,Tier 2,Small,Supermarket Type1,0.104348025,16.5,95.7068,4,6,9.171884183
Regular,FDB58,Snack Foods,2017,OUT035,Tier 2,Small,Supermarket Type1,0.013431109,18.2,241.22,4,6,179.5979766
Regular,FDK10,Snack Foods,2017,OUT035,Tier 2,Small,Supermarket Type1,0.04016342,19.35,163.918,4,6,40.81275947
Regular,FDC34,Snack Foods,2017,OUT035,Tier 2,Small,Supermarket Type1,0.173027688,20,168.513,4,6,9.739077135
Regular,FDY57,Snack Foods,2017,OUT035,Tier 2,Small,Supermarket Type1,0.121940099,20.7,100.104,4,6,8.209276589
Low Fat,FDR21,Snack Foods,2017,OUT035,Tier 2,Small,Supermarket Type1,0.066879757,20.85,88.1514,4,6,13.18058019
Low Fat,FDI46,Snack Foods,2017,OUT035,Tier 2,Small,Supermarket Type1,0.073985248,5.695,258.899,4,6,34.99332732
Low Fat,FDQ09,Snack Foods,2017,OUT035,Tier 2,Small,Supermarket Type1,0.058369013,9.6,101.699,4,6,17.4234572
Regular,FDX46,Snack Foods,2017,OUT035,Tier 2,Small,Supermarket Type1,0.057583738,10.5,158.758,4,6,27.5699365
Low Fat,FDT21,Snack Foods,2017,OUT035,Tier 2,Small,Supermarket Type1,0.020423549,14.5,260.459,4,6,127.5287659
Low Fat,FDA58,Snack Foods,2017,OUT035,Tier 2,Small,Supermarket Type1,0.103751236,4.615,232.23,4,6,22.3833478
Low Fat,FDT46,Snack Foods,2017,OUT035,Tier 2,Small,Supermarket Type1,0.057583738,6.825,155,4,6,26.91732169
Regular,FDG46,Snack Foods,2017,OUT035,Tier 2,Small,Supermarket Type1,0.055084019,7.81,125.505,4,6,22.78428522
Regular,FDN33,Snack Foods,2017,OUT035,Tier 2,Small,Supermarket Type1,0.122519571,15.3,215.522,4,6,17.59082229
Regular,FDW22,Snack Foods,2017,OUT035,Tier 2,Small,Supermarket Type1,0.030413777,16.5,104.599,4,6,34.39197966
Regular,FDF34,Snack Foods,2017,OUT035,Tier 2,Small,Supermarket Type1,0.01404119,17.2,163.118,4,6,116.1710653
Low Fat,FDR46,Snack Foods,2017,OUT035,Tier 2,Small,Supermarket Type1,0.057583738,19.5,85.754,4,6,14.89205164
Low Fat,FDT21,Snack Foods,2017,OUT035,Tier 2,Small,Supermarket Type1,0.020474913,19.7,188.256,4,6,91.94471303
Regular,FDW46,Snack Foods,2017,OUT035,Tier 2,Small,Supermarket Type1,0.070699313,8.3,87.7198,4,6,12.4074473
Low Fat,FDY45,Snack Foods,2017,OUT035,Tier 2,Small,Supermarket Type1,0.026182758,8.575,194.179,4,6,74.16292814
Low Fat,FDQ58,Snack Foods,2017,OUT035,Tier 2,Small,Supermarket Type1,0.057583738,8.945,263.491,4,6,45.75788394
Low Fat,FDH34,Snack Foods,2017,OUT035,Tier 2,Small,Supermarket Type1,0.031095246,10.895,121.673,4,6,39.12913247
Low Fat,FDI46,Snack Foods,2017,OUT035,Tier 2,Small,Supermarket Type1,0.074345268,11.35,88.3856,4,6,11.88853069
Regular,FDC22,Snack Foods,2017,OUT035,Tier 2,Small,Supermarket Type1,0.136705075,11.8,220.377,4,6,16.12061586
Low Fat,FDX21,Snack Foods,2017,OUT035,Tier 2,Small,Supermarket Type1,0.084949955,16,76.1986,4,6,8.969822291
Low Fat,FDJ09,Snack Foods,2017,OUT035,Tier 2,Small,Supermarket Type1,0.058346234,16.1,180.932,4,6,31.01005628
Low Fat,FDO58,Snack Foods,2017,OUT035,Tier 2,Small,Supermarket Type1,0.039544237,16.7,117.278,4,6,29.65741885
Low Fat,FDY10,Snack Foods,2017,OUT035,Tier 2,Small,Supermarket Type1,0.048830264,18.25,108.557,4,6,22.23149971
Low Fat,FDP33,Snack Foods,2017,OUT035,Tier 2,Small,Supermarket Type1,0.089197963,20.25,248.109,4,6,27.81554552
Low Fat,FDB22,Snack Foods,2017,OUT035,Tier 2,Small,Supermarket Type1,0.186528819,20.25,197.079,4,6,10.56560595
Regular,FDK58,Snack Foods,2017,OUT035,Tier 2,Small,Supermarket Type1,0.044945123,20.6,212.624,4,6,47.30746871
Regular,FDO10,Snack Foods,2017,OUT035,Tier 2,Small,Supermarket Type1,0.01268995,20.7,215.988,4,6,170.2039803
Low Fat,FDQ34,Snack Foods,2017,OUT035,Tier 2,Small,Supermarket Type1,0.162211939,4.555,112.754,4,6,6.951029665
Regular,FDL58,Snack Foods,2017,OUT035,Tier 2,Small,Supermarket Type1,0.074264356,5.845,213.222,4,6,28.71121645
Low Fat,FDM46,Snack Foods,2017,OUT035,Tier 2,Small,Supermarket Type1,0.160292264,7.825,158.829,4,6,9.90871275
Regular,FDG10,Snack Foods,2017,OUT035,Tier 2,Small,Supermarket Type1,0.019153299,8.895,161.524,4,6,84.33220825
Low Fat,FDS57,Snack Foods,2017,OUT035,Tier 2,Small,Supermarket Type1,0.103422709,11.5,194.782,4,6,18.83358132
Low Fat,FDP09,Snack Foods,2017,OUT035,Tier 2,Small,Supermarket Type1,0.033883448,13.1,196.377,4,6,57.95661646
Low Fat,FDU34,Snack Foods,2017,OUT035,Tier 2,Small,Supermarket Type1,0.075132353,13.65,198.143,4,6,26.37252689
Low Fat,FDA57,Snack Foods,2017,OUT035,Tier 2,Small,Supermarket Type1,0.03961061,13.65,259.694,4,6,65.56172702
Low Fat,FDL46,Snack Foods,2017,OUT035,Tier 2,Small,Supermarket Type1,0.054011943,13.85,165.121,4,6,30.57120163
Low Fat,FDW34,Snack Foods,2017,OUT035,Tier 2,Small,Supermarket Type1,0.035406842,14,143.281,4,6,40.46703742
Regular,FDU21,Snack Foods,2017,OUT035,Tier 2,Small,Supermarket Type1,0.076876046,15.85,38.8506,4,6,5.053667823
Regular,FDJ58,Snack Foods,2017,OUT035,Tier 2,Small,Supermarket Type1,0.105208448,16.1,126.136,4,6,11.98915129
Regular,FDM58,Snack Foods,2017,OUT035,Tier 2,Small,Supermarket Type1,0.080015028,16.1,32.0558,4,6,4.006222431
Low Fat,FDY45,Snack Foods,2017,OUT035,Tier 2,Small,Supermarket Type1,0.026015519,19,47.7718,4,6,18.36280875
Low Fat,FDC46,Snack Foods,2017,OUT035,Tier 2,Small,Supermarket Type1,0.1164455,5.785,262.025,4,6,22.50194297
Low Fat,FDB47,Snack Foods,2017,OUT035,Tier 2,Small,Supermarket Type1,0.071540443,5.82,257.633,4,6,36.01221759
Low Fat,FDZ10,Snack Foods,2017,OUT035,Tier 2,Small,Supermarket Type1,0.04453262,8.365,191.619,4,6,43.0289078
Low Fat,FDE58,Snack Foods,2017,OUT035,Tier 2,Small,Supermarket Type1,0.052149675,8.96,196.977,4,6,37.77147221
Regular,FDR34,Snack Foods,2017,OUT035,Tier 2,Small,Supermarket Type1,0.01599013,11.35,169.279,4,6,105.8646803
Regular,FDY57,Snack Foods,2017,OUT035,Tier 2,Small,Supermarket Type1,0.121442754,14.5,169.645,4,6,13.96913314
Low Fat,FDL10,Snack Foods,2017,OUT035,Tier 2,Small,Supermarket Type1,0.039492207,15.2,177.005,4,6,44.82023504
Regular,FDZ21,Snack Foods,2017,OUT035,Tier 2,Small,Supermarket Type1,0.03922186,17.85,125.139,4,6,31.90542213
Regular,FDG10,Snack Foods,2017,OUT035,Tier 2,Small,Supermarket Type1,0.010961483,18.35,86.3882,4,6,78.81068647
Regular,FDG34,Snack Foods,2017,OUT035,Tier 2,Small,Supermarket Type1,0.037782943,19.2,181.195,4,6,47.95682539
Low Fat,FDH58,Snack Foods,2017,OUT035,Tier 2,Small,Supermarket Type1,0.037148619,21.1,62.9168,4,6,16.93651115
Low Fat,FDK22,Snack Foods,2017,OUT035,Tier 2,Small,Supermarket Type1,0.026081567,6.69,175.137,4,6,67.14972302
Low Fat,FDV21,Snack Foods,2017,OUT035,Tier 2,Small,Supermarket Type1,0.171050595,11.8,149.537,4,6,8.742267164
Low Fat,FDO57,Snack Foods,2017,OUT035,Tier 2,Small,Supermarket Type1,0.108689606,11.8,101.967,4,6,9.381485843
Regular,FDX33,Snack Foods,2017,OUT035,Tier 2,Small,Supermarket Type1,0.117462619,12.35,199.043,4,6,16.94522067
Low Fat,FDJ09,Snack Foods,2017,OUT035,Tier 2,Small,Supermarket Type1,0.057583738,15,238.025,4,6,41.33545481
Low Fat,FDH10,Snack Foods,2017,OUT035,Tier 2,Small,Supermarket Type1,0.049066248,17.85,260.294,4,6,53.04950156
Low Fat,FDR21,Snack Foods,2017,OUT035,Tier 2,Small,Supermarket Type1,0.066611321,20.35,79.2276,4,6,11.89401423
Regular,FDJ10,Snack Foods,2017,OUT035,Tier 2,Small,Supermarket Type1,0.128876537,5.095,139.784,4,6,10.84634979
Low Fat,FDK21,Snack Foods,2017,OUT035,Tier 2,Small,Supermarket Type1,0.010053105,8.655,122.676,4,6,122.0279705
Low Fat,FDC46,Snack Foods,2017,OUT035,Tier 2,Small,Supermarket Type1,0.195068226,9.5,183.861,4,6,9.425471476
Regular,FDD10,Snack Foods,2017,OUT035,Tier 2,Small,Supermarket Type1,0.045797829,10.5,211.924,4,6,46.27380918
Low Fat,FDX34,Snack Foods,2017,OUT035,Tier 2,Small,Supermarket Type1,0.071636937,10.695,156.797,4,6,21.88773091
Low Fat,FDZ46,Snack Foods,2017,OUT035,Tier 2,Small,Supermarket Type1,0.06911065,11.6,226.94,4,6,32.83719658
Low Fat,FDN57,Snack Foods,2017,OUT035,Tier 2,Small,Supermarket Type1,0.054344186,13.5,78.396,4,6,14.42583021
Low Fat,FDK21,Snack Foods,2017,OUT035,Tier 2,Small,Supermarket Type1,0.010010425,13.65,58.8588,4,6,58.7975036
Low Fat,FDK21,Snack Foods,2017,OUT035,Tier 2,Small,Supermarket Type1,0.016758569,14,54.064,4,6,32.26051103
Low Fat,FDF46,Snack Foods,2017,OUT035,Tier 2,Small,Supermarket Type1,0.093861144,15.1,257.93,4,6,27.47995486
Regular,FDN58,Snack Foods,2017,OUT035,Tier 2,Small,Supermarket Type1,0.056596985,15.15,131.728,4,6,23.27473804
Low Fat,FDX09,Snack Foods,2017,OUT035,Tier 2,Small,Supermarket Type1,0.065236932,16.5,142.413,4,6,21.83011917
Regular,FDP22,Snack Foods,2017,OUT035,Tier 2,Small,Supermarket Type1,0.057583738,17.6,98.241,4,6,17.06054581
Low Fat,FDF22,Snack Foods,2017,OUT035,Tier 2,Small,Supermarket Type1,0.056919038,17.6,45.606,4,6,8.012433379
Regular,FDS09,Snack Foods,2017,OUT035,Tier 2,Small,Supermarket Type1,0.141975462,13,176.205,4,6,12.41094746
Regular,FDU46,Snack Foods,2011,OUT010,Tier 3,Medium,Grocery Store,0.011117041,16.25,95.441,4,12,85.85108214
Regular,FDV57,Snack Foods,2011,OUT010,Tier 3,Medium,Grocery Store,0.065999008,18.25,197.245,4,12,29.88605526
Regular,FDX22,Snack Foods,2011,OUT010,Tier 3,Medium,Grocery Store,0.022970468,5.655,167.95,4,12,73.11561959
Regular,FDL58,Snack Foods,2011,OUT010,Tier 3,Medium,Grocery Store,0.07429945,11.5,130.665,4,12,17.58626746
Low Fat,FDE34,Snack Foods,2011,OUT010,Tier 3,Medium,Grocery Store,0.107891398,17.75,239.32,4,12,22.18156447
Low Fat,FDV58,Snack Foods,2011,OUT010,Tier 3,Medium,Grocery Store,0.121250374,20.1,140.415,4,12,11.58058284
Low Fat,FDR58,Snack Foods,2011,OUT010,Tier 3,Medium,Grocery Store,0.041913535,7.725,123.741,4,12,29.52292141
Low Fat,FDL22,Snack Foods,2011,OUT010,Tier 3,Medium,Grocery Store,0.036463975,10.5,169.811,4,12,46.56952513
Regular,FDX33,Snack Foods,2011,OUT010,Tier 3,Medium,Grocery Store,0.118149377,10.85,117.581,4,12,9.951893356
Low Fat,FDX09,Snack Foods,2011,OUT010,Tier 3,Medium,Grocery Store,0.064933297,12.35,117.112,4,12,18.03573904
Low Fat,FDE58,Snack Foods,2011,OUT010,Tier 3,Medium,Grocery Store,0.052025392,13.3,62.151,4,12,11.94628192
Low Fat,FDL34,Snack Foods,2011,OUT010,Tier 3,Medium,Grocery Store,0.041177505,5.635,148.205,4,12,35.99173869
Regular,FDU10,Snack Foods,2011,OUT010,Tier 3,Medium,Grocery Store,0.045950475,6.445,95.0436,4,12,20.68392111
Low Fat,FDB59,Snack Foods,2011,OUT010,Tier 3,Medium,Grocery Store,0.015278899,11.3,245.312,4,12,160.5560715
Low Fat,FDA21,Snack Foods,2011,OUT010,Tier 3,Medium,Grocery Store,0.036107198,14.85,142.081,4,12,39.34977175
Low Fat,FDA46,Snack Foods,2011,OUT010,Tier 3,Medium,Grocery Store,0.117537563,15.1,88.283,4,12,7.511045639
Regular,FDR57,Snack Foods,2011,OUT010,Tier 3,Medium,Grocery Store,0.023492524,15.15,149.671,4,12,63.71005516
Regular,FDJ33,Snack Foods,2011,OUT010,Tier 3,Medium,Grocery Store,0.088821765,18.7,125.902,4,12,14.17467892
Regular,FDV57,Snack Foods,2011,OUT010,Tier 3,Medium,Grocery Store,0.065577449,18.85,131.428,4,12,20.04164572
Low Fat,FDH22,Snack Foods,2011,OUT010,Tier 3,Medium,Grocery Store,0.136275173,6.425,130.563,4,12,9.580835388
Low Fat,FDQ22,Snack Foods,2011,OUT010,Tier 3,Medium,Grocery Store,0.029799965,8.06,230.233,4,12,77.25948671
Low Fat,FDU22,Snack Foods,2011,OUT010,Tier 3,Medium,Grocery Store,0.163350221,11.85,99.6726,4,12,6.101773196
Regular,FDF34,Snack Foods,2011,OUT010,Tier 3,Medium,Grocery Store,0.014076503,14.5,155.202,4,12,110.2560771
Regular,FDJ33,Snack Foods,2011,OUT010,Tier 3,Medium,Grocery Store,0.088305478,17.25,91.612,4,12,10.37444132
Low Fat,FDH33,Snack Foods,2011,OUT010,Tier 3,Medium,Grocery Store,0.121914662,20.1,109.623,4,12,8.991781481
Low Fat,FDD46,Snack Foods,2011,OUT010,Tier 3,Medium,Grocery Store,0.141475625,5.695,256.065,4,12,18.09958429
Low Fat,FDX21,Snack Foods,2011,OUT010,Tier 3,Medium,Grocery Store,0.08509812,7.035,263.291,4,12,30.93969644
Low Fat,FDQ57,Snack Foods,2011,OUT010,Tier 3,Medium,Grocery Store,0.027991093,7.5,237.191,4,12,84.7380272
Low Fat,FDT58,Snack Foods,2011,OUT010,Tier 3,Medium,Grocery Store,0.086088353,15.7,181.366,4,12,21.06742593
Low Fat,FDY58,Snack Foods,2011,OUT010,Tier 3,Medium,Grocery Store,0.039980644,17.1,150.239,4,12,37.57793396
Low Fat,FDH58,Snack Foods,2011,OUT010,Tier 3,Medium,Grocery Store,0.036997104,17.85,150.205,4,12,40.59912365
Low Fat,FDQ33,Snack Foods,2011,OUT010,Tier 3,Medium,Grocery Store,0.091348964,6.59,82.7908,4,12,9.063135078
Low Fat,FDA21,Snack Foods,2011,OUT010,Tier 3,Medium,Grocery Store,0.036016619,7.605,165.021,4,12,45.81801529
Low Fat,FDJ09,Snack Foods,2011,OUT010,Tier 3,Medium,Grocery Store,0.058485617,9.695,186.79,4,12,31.93776685
Low Fat,FDT57,Snack Foods,2011,OUT010,Tier 3,Medium,Grocery Store,0.019064377,12.5,103.699,4,12,54.39411946
Low Fat,FDX45,Snack Foods,2011,OUT010,Tier 3,Medium,Grocery Store,0.105018817,14.7,49.4034,4,12,4.704242669
Low Fat,FDL22,Snack Foods,2011,OUT010,Tier 3,Medium,Grocery Store,0.036446751,16.1,253.736,4,12,69.61827681
Low Fat,FDR10,Snack Foods,2011,OUT010,Tier 3,Medium,Grocery Store,0.010055503,21.35,96.2094,4,12,95.67835642
Low Fat,FDY10,Snack Foods,2011,OUT010,Tier 3,Medium,Grocery Store,0.049144165,8.26,113.783,4,12,23.15290127
Low Fat,FDZ09,Snack Foods,2011,OUT010,Tier 3,Medium,Grocery Store,0.105042025,9.3,189.185,4,12,18.0104106
Low Fat,FDZ58,Snack Foods,2011,OUT010,Tier 3,Medium,Grocery Store,0.052257982,9.5,189.987,4,12,36.35559444
Low Fat,FDW45,Snack Foods,2011,OUT010,Tier 3,Medium,Grocery Store,0.039071642,11.65,38.8164,4,12,9.934673337
Low Fat,FDV46,Snack Foods,2011,OUT010,Tier 3,Medium,Grocery Store,0.012627478,15.7,43.377,4,12,34.35127743
Low Fat,FDN57,Snack Foods,2011,OUT010,Tier 3,Medium,Grocery Store,0.054318517,5.485,165.784,4,12,30.52071543
Low Fat,FDR09,Snack Foods,2011,OUT010,Tier 3,Medium,Grocery Store,0.07784544,5.615,121.373,4,12,15.59153625
Low Fat,FDN21,Snack Foods,2011,OUT010,Tier 3,Medium,Grocery Store,0.076975118,7.68,84.4224,4,12,10.96749212
Low Fat,FDP09,Snack Foods,2011,OUT010,Tier 3,Medium,Grocery Store,0.033942546,8.27,239.088,4,12,70.43902953
Low Fat,FDV58,Snack Foods,2011,OUT010,Tier 3,Medium,Grocery Store,0.121438886,9.695,159.16,4,12,13.10618083
Low Fat,FDH10,Snack Foods,2011,OUT010,Tier 3,Medium,Grocery Store,0.049381666,10.1,153.366,4,12,31.05727539
Regular,FDN33,Snack Foods,2011,OUT010,Tier 3,Medium,Grocery Store,0.123307177,11.5,132.663,4,12,10.75874116
Regular,FDH46,Snack Foods,2011,OUT010,Tier 3,Medium,Grocery Store,0.041346469,12.15,37.6506,4,12,9.106122218
Regular,FDG46,Snack Foods,2011,OUT010,Tier 3,Medium,Grocery Store,0.032960823,12.5,99.0384,4,12,30.04730798
Regular,FDX33,Snack Foods,2011,OUT010,Tier 3,Medium,Grocery Store,0.117667492,19.35,65.3168,4,12,5.550963897
Regular,FDS58,Snack Foods,2011,OUT010,Tier 3,Medium,Grocery Store,0.021039273,19.6,150.902,4,12,71.72396118
Regular,FDU10,Snack Foods,2011,OUT010,Tier 3,Medium,Grocery Store,0.045763062,6.635,173.14,4,12,37.83400682
Regular,FDB46,Snack Foods,2011,OUT010,Tier 3,Medium,Grocery Store,0.093909644,7.67,33.2216,4,12,3.53761324
Regular,FDU21,Snack Foods,2011,OUT010,Tier 3,Medium,Grocery Store,0.076839735,8.85,103.796,4,12,13.5081153
Regular,FDO09,Snack Foods,2011,OUT010,Tier 3,Medium,Grocery Store,0.125469442,9.6,44.2086,4,12,3.523455536
Regular,FDW09,Snack Foods,2011,OUT010,Tier 3,Medium,Grocery Store,0.025961116,13.5,161.692,4,12,62.28237646
Regular,FDP22,Snack Foods,2011,OUT010,Tier 3,Medium,Grocery Store,0.099286298,14.15,196.911,4,12,19.83264599
Regular,FDL57,Snack Foods,2011,OUT010,Tier 3,Medium,Grocery Store,0.067181098,14.65,261.759,4,12,38.9631917
Regular,FDL09,Snack Foods,2011,OUT010,Tier 3,Medium,Grocery Store,0.128235131,16.35,98.141,4,12,7.653206983
Regular,FDI34,Snack Foods,2011,OUT010,Tier 3,Medium,Grocery Store,0.085268317,17.7,166.847,4,12,19.56729133
Low Fat,FDQ34,Snack Foods,2011,OUT010,Tier 3,Medium,Grocery Store,0.284065879,18,170.542,4,12,6.003607353
Low Fat,FDD58,Snack Foods,2011,OUT010,Tier 3,Medium,Grocery Store,0.103918113,18.2,221.846,4,12,21.34815516
Low Fat,FDH10,Snack Foods,2011,OUT010,Tier 3,Medium,Grocery Store,0.086326707,19,190.187,4,12,22.03107319
Low Fat,FDN21,Snack Foods,2011,OUT010,Tier 3,High,Grocery Store,0.134564284,20.2,93.6462,4,12,6.959216608
Low Fat,FDN57,Snack Foods,2011,OUT010,Tier 3,High,Grocery Store,0.094957079,20.6,75.0696,4,12,7.905634924
Low Fat,FDP33,Snack Foods,2011,OUT010,Tier 3,High,Grocery Store,0.156304192,7.26,117.415,4,12,7.511954638
Low Fat,FDP58,Snack Foods,2011,OUT010,Tier 3,High,Grocery Store,0.236616754,10.8,98.4042,4,12,4.158801029
Low Fat,FDW34,Snack Foods,2011,OUT010,Tier 3,High,Grocery Store,0.062294473,12.65,53.5324,4,12,8.593442953
Low Fat,FDX45,Snack Foods,2011,OUT010,Tier 3,High,Grocery Store,0.18358896,15.1,242.251,4,12,13.19529235
Low Fat,FDZ45,Snack Foods,2011,OUT010,Tier 3,High,Grocery Store,0.117091213,14.65,56.4614,4,12,4.82200146
Regular,FDB58,Snack Foods,2011,OUT010,Tier 3,High,Grocery Store,0.02363057,19.1,185.161,4,12,78.35655255
Regular,FDC34,Snack Foods,2011,OUT010,Tier 3,High,Grocery Store,0.302478871,7.97,107.56,4,12,3.555950855
Regular,FDG46,Snack Foods,2011,OUT010,Tier 3,High,Grocery Store,0.057620562,6.865,212.322,4,12,36.84830426
Regular,FDP21,Snack Foods,2011,OUT010,Tier 3,High,Grocery Store,0.045068892,7.05,108.791,4,12,24.13882285
Regular,FDU21,Snack Foods,2011,OUT010,Tier 3,High,Grocery Store,0.134327613,9.195,182.263,4,12,13.56854305
Regular,FDY34,Snack Foods,2011,OUT010,Tier 3,High,Grocery Store,0.019227816,12.6,210.261,4,12,109.352513
Low Fat,FDL33,Snack Foods,2011,OUT010,Tier 3,High,Grocery Store,0.099962524,19.7,174.937,4,12,17.5002584
Low Fat,FDR33,Snack Foods,2011,OUT010,Tier 3,High,Grocery Store,0.026788937,21,191.848,4,12,71.61463704
Low Fat,FDT21,Snack Foods,2011,OUT010,Tier 3,High,Grocery Store,0.020391845,21.2,175.037,4,12,85.83676465
Low Fat,FDQ46,Snack Foods,2011,OUT010,Tier 3,High,Grocery Store,0.103813029,7.81,243.549,4,12,23.46035005
Low Fat,FDQ34,Snack Foods,2011,OUT010,Tier 3,High,Grocery Store,0.162242617,10.1,241.851,4,12,14.90674919
Low Fat,FDH58,Snack Foods,2011,OUT010,Tier 3,High,Grocery Store,0.036939673,15.85,57.3904,4,12,15.53625014
Low Fat,FDF58,Snack Foods,2011,OUT010,Tier 3,High,Grocery Store,0.009581155,4.88,52.2298,4,12,54.51305192
Low Fat,FDJ09,Snack Foods,2011,OUT010,Tier 3,High,Grocery Store,0.057583738,12.35,79.2328,4,12,13.75957914
Low Fat,FDS57,Snack Foods,2011,OUT010,Tier 3,High,Grocery Store,0.103442268,15.5,262.157,4,12,25.34331517
Low Fat,FDI33,Snack Foods,2011,OUT010,Tier 3,High,Grocery Store,0.028418817,20,169.613,4,12,59.68334291
Low Fat,FDY10,Snack Foods,2011,OUT010,Tier 3,High,Grocery Store,0.049067877,7.155,33.8874,4,12,6.9062291
Low Fat,FDZ09,Snack Foods,2011,OUT010,Tier 3,High,Grocery Store,0.104878967,8,249.909,4,12,23.82832394
Regular,FDX22,Snack Foods,2011,OUT010,Tier 3,High,Grocery Store,0.022974812,10.695,173.771,4,12,75.63543937
Regular,FDC22,Snack Foods,2011,OUT010,Tier 3,High,Grocery Store,0.136428395,17.25,40.348,4,12,2.957448851
Regular,FDV10,Snack Foods,2011,OUT010,Tier 3,High,Grocery Store,0.057583738,13.35,205.764,4,12,35.73300504
Regular,FDX33,Snack Foods,2011,OUT010,Tier 3,High,Grocery Store,0.117484834,14.5,41.4454,4,12,3.527723417
Regular,FDI34,Snack Foods,2011,OUT010,Tier 3,High,Grocery Store,0.085135953,17.1,141.884,4,12,16.66557958
Regular,FDM09,Snack Foods,2011,OUT010,Tier 3,High,Grocery Store,0.085931544,19.2,153.831,4,12,17.90157524
Regular,FDO45,Snack Foods,2011,OUT010,Tier 3,High,Grocery Store,0.037952777,11.6,238.522,4,12,62.84704806
Regular,FDO09,Snack Foods,2011,OUT010,Tier 3,High,Grocery Store,0.125274674,17.5,144.81,4,12,11.55939947
Regular,FDY33,Snack Foods,2011,OUT010,Tier 3,High,Grocery Store,0.097201128,20.6,213.024,4,12,21.91579505
Regular,FDP45,Snack Foods,2011,OUT010,Tier 3,High,Grocery Store,0.030624844,9.5,231.867,4,12,75.71205914
Regular,FDC34,Snack Foods,2011,OUT010,Tier 3,High,Grocery Store,0.172759093,14,140.781,4,12,8.148977721
Regular,FDY22,Snack Foods,2011,OUT010,Tier 3,High,Grocery Store,0.159720671,19,46.8718,4,12,2.934610762
Regular,FDR34,Snack Foods,2011,OUT010,Tier 3,High,Grocery Store,0.015965308,20.5,83.9592,4,12,52.58852507
Regular,FDX57,Snack Foods,2011,OUT010,Tier 3,High,Grocery Store,0.047266211,7.72,116.647,4,12,24.67872874
Regular,FDO10,Snack Foods,2011,OUT010,Tier 3,High,Grocery Store,0.0127517,9.5,170.245,4,12,133.5076892
Low Fat,FDX58,Snack Foods,2011,OUT010,Tier 3,High,Grocery Store,0.043852434,10.1,225.509,4,12,51.42451158
Low Fat,FDE58,Snack Foods,2011,OUT010,Tier 3,High,Grocery Store,0.057583738,12.5,80.8592,4,12,14.04201999
Low Fat,FDX34,Snack Foods,2011,OUT010,Tier 3,High,Grocery Store,0.072131519,13.8,77.8012,4,12,10.78601991
Low Fat,FDR58,Snack Foods,2011,OUT010,Tier 3,High,Grocery Store,0.04200648,14.6,106.825,4,12,25.43060023
Low Fat,FDL33,Snack Foods,2011,OUT010,Tier 3,High,Grocery Store,0.10016525,15.1,62.2194,4,12,6.211675207
Low Fat,FDQ58,Snack Foods,2011,OUT010,Tier 3,High,Grocery Store,0.015332872,15.2,175.805,4,12,114.6588845
Low Fat,FDT21,Snack Foods,2011,OUT010,Tier 3,High,Grocery Store,0.0204332,15.7,111.054,4,12,54.34978369
Low Fat,FDK21,Snack Foods,2011,OUT010,Tier 3,High,Grocery Store,0.010032624,16,55.9246,4,12,55.74274487
Low Fat,FDB22,Snack Foods,2011,OUT010,Tier 3,High,Grocery Store,0.111666665,16.35,227.106,4,12,20.33785105
Low Fat,FDT34,Snack Foods,2011,OUT010,Tier 3,High,Grocery Store,0.174703862,16.5,102.233,4,12,5.851788211
Low Fat,FDT22,Snack Foods,2011,OUT010,Tier 3,High,Grocery Store,0.112324552,18.35,87.5882,4,12,7.797778708
Low Fat,FDR45,Snack Foods,2011,OUT010,Tier 3,High,Grocery Store,0.029001987,20,46.4744,4,12,16.02455721
Low Fat,FDP58,Snack Foods,2011,OUT010,Tier 3,High,Grocery Store,0.135416391,20.35,234.096,4,12,17.28712442
Low Fat,FDT46,Snack Foods,2011,OUT010,Tier 3,High,Grocery Store,0.030869612,20.7,124.239,4,12,40.24637563
Low Fat,FDZ45,Snack Foods,2011,OUT010,Tier 3,High,Grocery Store,0.067011609,5.15,122.139,4,12,18.2265434
Low Fat,FDC47,Snack Foods,2011,OUT010,Tier 3,High,Grocery Store,0.119131749,5.305,183.561,4,12,15.40823513
Low Fat,FDJ09,Snack Foods,2011,OUT010,Tier 3,High,Grocery Store,0.058513255,11.65,110.854,4,12,18.9451091
Low Fat,FDX45,Snack Foods,2011,OUT010,Tier 3,High,Grocery Store,0.105068444,14.3,210.159,4,12,20.00210453
Low Fat,FDR46,Snack Foods,2011,OUT010,Tier 3,High,Grocery Store,0.139700397,16,46.1718,4,12,3.305058611
Low Fat,FDP57,Snack Foods,2011,OUT010,Tier 3,High,Grocery Store,0.052550476,18.6,48.8376,4,12,9.29346482
Low Fat,FDY10,Snack Foods,2011,OUT010,Tier 3,High,Grocery Store,0.049167388,7.42,186.558,4,12,37.94344332
Low Fat,FDB59,Snack Foods,2011,OUT010,Tier 3,High,Grocery Store,0.015309885,5.175,106.762,4,12,69.73403131
Low Fat,FDR09,Snack Foods,2011,OUT010,Tier 3,High,Grocery Store,0.077882226,9.3,197.608,4,12,25.37266975
Low Fat,FDU34,Snack Foods,2011,OUT010,Tier 3,High,Grocery Store,0.075347426,10.695,156.897,4,12,20.82314
Low Fat,FDO57,Snack Foods,2011,OUT010,Tier 3,High,Grocery Store,0.108930629,11.5,106.725,4,12,9.797519851
Low Fat,FDQ21,Snack Foods,2011,OUT010,Tier 3,High,Grocery Store,0.019462623,13.65,80.2302,4,12,41.22270672
Low Fat,FDA33,Snack Foods,2011,OUT010,Tier 3,Small,Grocery Store,0.034091649,16.7,58.8562,4,12,17.26411063
Low Fat,FDF22,Snack Foods,2011,OUT010,Tier 3,Small,Grocery Store,0.057152139,8.27,183.992,4,12,32.19337075
Low Fat,FDZ46,Snack Foods,2011,OUT010,Tier 3,Small,Grocery Store,0.069514712,19.35,163.887,4,12,23.57587269
Low Fat,FDH34,Snack Foods,2011,OUT010,Tier 3,Small,Grocery Store,0.031271134,19.5,233.996,4,12,74.82811464
Low Fat,FDT58,Snack Foods,2011,OUT010,Tier 3,Small,Grocery Store,0.086440911,7.6,171.845,4,12,19.88005425
Low Fat,FDE34,Snack Foods,2011,OUT010,Tier 3,Small,Grocery Store,0.108501676,13.5,98.6068,4,12,9.088043949
Low Fat,FDT34,Snack Foods,2011,OUT010,Tier 3,Small,Grocery Store,0.175336471,8.895,235.562,4,12,13.43485463
Low Fat,FDZ22,Snack Foods,2011,OUT010,Tier 3,Small,Grocery Store,0.045525961,9.195,107.762,4,12,23.67045036
Low Fat,FDC58,Snack Foods,2011,OUT010,Tier 3,Small,Grocery Store,0.04217956,20,38.319,4,12,9.084732036
Low Fat,FDZ33,Snack Foods,2011,OUT010,Tier 3,Small,Grocery Store,0.108004532,16.7,189.221,4,12,17.51972778
Low Fat,FDV09,Snack Foods,2011,OUT010,Tier 3,Small,Grocery Store,0.020684919,8.115,155.297,4,12,75.07740301
Low Fat,FDU22,Snack Foods,2011,OUT010,Tier 3,Small,Grocery Store,0.093824276,6.635,39.8506,4,12,4.247365575
Low Fat,FDI22,Snack Foods,2011,OUT010,Tier 3,Small,Grocery Store,0.096756649,16.7,182.398,4,12,18.85121094
Low Fat,FDQ33,Snack Foods,2011,OUT010,Tier 3,Small,Grocery Store,0.091723066,6.26,151.137,4,12,16.47753467
Low Fat,FDB34,Snack Foods,2011,OUT010,Tier 3,Small,Grocery Store,0.026760329,16.7,64.3168,4,12,24.03438313
Low Fat,FDX45,Snack Foods,2014,OUT013,Tier 3,High,Supermarket Type1,0.105448901,6.98,82.5934,4,9,7.832551996
Low Fat,FDP57,Snack Foods,2014,OUT013,Tier 3,High,Supermarket Type1,0.052740763,16.6,117.312,4,9,22.24313668
Low Fat,FDY10,Snack Foods,2014,OUT013,Tier 3,High,Supermarket Type1,0.049345425,12.15,211.293,4,9,42.81916713
Low Fat,FDZ09,Snack Foods,2014,OUT013,Tier 3,High,Supermarket Type1,0.105472205,19.7,109.191,4,9,10.35258531
Low Fat,FDJ22,Snack Foods,2014,OUT013,Tier 3,High,Supermarket Type1,0.05310896,7.52,128.899,4,9,24.27066921
Regular,FDX22,Snack Foods,2014,OUT013,Tier 3,High,Supermarket Type1,0.023021406,15.7,150.602,4,9,65.41824596
Regular,FDI58,Snack Foods,2014,OUT013,Tier 3,High,Supermarket Type1,0.070847865,19.1,39.6796,4,9,5.600676887
Regular,FDV10,Snack Foods,2014,OUT013,Tier 3,High,Supermarket Type1,0.057583738,17.75,107.791,4,9,18.71900015
Regular,FDW57,Snack Foods,2014,OUT013,Tier 3,High,Supermarket Type1,0.115911972,20.5,154.634,4,9,13.34064095
Regular,FDB46,Snack Foods,2014,OUT013,Tier 3,High,Supermarket Type1,0.093954022,6.8,47.5034,4,9,5.056026234
Regular,FDI34,Snack Foods,2014,OUT013,Tier 3,High,Supermarket Type1,0.085308611,8.195,93.6462,4,9,10.97734436
Regular,FDV34,Snack Foods,2014,OUT013,Tier 3,High,Supermarket Type1,0.011448629,9.1,126.536,4,9,110.5250244
Regular,FDK58,Snack Foods,2014,OUT013,Tier 3,High,Supermarket Type1,0.045073782,9.17,141.947,4,9,31.49214326
Regular,FDW46,Snack Foods,2014,OUT013,Tier 3,High,Supermarket Type1,0.070444232,9.8,102.402,4,9,14.53660535
Regular,FDW09,Snack Foods,2014,OUT013,Tier 3,High,Supermarket Type1,0.025973384,10.3,177.037,4,9,68.16092967
Regular,FDP22,Snack Foods,2014,OUT013,Tier 3,High,Supermarket Type1,0.099333217,12.3,37.2874,4,9,3.753769497
Regular,FDL57,Snack Foods,2014,OUT013,Tier 3,High,Supermarket Type1,0.067212845,15.5,106.794,4,9,15.88892718
Regular,FDV57,Snack Foods,2014,OUT013,Tier 3,High,Supermarket Type1,0.057583738,15.75,195.345,4,9,33.92364004
Regular,FDC34,Snack Foods,2014,OUT013,Tier 3,High,Supermarket Type1,0.173109453,17.35,101.902,4,9,5.886564727
Regular,FDT10,Snack Foods,2014,OUT013,Tier 3,High,Supermarket Type1,0.062170334,18,78.5618,4,9,12.63654141
Regular,FDL09,Snack Foods,2014,OUT013,Tier 3,High,Supermarket Type1,0.12829573,20,45.4086,4,9,3.539369549
Regular,FDY57,Snack Foods,2014,OUT013,Tier 3,High,Supermarket Type1,0.121500143,20.85,181.666,4,9,14.95191656
Regular,FDW21,Snack Foods,2014,OUT013,Tier 3,High,Supermarket Type1,0.005997615,6.55,102.933,4,9,171.6232202
Regular,FDW57,Snack Foods,2014,OUT013,Tier 3,High,Supermarket Type1,0.116331694,10.195,31.9558,4,9,2.746955615
Regular,FDM45,Snack Foods,2014,OUT013,Tier 3,High,Supermarket Type1,0.088693595,12.5,197.274,4,9,22.24219235
Regular,FDS09,Snack Foods,2014,OUT013,Tier 3,High,Supermarket Type1,0.08154715,15.85,178.037,4,9,21.83240003
Regular,FDG58,Snack Foods,2014,OUT013,Tier 3,High,Supermarket Type1,0.087272074,17.85,94.1436,4,9,10.78736825
Regular,FDP22,Snack Foods,2014,OUT013,Tier 3,High,Supermarket Type1,0.099692906,6.425,131.363,4,9,13.17676505
Regular,FDV57,Snack Foods,2014,OUT013,Tier 3,High,Supermarket Type1,0.066269294,20.75,193.348,4,9,29.17610681
Regular,FDS46,Snack Foods,2014,OUT013,Tier 3,High,Supermarket Type1,0.047524635,7.96,162.489,4,9,34.19047826
Regular,FDZ21,Snack Foods,2014,OUT013,Tier 3,High,Supermarket Type1,0.039443715,9,77.2644,4,9,19.58852
Regular,FDR22,Snack Foods,2014,OUT013,Tier 3,High,Supermarket Type1,0.018667601,9.3,143.379,4,9,76.80633414
Regular,FDS34,Snack Foods,2014,OUT013,Tier 3,High,Supermarket Type1,0.077193256,11.1,82.5908,4,9,10.69922481
Low Fat,FDA46,Snack Foods,2014,OUT013,Tier 3,High,Supermarket Type1,0.11830085,12.1,74.767,4,9,6.320072933
Low Fat,FDL22,Snack Foods,2014,OUT013,Tier 3,High,Supermarket Type1,0.036596012,15.7,133.194,4,9,36.39576903
Low Fat,FDQ57,Snack Foods,2014,OUT013,Tier 3,High,Supermarket Type1,0.027942357,16.2,100.57,4,9,35.99195301
Low Fat,FDR33,Snack Foods,2014,OUT013,Tier 3,High,Supermarket Type1,0.026783871,16.25,91.1804,4,9,34.04302537
Low Fat,FDQ58,Snack Foods,2014,OUT013,Tier 3,High,Supermarket Type1,0.057583738,18.85,255.333,4,9,44.34116451
Low Fat,FDM46,Snack Foods,2014,OUT013,Tier 3,High,Supermarket Type1,0.159937597,6.03,178.103,4,9,11.13578066
Low Fat,FDW33,Snack Foods,2014,OUT013,Tier 3,High,Supermarket Type1,0.099101845,6.13,60.1536,4,9,6.069876903
Low Fat,FDV09,Snack Foods,2014,OUT013,Tier 3,High,Supermarket Type1,0.020564685,7.285,156.929,4,9,76.30994591
Low Fat,FDU22,Snack Foods,2014,OUT013,Tier 3,High,Supermarket Type1,0.093278912,8.21,87.3198,4,9,9.361151211
Low Fat,FDP34,Snack Foods,2014,OUT013,Tier 3,High,Supermarket Type1,0.057583738,9.3,250.609,4,9,43.52079401
Low Fat,FDQ33,Snack Foods,2014,OUT013,Tier 3,High,Supermarket Type1,0.091189915,10.3,263.023,4,9,28.84343077
Low Fat,FDA46,Snack Foods,2014,OUT013,Tier 3,High,Supermarket Type1,0.117613212,11.65,52.3298,4,9,4.449313058
Low Fat,FDN09,Snack Foods,2014,OUT013,Tier 3,High,Supermarket Type1,0.034868095,13.1,167.216,4,9,47.95673523
Low Fat,FDC47,Snack Foods,2014,OUT013,Tier 3,High,Supermarket Type1,0.118868155,16,225.04,4,9,18.9318998
Low Fat,FDK09,Snack Foods,2014,OUT013,Tier 3,High,Supermarket Type1,0.091745951,17.7,182.529,4,9,19.89504692
Low Fat,FDT57,Snack Foods,2014,OUT013,Tier 3,High,Supermarket Type1,0.019031184,19.85,265.188,4,9,139.3439315
Low Fat,FDT45,Snack Foods,2014,OUT013,Tier 3,High,Supermarket Type1,0.057302606,19.85,88.7856,4,9,15.49416444
Low Fat,FDY45,Snack Foods,2014,OUT013,Tier 3,High,Supermarket Type1,0.057583738,20.7,178.303,4,9,30.96412393
Low Fat,FDZ09,Snack Foods,2014,OUT013,Tier 3,High,Supermarket Type1,0.104859135,5.765,120.01,4,9,11.44487793
Low Fat,FDO34,Snack Foods,2014,OUT013,Tier 3,High,Supermarket Type1,0.029933275,5.88,153.3,4,9,51.21390827
Low Fat,FDZ58,Snack Foods,2014,OUT013,Tier 3,High,Supermarket Type1,0.052166995,7.075,95.7068,4,9,18.34623597
Low Fat,FDN57,Snack Foods,2014,OUT013,Tier 3,High,Supermarket Type1,0.054223942,7.3,149.808,4,9,27.62764832
Low Fat,FDN45,Snack Foods,2014,OUT013,Tier 3,High,Supermarket Type1,0.118080437,7.5,238.191,4,9,20.17192738
Low Fat,FDV58,Snack Foods,2014,OUT013,Tier 3,High,Supermarket Type1,0.121227447,8.68,99.9384,4,9,8.243875663
Regular,FDJ10,Snack Foods,2014,OUT013,Tier 3,High,Supermarket Type1,0.129479176,9.065,94.4094,4,9,7.29147365
Regular,FDM45,Snack Foods,2014,OUT013,Tier 3,High,Supermarket Type1,0.088178053,12.85,45.906,4,9,5.206057339
Regular,FDQ45,Snack Foods,2014,OUT013,Tier 3,High,Supermarket Type1,0.010914988,12.85,37.6164,4,9,34.46307041
Regular,FDB46,Snack Foods,2014,OUT013,Tier 3,High,Supermarket Type1,0.093746136,15.35,38.319,4,9,4.087528472
Regular,FDG58,Snack Foods,2014,OUT013,Tier 3,High,Supermarket Type1,0.086764795,17.5,258.33,4,9,29.77359654
Regular,FDO21,Snack Foods,2014,OUT013,Tier 3,High,Supermarket Type1,0.009761175,17.85,151.505,4,9,155.2118469
Regular,FDO22,Snack Foods,2014,OUT013,Tier 3,High,Supermarket Type1,0.057583738,6.215,39.2848,4,9,6.822203866
Regular,FDO10,Snack Foods,2014,OUT013,Tier 3,High,Supermarket Type1,0.012749289,8.785,120.541,4,9,94.54723318
Regular,FDM22,Snack Foods,2014,OUT013,Tier 3,High,Supermarket Type1,0.041949832,9.695,185.39,4,9,44.19326399
Regular,FDL57,Snack Foods,2014,OUT013,Tier 3,High,Supermarket Type1,0.067064128,11.5,129.365,4,9,19.28974608
Regular,FDT09,Snack Foods,2014,OUT013,Tier 3,High,Supermarket Type1,0.012260981,11.8,46.8402,4,9,38.20265279
Regular,FDY22,Snack Foods,2014,OUT013,Tier 3,High,Supermarket Type1,0.159690469,12.5,104.099,4,9,6.518798564
Regular,FDZ21,Snack Foods,2014,OUT013,Tier 3,High,Supermarket Type1,0.039214444,12.8,97.141,4,9,24.77173972
Low Fat,FDF58,Snack Foods,2014,OUT013,Tier 3,High,Supermarket Type1,0.057583738,12.85,199.077,4,9,34.57173968
Low Fat,FDF22,Snack Foods,2014,OUT013,Tier 3,High,Supermarket Type1,0.09512291,13.5,179.998,4,9,18.92267594
Low Fat,FDX21,Snack Foods,2014,OUT013,Tier 3,High,Supermarket Type1,0.1422157,15.6,115.152,4,9,8.096996323
Low Fat,FDE34,Snack Foods,2014,OUT013,Tier 3,High,Supermarket Type1,0.180588082,18.2,197.111,4,9,10.91495063
Low Fat,FDI22,Snack Foods,2014,OUT013,Tier 3,High,Supermarket Type1,0.161039887,19.75,115.847,4,9,7.193683637
Low Fat,FDR21,Snack Foods,2014,OUT013,Tier 3,High,Supermarket Type1,0.112036236,20.5,89.583,4,9,7.995895185
Low Fat,FDH10,Snack Foods,2014,OUT013,Tier 3,High,Supermarket Type1,0.082526478,8.01,37.9532,4,9,4.598911879
Low Fat,FDW10,Snack Foods,2014,OUT013,Tier 3,High,Supermarket Type1,0.118297605,9.3,124.439,4,9,10.51914787
Regular,FDS45,Snack Foods,2014,OUT013,Tier 3,High,Supermarket Type1,0.04937018,12.1,180.666,4,9,36.59415461
Regular,FDF34,Snack Foods,2014,OUT013,Tier 3,High,Supermarket Type1,0.02346559,15.75,252.738,4,9,107.7057939
Regular,FDG58,Snack Foods,2014,OUT013,Tier 3,High,Supermarket Type1,0.145253944,16.6,172.942,4,9,11.90618273
Regular,FDG34,Snack Foods,2014,OUT013,Tier 3,High,Supermarket Type1,0.062885197,7.27,97.7384,4,9,15.54235411
Regular,FDW09,Snack Foods,2014,OUT013,Tier 3,High,Supermarket Type1,0.043386131,10,147.11,4,9,33.90714881
Regular,FDT10,Snack Foods,2014,OUT013,Tier 3,High,Supermarket Type1,0.103849783,11.15,163.253,4,9,15.72010988
Low Fat,FDL33,Snack Foods,2014,OUT013,Tier 3,High,Supermarket Type1,0.099879337,11.5,133.294,4,9,13.34550308
Low Fat,FDQ09,Snack Foods,2014,OUT013,Tier 3,High,Supermarket Type1,0.058083831,14,129.331,4,9,22.26626546
Low Fat,FDD58,Snack Foods,2014,OUT013,Tier 3,High,Supermarket Type1,0.05930285,14.35,109.823,4,9,18.51900878
Low Fat,FDK21,Snack Foods,2014,OUT013,Tier 3,High,Supermarket Type1,0.010003987,14.75,238.691,4,9,238.5958718
Low Fat,FDA58,Snack Foods,2014,OUT013,Tier 3,High,Supermarket Type1,0.103664897,16.5,38.7506,4,9,3.738063812
Low Fat,FDW34,Snack Foods,2014,OUT013,Tier 3,High,Supermarket Type1,0.035549527,18.7,151.968,4,9,42.7482481
Low Fat,FDV09,Snack Foods,2014,OUT013,Tier 3,High,Supermarket Type1,0.020551458,18.85,190.385,4,9,92.63819628
Low Fat,FDU22,Snack Foods,2014,OUT013,Tier 3,High,Supermarket Type1,0.057583738,19.6,45.077,4,9,7.828078129
Low Fat,FDA21,Snack Foods,2014,OUT013,Tier 3,High,Supermarket Type1,0.035930784,20.1,143.415,4,9,39.91424178
Low Fat,FDZ45,Snack Foods,2014,OUT013,Tier 3,High,Supermarket Type1,0.06682033,6.675,35.6874,4,9,5.340799724
Low Fat,FDN09,Snack Foods,2014,OUT013,Tier 3,High,Supermarket Type1,0.034845668,7.935,263.091,4,9,75.50178117
Low Fat,FDY21,Snack Foods,2014,OUT013,Tier 3,High,Supermarket Type1,0.057583738,8.275,104.231,4,9,18.10077005
Low Fat,FDM33,Snack Foods,2014,OUT013,Tier 3,High,Supermarket Type1,0.087646694,8.42,214.419,4,9,24.46401458
Low Fat,FDL34,Snack Foods,2014,OUT013,Tier 3,High,Supermarket Type1,0.040911824,8.695,94.7094,4,9,23.14964006
Low Fat,FDV45,Snack Foods,2014,OUT013,Tier 3,High,Supermarket Type1,0.045009952,8.85,105.696,4,9,23.48280665
Low Fat,FDX45,Snack Foods,2014,OUT013,Tier 3,High,Supermarket Type1,0.104768536,8.97,54.6956,4,9,5.220613181
Low Fat,FDZ10,Snack Foods,2014,OUT013,Tier 3,High,Supermarket Type1,0.04442649,9.6,164.918,4,9,37.12154618
Regular,FDN33,Snack Foods,2014,OUT013,Tier 3,High,Supermarket Type1,0.12301331,9.895,230.864,4,9,18.76740005
Regular,FDU57,Snack Foods,2014,OUT013,Tier 3,High,Supermarket Type1,0.089479661,10,248.175,4,9,27.73535318
Regular,FDG46,Snack Foods,2014,OUT013,Tier 3,High,Supermarket Type1,0.032882271,10.5,237.025,4,9,72.08291666
Regular,FDM45,Snack Foods,2014,OUT013,Tier 3,High,Supermarket Type1,0.088121336,13,256.101,4,9,29.06231472
Regular,FDZ57,Snack Foods,2014,OUT013,Tier 3,High,Supermarket Type1,0.03773288,15.1,238.925,4,9,63.32010703
Regular,FDO21,Snack Foods,2014,OUT013,Tier 3,High,Supermarket Type1,0.009754896,16,228.367,4,9,234.1050074
Regular,FDW46,Snack Foods,2014,OUT013,Tier 3,High,Supermarket Type1,0.070243155,16.25,116.018,4,9,16.51662714
Regular,FDN58,Snack Foods,2014,OUT013,Tier 3,High,Supermarket Type1,0.056825065,16.6,176.634,4,9,31.08381838
Regular,FDL21,Snack Foods,2014,OUT013,Tier 3,High,Supermarket Type1,0.007140468,18.6,119.841,4,9,167.833537
Regular,FDS22,Snack Foods,2014,OUT013,Tier 3,High,Supermarket Type1,0.023135131,18.75,208.395,4,9,90.07729414
Regular,FDL09,Snack Foods,2014,OUT013,Tier 3,High,Supermarket Type1,0.127929521,19,190.587,4,9,14.89781237
Regular,FDS21,Snack Foods,2014,OUT013,Tier 3,High,Supermarket Type1,0.020858779,19.7,98.7726,4,9,47.35301141
Low Fat,FDD46,Snack Foods,2014,OUT013,Tier 3,High,Supermarket Type1,0.14113846,20.2,123.505,4,9,8.750626867
Regular,FDF10,Snack Foods,2014,OUT013,Tier 3,High,Supermarket Type1,0.156797787,20.2,93.2462,4,9,5.946907911
Low Fat,FDP34,Snack Foods,2014,OUT013,Tier 3,High,Supermarket Type1,0.137786856,20.25,245.546,4,9,17.82071288
Low Fat,FDR58,Snack Foods,2014,OUT013,Tier 3,High,Supermarket Type1,0.057583738,20.25,145.642,4,9,25.2922101
Low Fat,FDZ46,Snack Foods,2014,OUT013,Tier 3,High,Supermarket Type1,0.069405301,20.25,182.598,4,9,26.30894145
Low Fat,FDD58,Snack Foods,2014,OUT013,Tier 3,High,Supermarket Type1,0.059594017,20.35,127.268,4,9,21.3558351
Low Fat,FDT46,Snack Foods,2014,OUT013,Tier 3,High,Supermarket Type1,0.03093263,20.7,74.6354,4,9,24.12837188
Low Fat,FDV09,Snack Foods,2014,OUT013,Tier 3,High,Supermarket Type1,0.020652362,21.1,146.179,4,9,70.7807659
Low Fat,FDH33,Snack Foods,2014,OUT013,Tier 3,High,Supermarket Type1,0.122221269,6.32,41.0822,4,9,3.361297124
Low Fat,FDQ10,Snack Foods,2014,OUT013,Tier 3,High,Supermarket Type1,0.033314389,10.1,77.567,4,9,23.28333262
Low Fat,FDK34,Snack Foods,2014,OUT013,Tier 3,High,Supermarket Type1,0.057583738,11.3,196.643,4,9,34.1490509
Low Fat,FDC47,Snack Foods,2014,OUT013,Tier 3,High,Supermarket Type1,0.119374946,15.1,242.951,4,9,20.35192544
Low Fat,FDJ09,Snack Foods,2014,OUT013,Tier 3,High,Supermarket Type1,0.058632705,19.35,172.474,4,9,29.41600596
Low Fat,FDP57,Snack Foods,2014,OUT013,Tier 3,High,Supermarket Type1,0.052657753,9.395,83.2908,4,9,15.8173859
Low Fat,FDO34,Snack Foods,2014,OUT013,Tier 3,High,Supermarket Type1,0.030060895,14.5,161.621,4,9,53.76453362
Low Fat,FDZ58,Snack Foods,2014,OUT013,Tier 3,High,Supermarket Type1,0.052389407,10.395,159.46,4,9,30.43745084
Low Fat,FDR09,Snack Foods,2014,OUT013,Tier 3,High,Supermarket Type1,0.078041216,7.235,195.145,4,9,25.00537665
Low Fat,FDJ22,Snack Foods,2014,OUT013,Tier 3,High,Supermarket Type1,0.053025371,7.235,113.683,4,9,21.43935966
Low Fat,FDM34,Snack Foods,2014,OUT013,Tier 3,High,Supermarket Type1,0.067722325,7.76,98.77,4,9,14.58455539
Low Fat,FDO57,Snack Foods,2014,OUT013,Tier 3,High,Supermarket Type1,0.109153001,7.905,250.741,4,9,22.97151683
Low Fat,FDH10,Snack Foods,2014,OUT013,Tier 3,High,Supermarket Type1,0.049505857,9.395,233.693,4,9,47.20512161
Regular,FDG10,Snack Foods,2014,OUT013,Tier 3,High,Supermarket Type1,0.01098386,9.6,244.117,4,9,222.2506478
Regular,FDC22,Snack Foods,2014,OUT013,Tier 3,High,Supermarket Type1,0.136984147,12.1,146.673,4,9,10.70729739
Regular,FDU33,Snack Foods,2014,OUT013,Tier 3,High,Supermarket Type1,0.135258515,12.35,118.912,4,9,8.791461299
Regular,FDT33,Snack Foods,2014,OUT013,Tier 3,High,Supermarket Type1,0.03412912,13.65,184.492,4,9,54.05706329
Regular,FDJ33,Snack Foods,2014,OUT013,Tier 3,High,Supermarket Type1,0.088681966,14.1,198.908,4,9,22.42936292
Regular,FDV33,Snack Foods,2014,OUT013,Tier 3,High,Supermarket Type1,0.027454997,14.15,242.783,4,9,88.42943964
Regular,FDB46,Snack Foods,2014,OUT013,Tier 3,High,Supermarket Type1,0.094145821,15.1,195.211,4,9,20.73496178
Regular,FDB58,Snack Foods,2014,OUT013,Tier 3,High,Supermarket Type1,0.013551445,15.6,221.58,4,9,163.5102382
Regular,FDV34,Snack Foods,2014,OUT013,Tier 3,High,Supermarket Type1,0.011472001,16,141.25,4,9,123.125861
Regular,FDM09,Snack Foods,2014,OUT013,Tier 3,High,Supermarket Type1,0.086281593,16.75,186.856,4,9,21.65653107
Regular,FDG34,Snack Foods,2014,OUT013,Tier 3,High,Supermarket Type1,0.037723476,16.75,155.163,4,9,41.1316815
Regular,FDJ34,Snack Foods,2014,OUT013,Tier 3,High,Supermarket Type1,0.094037241,17.85,124.902,4,9,13.28218466
Regular,FDO22,Snack Foods,2014,OUT013,Tier 3,High,Supermarket Type1,0.017932223,5.73,87.0882,4,9,48.5652002
Regular,FDN58,Snack Foods,2014,OUT013,Tier 3,High,Supermarket Type1,0.057104066,6.96,92.7146,4,9,16.23607678
Regular,FDP22,Snack Foods,2014,OUT013,Tier 3,High,Supermarket Type1,0.099535996,8.43,197.877,4,9,19.87994373
Regular,FDN22,Snack Foods,2014,OUT013,Tier 3,High,Supermarket Type1,0.138868769,8.575,107.128,4,9,7.714333523
Regular,FDR22,Snack Foods,2014,OUT013,Tier 3,High,Supermarket Type1,0.01863822,9.5,31.49,4,9,16.89539023
Regular,FDX57,Snack Foods,2014,OUT013,Tier 3,High,Supermarket Type1,0.047458754,9.6,168.516,4,9,35.50788544
Regular,FDD10,Snack Foods,2014,OUT013,Tier 3,High,Supermarket Type1,0.046208155,11.6,142.315,4,9,30.79867612
Low Fat,FDA57,Snack Foods,2014,OUT013,Tier 3,High,Supermarket Type1,0.039451625,12.3,107.994,4,9,27.37377738
Low Fat,FDU34,Snack Foods,2014,OUT013,Tier 3,High,Supermarket Type1,0.074830794,15,65.4168,4,9,8.741962567
Low Fat,FDA46,Snack Foods,2014,OUT013,Tier 3,High,Supermarket Type1,0.117065801,15.35,197.377,4,9,16.86034677
Low Fat,FDB22,Snack Foods,2014,OUT013,Tier 3,High,Supermarket Type1,0.110901004,15.7,181.763,4,9,16.38966226
Low Fat,FDF46,Snack Foods,2014,OUT013,Tier 3,High,Supermarket Type1,0.093217569,19.6,56.1614,4,9,6.024765568
Low Fat,FDH33,Snack Foods,2014,OUT013,Tier 3,High,Supermarket Type1,0.057583738,20.75,151.102,4,9,26.24039447
Low Fat,FDI22,Snack Foods,2014,OUT013,Tier 3,High,Supermarket Type1,0.095746519,7.435,205.264,4,9,21.43827286
Low Fat,FDI33,Snack Foods,2014,OUT013,Tier 3,High,Supermarket Type1,0.028281197,11.5,172.108,4,9,60.85598145
Low Fat,FDJ22,Snack Foods,2014,OUT013,Tier 3,High,Supermarket Type1,0.052554508,12.8,263.025,4,9,50.04803774
Low Fat,FDJ46,Snack Foods,2014,OUT013,Tier 3,High,Supermarket Type1,0.044606379,12.85,251.404,4,9,56.36054879
Low Fat,FDK09,Snack Foods,2014,OUT013,Tier 3,High,Supermarket Type1,0.091318935,18.25,162.953,4,9,17.84438244
Low Fat,FDK22,Snack Foods,2014,OUT013,Tier 3,High,Supermarket Type1,0.025960174,20.5,90.7172,4,9,34.94475807
Low Fat,FDL22,Snack Foods,2014,OUT013,Tier 3,High,Supermarket Type1,0.036213953,20.85,225.375,4,9,62.23429958
Low Fat,FDL34,Snack Foods,2014,OUT013,Tier 3,High,Supermarket Type1,0.040747616,7.22,64.751,4,9,15.89074561
Low Fat,FDL45,Snack Foods,2014,OUT013,Tier 3,High,Supermarket Type1,0.037505332,10.8,39.3138,4,9,10.48218957
Low Fat,FDM46,Snack Foods,2014,OUT013,Tier 3,High,Supermarket Type1,0.159193194,15,219.746,4,9,13.80373083
Low Fat,FDN10,Snack Foods,2014,OUT013,Tier 3,High,Supermarket Type1,0.045900448,16.7,98.7384,4,9,21.51142403
Low Fat,FDQ09,Snack Foods,2014,OUT013,Tier 3,High,Supermarket Type1,0.057850699,17.75,184.724,4,9,31.93116128
Low Fat,FDQ10,Snack Foods,2014,OUT013,Tier 3,High,Supermarket Type1,0.033018559,19.35,164.518,4,9,49.8259176
Low Fat,FDQ33,Snack Foods,2014,OUT013,Tier 3,High,Supermarket Type1,0.057583738,9.8,84.2908,4,9,14.63795212
Low Fat,FDQ57,Snack Foods,2014,OUT013,Tier 3,High,Supermarket Type1,0.027812304,9,55.0614,4,9,19.79749682
Low Fat,FDR09,Snack Foods,2014,OUT013,Tier 3,High,Supermarket Type1,0.077348214,16.5,184.429,4,9,23.84398947
Low Fat,FDR46,Snack Foods,2014,OUT013,Tier 3,High,Supermarket Type1,0.138742518,5.405,200.574,4,9,14.45656334
Low Fat,FDS57,Snack Foods,2014,OUT013,Tier 3,High,Supermarket Type1,0.102941345,5.885,53.6982,4,9,5.216388031
Low Fat,FDT58,Snack Foods,2014,OUT013,Tier 3,High,Supermarket Type1,0.085538477,6.615,248.641,4,9,29.06773755
Low Fat,FDX58,Snack Foods,2014,OUT013,Tier 3,High,Supermarket Type1,0.043551753,8.975,103.099,4,9,23.67275549
Low Fat,FDY21,Snack Foods,2014,OUT013,Tier 3,High,Supermarket Type1,0.172641213,9.5,80.196,4,9,4.645240763
Low Fat,FDY46,Snack Foods,2014,OUT013,Tier 3,High,Supermarket Type1,0.04765803,9.695,176.337,4,9,37.0004803
Low Fat,FDZ33,Snack Foods,2014,OUT013,Tier 3,High,Supermarket Type1,0.106876976,11.8,40.6138,4,9,3.800051379
Regular,FDG22,Snack Foods,2014,OUT013,Tier 3,High,Supermarket Type1,0.041180766,13,58.022,4,9,14.08958736
Regular,FDG46,Snack Foods,2014,OUT013,Tier 3,High,Supermarket Type1,0.032750291,13.65,99.27,4,9,30.31118105
Regular,FDJ21,Snack Foods,2014,OUT013,Tier 3,High,Supermarket Type1,0.038341654,14.5,42.0454,4,9,10.96598493
Regular,FDK58,Snack Foods,2014,OUT013,Tier 3,High,Supermarket Type1,0.044764726,17,142.147,4,9,31.75424329
Regular,FDN34,Snack Foods,2014,OUT013,Tier 3,High,Supermarket Type1,0.045542628,19.25,141.85,4,9,31.14664354
Regular,FDP21,Snack Foods,2014,OUT013,Tier 3,High,Supermarket Type1,0.025616191,4.805,126.77,4,9,49.48823188
Regular,FDR22,Snack Foods,2014,OUT013,Tier 3,High,Supermarket Type1,0.018472714,7.855,218.648,4,9,118.3626835
Regular,FDS09,Snack Foods,2014,OUT013,Tier 3,High,Supermarket Type1,0.080695806,8.575,193.379,4,9,23.96394678
Regular,FDS34,Snack Foods,2014,OUT013,Tier 3,High,Supermarket Type1,0.076387367,10.695,119.244,4,9,15.61043464
Regular,FDU09,Snack Foods,2014,OUT013,Tier 3,High,Supermarket Type1,0.06627464,11.35,86.1856,4,9,13.00431055
Regular,FDU33,Snack Foods,2014,OUT013,Tier 3,High,Supermarket Type1,0.134057426,11.8,221.677,4,9,16.53597317
Regular,FDU57,Snack Foods,2014,OUT013,Tier 3,High,Supermarket Type1,0.089120516,18.25,110.357,4,9,12.38289509
Regular,FDU58,Snack Foods,2014,OUT013,Tier 3,High,Supermarket Type1,0.028871235,20.25,193.579,4,9,67.04908882
Regular,FDX46,Snack Foods,2014,OUT013,Tier 3,High,Supermarket Type1,0.057835325,6.765,105.531,4,9,18.24680677
Regular,FDX57,Snack Foods,2014,OUT013,Tier 3,High,Supermarket Type1,0.047037323,7.47,211.822,4,9,45.03274984
Regular,FDY33,Snack Foods,2014,OUT013,Tier 3,High,Supermarket Type1,0.096730427,9.1,81.1618,4,9,8.39051398
Low Fat,FDN09,Snack Foods,2014,OUT013,Tier 3,High,Supermarket Type1,0.034705807,10,231.767,4,9,66.78046703
Regular,FDM58,Snack Foods,2014,OUT013,Tier 3,High,Supermarket Type1,0.057583738,11.6,172.411,4,9,29.94091839
Low Fat,DRI25,Soft Drinks,2014,OUT013,Tier 3,High,Supermarket Type1,0.033970195,13.6,108.691,4,9,31.99598943
Low Fat,DRD24,Soft Drinks,2014,OUT013,Tier 3,High,Supermarket Type1,0.030795085,14,52.064,4,9,16.90659402
Low Fat,DRI37,Soft Drinks,2014,OUT013,Tier 3,High,Supermarket Type1,0.107597879,15.1,129.431,4,9,12.02914046
Low Fat,DRE25,Soft Drinks,2014,OUT013,Tier 3,High,Supermarket Type1,0.073697713,15.5,49.0692,4,9,6.658171333
Low Fat,DRK37,Soft Drinks,2014,OUT013,Tier 3,High,Supermarket Type1,0.053589594,16.1,32.8558,4,9,6.131003717
Low Fat,DRF48,Soft Drinks,2014,OUT013,Tier 3,High,Supermarket Type1,0.05190652,17.35,93.7804,4,9,18.06717152
Low Fat,DRG49,Soft Drinks,2014,OUT013,Tier 3,High,Supermarket Type1,0.067592098,6.46,144.61,4,9,21.39451271
Low Fat,DRF49,Soft Drinks,2014,OUT013,Tier 3,High,Supermarket Type1,0.071064499,7.35,242.651,4,9,34.14517845
Low Fat,DRE60,Soft Drinks,2014,OUT013,Tier 3,High,Supermarket Type1,0.159304333,7.59,174.708,4,9,10.96693334
Low Fat,DRD60,Soft Drinks,2014,OUT013,Tier 3,High,Supermarket Type1,0.03722507,8.365,191.319,4,9,51.39520221
Low Fat,DRJ13,Soft Drinks,2014,OUT013,Tier 3,High,Supermarket Type1,0.105265475,9.5,168.645,4,9,16.02092234
Low Fat,DRD24,Soft Drinks,2014,OUT013,Tier 3,High,Supermarket Type1,0.051544658,9.8,113.849,4,9,22.08744891
Low Fat,DRH25,Soft Drinks,2014,OUT013,Tier 3,High,Supermarket Type1,0.02442574,10.1,225.109,4,9,92.16056504
Low Fat,DRK13,Soft Drinks,2014,OUT013,Tier 3,High,Supermarket Type1,0.11507174,12.15,187.987,4,9,16.33650451
Low Fat,DRL37,Soft Drinks,2014,OUT013,Tier 3,High,Supermarket Type1,0.053327763,13.6,156.795,4,9,29.40213337
Low Fat,DRI01,Soft Drinks,2014,OUT013,Tier 3,High,Supermarket Type1,0.053589594,15.5,102.333,4,9,19.09568488
Low Fat,DRJ13,Soft Drinks,2014,OUT013,Tier 3,High,Supermarket Type1,0.063146492,16.35,224.006,4,9,35.47402126
Low Fat,DRL37,Soft Drinks,2014,OUT013,Tier 3,High,Supermarket Type1,0.053113721,19.35,119.71,4,9,22.53843221
Low Fat,DRE12,Soft Drinks,2014,OUT013,Tier 3,High,Supermarket Type1,0.070890602,20.1,193.782,4,9,27.33535822
Low Fat,DRK01,Soft Drinks,2014,OUT013,Tier 3,High,Supermarket Type1,0.061159246,20.5,193.948,4,9,31.71196715
Regular,DRC01,Soft Drinks,2014,OUT013,Tier 3,High,Supermarket Type1,0.019184026,5.63,102.831,4,9,53.60240859
Low Fat,DRD24,Soft Drinks,2014,OUT013,Tier 3,High,Supermarket Type1,0.030920531,9.195,107.16,4,9,34.65658465
Regular,DRA59,Soft Drinks,2014,OUT013,Tier 3,High,Supermarket Type1,0.053589594,15,238.725,4,9,44.54689468
Low Fat,DRD13,Soft Drinks,2014,OUT013,Tier 3,High,Supermarket Type1,0.048841794,15.85,44.7744,4,9,9.167230835
Low Fat,DRF01,Soft Drinks,2014,OUT013,Tier 3,High,Supermarket Type1,0.174232377,19.25,194.811,4,9,11.18110212
Low Fat,DRL60,Soft Drinks,2014,OUT013,Tier 3,High,Supermarket Type1,0.027101431,6.305,93.2436,4,9,34.40541571
Low Fat,DRF01,Soft Drinks,2014,OUT013,Tier 3,High,Supermarket Type1,0.053589594,8.27,148.671,4,9,27.74251285
Low Fat,DRD12,Soft Drinks,2014,OUT013,Tier 3,High,Supermarket Type1,0.077630199,8.63,113.552,4,9,14.6272973
Low Fat,DRN37,Soft Drinks,2014,OUT013,Tier 3,High,Supermarket Type1,0.096842096,8.655,119.776,4,9,12.3681751
Low Fat,DRF37,Soft Drinks,2014,OUT013,Tier 3,High,Supermarket Type1,0.084809658,10,128.299,4,9,15.12787612
Regular,DRC13,Soft Drinks,2014,OUT013,Tier 3,High,Supermarket Type1,0.053589594,11.6,223.04,4,9,41.62002048
Low Fat,DRL49,Soft Drinks,2014,OUT013,Tier 3,High,Supermarket Type1,0.056418354,13,65.7484,4,9,11.65372531
Low Fat,DRD60,Soft Drinks,2014,OUT013,Tier 3,High,Supermarket Type1,0.037383778,13.8,230.998,4,9,61.79097254
Low Fat,DRK01,Soft Drinks,2014,OUT013,Tier 3,High,Supermarket Type1,0.06105276,15.85,40.848,4,9,6.690606616
Low Fat,DRG37,Soft Drinks,2014,OUT013,Tier 3,High,Supermarket Type1,0.01940856,16.85,44.8428,4,9,23.10465073
Low Fat,DRH01,Soft Drinks,2014,OUT013,Tier 3,High,Supermarket Type1,0.171417316,19.6,167.482,4,9,9.770424827
Low Fat,DRC12,Soft Drinks,2014,OUT013,Tier 3,High,Supermarket Type1,0.037826873,19.85,62.8194,4,9,16.60708248
Low Fat,DRE12,Soft Drinks,2014,OUT013,Tier 3,High,Supermarket Type1,0.053589594,6.42,178.7,4,9,33.3460261
Low Fat,DRD12,Soft Drinks,2014,OUT013,Tier 3,High,Supermarket Type1,0.077178965,11.15,44.9744,4,9,5.827287267
Low Fat,DRL60,Soft Drinks,2014,OUT013,Tier 3,High,Supermarket Type1,0.027054244,16.7,217.885,4,9,80.53634764
Low Fat,DRD13,Soft Drinks,2014,OUT013,Tier 3,High,Supermarket Type1,0.049070183,7.39,251.907,4,9,51.33606288
Regular,DRC13,Soft Drinks,2014,OUT013,Tier 3,High,Supermarket Type1,0.032435437,6.035,155.1,4,9,47.81807009
Low Fat,DRH37,Soft Drinks,2014,OUT013,Tier 3,High,Supermarket Type1,0.041581725,14.15,124.005,4,9,29.82199512
Low Fat,DRJ25,Soft Drinks,2014,OUT013,Tier 3,High,Supermarket Type1,0.151180862,15.5,148.642,4,9,9.83206459
Regular,DRC36,Soft Drinks,2022,OUT018,Tier 3,Medium,Supermarket Type2,0.044767032,16.25,90.2804,4,1,20.16671554
Low Fat,DRE37,Soft Drinks,2022,OUT018,Tier 3,Medium,Supermarket Type2,0.094366079,5.8,89.7172,4,1,9.507356982
Low Fat,DRD24,Soft Drinks,2022,OUT018,Tier 3,Medium,Supermarket Type2,0.030842963,13.8,55.393,4,1,17.95968824
Low Fat,DRL37,Soft Drinks,2022,OUT018,Tier 3,Medium,Supermarket Type2,0.053455158,16.7,109.589,4,1,20.50110861
Regular,DRM49,Soft Drinks,2022,OUT018,Tier 3,Medium,Supermarket Type2,0.053589594,5.985,127.168,4,1,23.72998012
Regular,DRA59,Soft Drinks,2022,OUT018,Tier 3,Medium,Supermarket Type2,0.128126825,10.895,255.967,4,1,19.97762764
Low Fat,DRL60,Soft Drinks,2022,OUT018,Tier 3,Medium,Supermarket Type2,0.045291822,13,254.701,4,1,56.2355385
Low Fat,DRB25,Soft Drinks,2022,OUT018,Tier 3,Medium,Supermarket Type2,0.116261335,18.35,191.95,4,1,16.51021812
Low Fat,DRF13,Soft Drinks,2022,OUT018,Tier 3,Medium,Supermarket Type2,0.053589594,12.8,108.994,4,1,20.33865007
Low Fat,DRG36,Soft Drinks,2022,OUT018,Tier 3,Medium,Supermarket Type2,0.095298849,17.75,35.1216,4,1,3.685417019
Low Fat,DRF49,Soft Drinks,2022,OUT018,Tier 3,Medium,Supermarket Type2,0.071077939,12.85,157.763,4,1,22.19577582
Regular,DRL01,Soft Drinks,2022,OUT018,Tier 3,Medium,Supermarket Type2,0.077608838,6.96,92.3146,4,1,11.89485661
Low Fat,DRJ13,Soft Drinks,2022,OUT018,Tier 3,Medium,Supermarket Type2,0.062837968,9.6,168.016,4,1,26.73797472
Low Fat,DRI37,Soft Drinks,2022,OUT018,Tier 3,Medium,Supermarket Type2,0.107765165,5.635,149.905,4,1,13.91033921
Low Fat,DRG01,Soft Drinks,2022,OUT018,Tier 3,Medium,Supermarket Type2,0.044869794,6.15,100.538,4,1,22.40661056
Low Fat,DRH13,Soft Drinks,2022,OUT018,Tier 3,Medium,Supermarket Type2,0.023983258,6.445,95.4436,4,1,39.79592764
Low Fat,DRE25,Soft Drinks,2022,OUT018,Tier 3,Medium,Supermarket Type2,0.073269336,7.75,93.1436,4,1,12.71249408
Low Fat,DRC12,Soft Drinks,2022,OUT018,Tier 3,Medium,Supermarket Type2,0.038040837,7.975,84.725,4,1,22.27211772
Low Fat,DRD60,Soft Drinks,2022,OUT018,Tier 3,Medium,Supermarket Type2,0.065188619,10.395,116.318,4,1,17.84329869
Low Fat,DRM48,Soft Drinks,2022,OUT018,Tier 3,Medium,Supermarket Type2,0.113125627,12,124.539,4,1,11.00891136
Low Fat,DRD37,Soft Drinks,2022,OUT018,Tier 3,Medium,Supermarket Type2,0.013863257,13.3,120.412,4,1,86.85693412
Low Fat,DRL49,Soft Drinks,2022,OUT018,Tier 3,Medium,Supermarket Type2,0.056516756,14,103.133,4,1,18.24821651
Low Fat,DRM48,Soft Drinks,2022,OUT018,Tier 3,Medium,Supermarket Type2,0.113072194,14.3,76.7328,4,1,6.786177688
Regular,DRY23,Soft Drinks,2022,OUT018,Tier 3,Medium,Supermarket Type2,0.109265987,14.35,80.096,4,1,7.330368965
Low Fat,DRF01,Soft Drinks,2022,OUT018,Tier 3,Medium,Supermarket Type2,0.306542848,15.7,250.572,4,1,8.174126444
Low Fat,DRL60,Soft Drinks,2022,OUT018,Tier 3,Medium,Supermarket Type2,0.047377447,10.195,35.3558,4,1,7.462580244
Low Fat,DRD12,Soft Drinks,2022,OUT018,Tier 3,Medium,Supermarket Type2,0.077193561,17.1,84.9566,4,1,11.00565888
Low Fat,DRE01,Soft Drinks,2022,OUT018,Tier 3,Medium,Supermarket Type2,0.167155198,6.425,116.581,4,1,6.974416674
Low Fat,DRF36,Soft Drinks,2022,OUT018,Tier 3,Medium,Supermarket Type2,0.023577298,6.465,263.188,4,1,111.6277192
Regular,DRA59,Soft Drinks,2022,OUT018,Tier 3,Medium,Supermarket Type2,0.127927931,7,106.628,4,1,8.335005434
Low Fat,DRK12,Soft Drinks,2022,OUT018,Tier 3,Medium,Supermarket Type2,0.042123243,7.405,92.7146,4,1,22.01031863
Low Fat,DRE48,Soft Drinks,2022,OUT018,Tier 3,Medium,Supermarket Type2,0.017360867,7.5,122.407,4,1,70.50742339
Low Fat,DRK12,Soft Drinks,2022,OUT018,Tier 3,Medium,Supermarket Type2,0.041971264,7.725,249.509,4,1,59.44757823
Low Fat,DRD37,Soft Drinks,2022,OUT018,Tier 3,Medium,Supermarket Type2,0.013920032,7.96,161.889,4,1,116.2993016
Low Fat,DRK13,Soft Drinks,2022,OUT018,Tier 3,Medium,Supermarket Type2,0.115819014,8.71,47.2376,4,1,4.078570381
Low Fat,DRF13,Soft Drinks,2022,OUT018,Tier 3,Medium,Supermarket Type2,0.029949818,9,79.6644,4,1,26.59929352
Low Fat,DRB25,Soft Drinks,2022,OUT018,Tier 3,Medium,Supermarket Type2,0.069852615,14.1,140.15,4,1,20.06367263
Low Fat,DRJ13,Soft Drinks,2022,OUT018,Tier 3,Medium,Supermarket Type2,0.063246037,15.2,218.482,4,1,34.54477314
Low Fat,DRG13,Soft Drinks,2022,OUT018,Tier 3,Medium,Supermarket Type2,0.037396492,15.85,37.4506,4,1,10.01446874
Low Fat,DRJ13,Soft Drinks,2022,OUT018,Tier 3,Medium,Supermarket Type2,0.062878412,18,157.397,4,1,25.03196169
Low Fat,DRI49,Soft Drinks,2022,OUT018,Tier 3,Medium,Supermarket Type2,0.183472595,18.85,167.613,4,1,9.135587797
Low Fat,DRH25,Soft Drinks,2022,OUT018,Tier 3,Medium,Supermarket Type2,0.053589594,6.03,178.103,4,1,33.23462387
Regular,DRB13,Soft Drinks,2022,OUT018,Tier 3,Medium,Supermarket Type2,0.007043008,6.42,178.3,4,1,253.1588776
Low Fat,DRN37,Soft Drinks,2022,OUT018,Tier 3,Medium,Supermarket Type2,0.09627919,7.405,206.63,4,1,21.46154325
Low Fat,DRD37,Soft Drinks,2022,OUT018,Tier 3,Medium,Supermarket Type2,0.013830218,8.775,42.7428,4,1,30.90536968
Low Fat,DRG01,Soft Drinks,2022,OUT018,Tier 3,Medium,Supermarket Type2,0.044840933,13.35,77.5012,4,1,17.28358328
Regular,DRB13,Soft Drinks,2022,OUT018,Tier 3,Medium,Supermarket Type2,0.007038478,14.5,154.3,4,1,219.223531
Regular,DRZ11,Soft Drinks,2022,OUT018,Tier 3,Medium,Supermarket Type2,0.112571187,16.7,216.885,4,1,19.26647535
Regular,DRL01,Soft Drinks,2022,OUT018,Tier 3,Medium,Supermarket Type2,0.077108099,18.1,158.929,4,1,20.61119416
Low Fat,DRD25,Soft Drinks,2022,OUT018,Tier 3,Medium,Supermarket Type2,0.079293753,5.48,82.225,4,1,10.36966935
Low Fat,DRG49,Soft Drinks,2022,OUT018,Tier 3,Medium,Supermarket Type2,0.067730081,7.56,154.463,4,1,22.80567183
Low Fat,DRE48,Soft Drinks,2022,OUT018,Tier 3,Medium,Supermarket Type2,0.017396308,8.895,210.395,4,1,120.9423287
Low Fat,DRI49,Soft Drinks,2022,OUT018,Tier 3,Medium,Supermarket Type2,0.184254826,16.6,53.5614,4,1,2.906919789
Low Fat,DRD13,Soft Drinks,2022,OUT018,Tier 3,Medium,Supermarket Type2,0.049279392,17.7,96.541,4,1,19.59054203
Low Fat,DRI37,Soft Drinks,2022,OUT018,Tier 3,Medium,Supermarket Type2,0.108036187,18,116.512,4,1,10.78453463
Low Fat,DRG13,Soft Drinks,2022,OUT018,Tier 3,Medium,Supermarket Type2,0.037337632,18.25,194.345,4,1,52.05070316
Regular,DRC13,Soft Drinks,2022,OUT018,Tier 3,Medium,Supermarket Type2,0.032573725,6.36,47.506,4,1,14.58414719
Low Fat,DRJ01,Soft Drinks,2022,OUT018,Tier 3,Medium,Supermarket Type2,0.115500999,6.59,83.9908,4,1,7.271867839
Low Fat,DRD25,Soft Drinks,2022,OUT018,Tier 3,Medium,Supermarket Type2,0.078589629,6.78,186.424,4,1,23.72119609
Low Fat,DRE25,Soft Drinks,2022,OUT018,Tier 3,Medium,Supermarket Type2,0.072928316,7.35,39.9454,4,1,5.477351212
Low Fat,DRF36,Soft Drinks,2022,OUT018,Tier 3,Medium,Supermarket Type2,0.023463124,8.185,48.4692,4,1,20.65760723
Low Fat,DRG13,Soft Drinks,2022,OUT018,Tier 3,Medium,Supermarket Type2,0.037006076,8.3,36.6506,4,1,9.90394118
Low Fat,DRK13,Soft Drinks,2022,OUT018,Tier 3,Medium,Supermarket Type2,0.114609875,9.3,90.4172,4,1,7.889128227
Regular,DRZ11,Soft Drinks,2022,OUT018,Tier 3,Medium,Supermarket Type2,0.112119359,10.895,194.179,4,1,17.31895381
Low Fat,DRJ13,Soft Drinks,2022,OUT018,Tier 3,Medium,Supermarket Type2,0.063017847,11.8,45.2402,4,1,7.178950433
Low Fat,DRI49,Soft Drinks,2022,OUT018,Tier 3,Medium,Supermarket Type2,0.183507295,12.1,106.528,4,1,5.805109819
Low Fat,DRK12,Soft Drinks,2022,OUT018,Tier 3,Medium,Supermarket Type2,0.053589594,12.5,103.099,4,1,19.23862308
Low Fat,DRK49,Soft Drinks,2022,OUT018,Tier 3,Medium,Supermarket Type2,0.035999599,12.8,97.241,4,1,27.01168977
Low Fat,DRE25,Soft Drinks,2022,OUT018,Tier 3,Medium,Supermarket Type2,0.073397129,12.85,233.864,4,1,31.86282668
Low Fat,DRF25,Soft Drinks,2022,OUT018,Tier 3,Medium,Supermarket Type2,0.068153091,14.1,88.6198,4,1,13.00304927
Low Fat,DRF49,Soft Drinks,2022,OUT018,Tier 3,Medium,Supermarket Type2,0.124448295,16.25,123.905,4,1,9.956343717
Low Fat,DRH37,Soft Drinks,2022,OUT018,Tier 3,Medium,Supermarket Type2,0.072864869,16.6,116.447,4,1,15.98122684
Low Fat,DRZ24,Soft Drinks,2022,OUT018,Tier 3,Medium,Supermarket Type2,0.081787519,16.75,258.399,4,1,31.59394039
Low Fat,DRZ24,Soft Drinks,2022,OUT018,Tier 3,Medium,Supermarket Type2,0.053589594,18.2,37.719,4,1,7.038493331
Low Fat,DRL37,Soft Drinks,2022,OUT018,Tier 3,Medium,Supermarket Type2,0.053480419,20.6,93.3778,4,1,17.46018482
Low Fat,DRH25,Soft Drinks,2022,OUT018,Tier 3,Medium,Supermarket Type2,0.014622625,6.385,109.06,4,1,74.58305195
Low Fat,DRM37,Soft Drinks,2022,OUT018,Tier 3,Medium,Supermarket Type2,0.096943078,8.26,116.083,4,1,11.97434643
Regular,DRM49,Soft Drinks,2022,OUT018,Tier 3,Medium,Supermarket Type2,0.152262171,9.3,192.385,4,1,12.63511473
Regular,DRM49,Soft Drinks,2022,OUT018,Tier 3,Medium,Supermarket Type2,0.152813518,9.5,188.487,4,1,12.33444544
Low Fat,DRG36,Soft Drinks,2022,OUT018,Tier 3,Medium,Supermarket Type2,0.09557165,10.195,113.986,4,1,11.92675862
Low Fat,DRG25,Soft Drinks,2022,OUT018,Tier 3,Medium,Supermarket Type2,0.019046089,18.85,161.858,4,1,84.98227641
Low Fat,DRN37,Soft Drinks,2022,OUT018,Tier 3,Medium,Supermarket Type2,0.161182103,5.175,33.2874,4,1,2.065204472
Low Fat,DRB01,Soft Drinks,2022,OUT018,Tier 3,Medium,Supermarket Type2,0.082170947,5.32,100.967,4,1,12.28743293
Low Fat,DRI01,Soft Drinks,2022,OUT018,Tier 3,Medium,Supermarket Type2,0.034424278,5.51,98.9726,4,1,28.7508136
Low Fat,DRH49,Soft Drinks,2022,OUT018,Tier 3,Medium,Supermarket Type2,0.024635077,7.39,140.781,4,1,57.14656382
Low Fat,DRF01,Soft Drinks,2022,OUT018,Tier 3,Medium,Supermarket Type2,0.175793413,7.565,58.393,4,1,3.321683048
Low Fat,DRF60,Soft Drinks,2022,OUT018,Tier 3,Medium,Supermarket Type2,0.053589594,7.68,85.2224,4,1,15.90278889
Low Fat,DRF13,Soft Drinks,2022,OUT018,Tier 3,Medium,Supermarket Type2,0.029902679,7.93,45.9086,4,1,15.35267124
Low Fat,DRL37,Soft Drinks,2022,OUT018,Tier 3,Medium,Supermarket Type2,0.053589594,8.235,182.195,4,1,33.99820495
Low Fat,DRI25,Soft Drinks,2022,OUT018,Tier 3,Medium,Supermarket Type2,0.033737273,10.1,198.608,4,1,58.8690141
Low Fat,DRJ37,Soft Drinks,2022,OUT018,Tier 3,Medium,Supermarket Type2,0.060805497,11.395,49.4034,4,1,8.124824636
Regular,DRZ11,Soft Drinks,2022,OUT018,Tier 3,Medium,Supermarket Type2,0.113123893,12.15,36.6506,4,1,3.239863748
Low Fat,DRM37,Soft Drinks,2022,OUT018,Tier 3,Medium,Supermarket Type2,0.161350176,13.65,55.093,4,1,3.41449891
Low Fat,DRK12,Soft Drinks,2022,OUT018,Tier 3,Medium,Supermarket Type2,0.041951439,14,129.531,4,1,30.87641404
Low Fat,DRF36,Soft Drinks,2022,OUT018,Tier 3,Medium,Supermarket Type2,0.023613955,18.75,105.728,4,1,44.77352481
Regular,DRL01,Soft Drinks,2022,OUT018,Tier 3,Medium,Supermarket Type2,0.077292302,19,211.924,4,1,27.41851317
Low Fat,DRK49,Soft Drinks,2022,OUT018,Tier 3,Medium,Supermarket Type2,0.035943717,19.6,44.477,4,1,12.37406805
Low Fat,DRH36,Soft Drinks,2022,OUT018,Tier 3,Medium,Supermarket Type2,0.03338006,19.6,150.302,4,1,45.02748048
Low Fat,DRC25,Soft Drinks,2022,OUT018,Tier 3,Medium,Supermarket Type2,0.045463871,20,111.054,4,1,24.42686853
Regular,DRD01,Soft Drinks,2022,OUT018,Tier 3,Medium,Supermarket Type2,0.061521569,20.1,63.0536,4,1,10.2490234
Low Fat,DRH36,Soft Drinks,2022,OUT018,Tier 3,Medium,Supermarket Type2,0.033373748,5.11,164.721,4,1,49.35645826
Low Fat,DRK37,Soft Drinks,2022,OUT018,Tier 3,Medium,Supermarket Type2,0.053589594,6.235,263.791,4,1,49.2242953
Low Fat,DRF25,Soft Drinks,2022,OUT018,Tier 3,Medium,Supermarket Type2,0.038892859,7.285,176.005,4,1,45.25380867
Low Fat,DRG37,Soft Drinks,2022,OUT018,Tier 3,Medium,Supermarket Type2,0.019362306,7.39,251.307,4,1,129.791875
Regular,DRA59,Soft Drinks,2022,OUT018,Tier 3,Medium,Supermarket Type2,0.127821472,7.67,35.7216,4,1,2.794647835
Low Fat,DRF36,Soft Drinks,2022,OUT018,Tier 3,Medium,Supermarket Type2,0.023673342,8.18,143.115,4,1,60.45407531
Low Fat,DRC25,Soft Drinks,2022,OUT018,Tier 3,Medium,Supermarket Type2,0.053589594,8.42,217.419,4,1,40.57112282
Low Fat,DRD12,Soft Drinks,2022,OUT018,Tier 3,Medium,Supermarket Type2,0.053589594,8.695,94.8094,4,1,17.6917556
Low Fat,DRG48,Soft Drinks,2022,OUT018,Tier 3,Medium,Supermarket Type2,0.014484582,8.88,208.527,4,1,143.9648034
Regular,DRL01,Soft Drinks,2022,OUT018,Tier 3,Medium,Supermarket Type2,0.076798609,9.3,246.18,4,1,32.05526808
Low Fat,DRK49,Soft Drinks,2022,OUT018,Tier 3,Medium,Supermarket Type2,0.035913805,11.3,192.048,4,1,53.47470144
Low Fat,DRI01,Soft Drinks,2022,OUT018,Tier 3,Medium,Supermarket Type2,0.034452949,12.1,170.911,4,1,49.60707427
Low Fat,DRH49,Soft Drinks,2022,OUT018,Tier 3,Medium,Supermarket Type2,0.043168763,12.65,108.094,4,1,25.03986505
Low Fat,DRD49,Soft Drinks,2022,OUT018,Tier 3,Medium,Supermarket Type2,0.167831064,14.15,196.811,4,1,11.72673254
Low Fat,DRE48,Soft Drinks,2022,OUT018,Tier 3,Medium,Supermarket Type2,0.01732573,14.65,163.455,4,1,94.34234517
Low Fat,DRC49,Soft Drinks,2022,OUT018,Tier 3,Medium,Supermarket Type2,0.065436581,15.3,101.833,4,1,15.56209057
Low Fat,DRK13,Soft Drinks,2022,OUT018,Tier 3,Medium,Supermarket Type2,0.115167579,15.35,124.573,4,1,10.81667263
Low Fat,DRE25,Soft Drinks,2022,OUT018,Tier 3,Medium,Supermarket Type2,0.073283193,15.85,41.6112,4,1,5.678136868
Low Fat,DRG37,Soft Drinks,2022,OUT018,Tier 3,Medium,Supermarket Type2,0.019378432,16,231.367,4,1,119.3940769
Regular,DRC01,Soft Drinks,2022,OUT018,Tier 3,Medium,Supermarket Type2,0.019201403,16.35,256.465,4,1,133.5657608
Low Fat,DRF25,Soft Drinks,2022,OUT018,Tier 3,Medium,Supermarket Type2,0.039004193,16.7,248.478,4,1,63.70545854
Low Fat,DRJ24,Soft Drinks,2022,OUT018,Tier 3,Medium,Supermarket Type2,0.113559058,17.1,114.686,4,1,10.09923841
Low Fat,DRN36,Soft Drinks,2022,OUT018,Tier 3,Medium,Supermarket Type2,0.050279604,18.2,220.546,4,1,43.86390951
Low Fat,DRJ49,Soft Drinks,2022,OUT018,Tier 3,Medium,Supermarket Type2,0.014072399,18.85,195.514,4,1,138.9343779
Low Fat,DRZ24,Soft Drinks,2022,OUT018,Tier 3,Medium,Supermarket Type2,0.082250143,19.1,173.142,4,1,21.05066249
Low Fat,DRK01,Soft Drinks,2022,OUT018,Tier 3,Medium,Supermarket Type2,0.061409711,19.2,129.731,4,1,21.12548616
Low Fat,DRD49,Soft Drinks,2022,OUT018,Tier 3,Medium,Supermarket Type2,0.168780385,19.6,254.77,4,1,15.09476353
Low Fat,DRK49,Soft Drinks,2022,OUT018,Tier 3,Medium,Supermarket Type2,0.036147029,19.85,48.6376,4,1,13.45549035
Regular,DRC01,Soft Drinks,2022,OUT018,Tier 3,Medium,Supermarket Type2,0.019308607,20.25,245.046,4,1,126.9102427
Regular,DRZ11,Soft Drinks,2022,OUT018,Tier 3,Medium,Supermarket Type2,0.113302223,20.35,76.2328,4,1,6.728270459
Low Fat,DRJ01,Soft Drinks,2022,OUT018,Tier 3,Medium,Supermarket Type2,0.115010655,20.7,74.3354,4,1,6.463348983
Regular,DRA24,Soft Drinks,2022,OUT018,Tier 3,Medium,Supermarket Type2,0.039920687,6.32,39.9822,4,1,10.0154088
Low Fat,DRD37,Soft Drinks,2022,OUT018,Tier 3,Medium,Supermarket Type2,0.02316823,14.8,191.485,4,1,82.64981831
Low Fat,DRF36,Soft Drinks,2022,OUT018,Tier 3,Medium,Supermarket Type2,0.039463564,17.2,160.658,4,1,40.71046396
Regular,DRB13,Soft Drinks,2022,OUT018,Tier 3,Medium,Supermarket Type2,0.01179078,19.35,172.074,4,1,145.9394544
Regular,DRB48,Soft Drinks,2022,OUT018,Tier 3,Medium,Supermarket Type2,0.041599644,21.25,181.761,4,1,43.69292199
Low Fat,DRE13,Soft Drinks,2022,OUT018,Tier 3,Medium,Supermarket Type2,0.027682047,6.095,140.315,4,1,50.68808676
Low Fat,DRE60,Soft Drinks,2022,OUT018,Tier 3,Medium,Supermarket Type2,0.159201868,10.65,166.153,4,1,10.43662377
Low Fat,DRH25,Soft Drinks,2022,OUT018,Tier 3,Medium,Supermarket Type2,0.014580886,14.5,162.421,4,1,111.3930937
Regular,DRC36,Soft Drinks,2022,OUT018,Tier 3,Medium,Supermarket Type2,0.053589594,17.75,178.566,4,1,33.32102124
Regular,DRA24,Soft Drinks,2022,OUT018,Tier 3,Medium,Supermarket Type2,0.039895009,17.75,108.691,4,1,27.24426005
Low Fat,DRE37,Soft Drinks,2022,OUT018,Tier 3,Medium,Supermarket Type2,0.094603404,18.5,130.928,4,1,13.83967114
Low Fat,DRI13,Soft Drinks,2022,OUT018,Tier 3,Medium,Supermarket Type2,0.020409765,6.675,92.9462,4,1,45.54006379
Low Fat,DRC49,Soft Drinks,2022,OUT018,Tier 3,Medium,Supermarket Type2,0.065119701,7.485,112.123,4,1,17.21798446
Low Fat,DRM48,Soft Drinks,2022,OUT018,Tier 3,Medium,Supermarket Type2,0.112349962,7.76,99.67,4,1,8.871387068
Low Fat,DRZ24,Soft Drinks,2022,OUT018,Tier 3,Medium,Supermarket Type2,0.053589594,11.35,51.5008,4,1,9.610223955
Regular,DRA59,Soft Drinks,2022,OUT018,Tier 3,Medium,Supermarket Type2,0.127308434,12.1,149.573,4,1,11.74886811
Low Fat,DRH01,Soft Drinks,2022,OUT018,Tier 3,Medium,Supermarket Type2,0.097904029,12.85,45.9428,4,1,4.692636296
Low Fat,DRF36,Soft Drinks,2022,OUT018,Tier 3,Medium,Supermarket Type2,0.023625114,12.85,171.642,4,1,72.65234784
Low Fat,DRL37,Soft Drinks,2022,OUT018,Tier 3,Medium,Supermarket Type2,0.053362086,13.35,238.756,4,1,44.74262869
Low Fat,DRZ24,Soft Drinks,2022,OUT018,Tier 3,Medium,Supermarket Type2,0.081914677,15,229.369,4,1,28.00096496
Low Fat,DRD60,Soft Drinks,2022,OUT018,Tier 3,Medium,Supermarket Type2,0.037289996,15,46.4744,4,1,12.46296728
Low Fat,DRM37,Soft Drinks,2022,OUT018,Tier 3,Medium,Supermarket Type2,0.168780127,17.5,103.699,4,1,6.14402903
Low Fat,DRD60,Soft Drinks,2022,OUT018,Tier 3,Medium,Supermarket Type2,0.03723211,17.7,166.482,4,1,44.71462939
Low Fat,DRF01,Soft Drinks,2022,OUT018,Tier 3,Medium,Supermarket Type2,0.176070535,17.85,120.907,4,1,6.866963856
Low Fat,DRD25,Soft Drinks,2022,OUT018,Tier 3,Medium,Supermarket Type2,0.079132212,18.25,258.496,4,1,32.66634326
Low Fat,DRL60,Soft Drinks,2022,OUT018,Tier 3,Medium,Supermarket Type2,0.027114238,18.75,192.55,4,1,71.01435047
Low Fat,DRJ25,Soft Drinks,2022,OUT018,Tier 3,Medium,Supermarket Type2,0.150872868,19,130.863,4,1,8.673726544
Low Fat,DRH01,Soft Drinks,2022,OUT018,Tier 3,Medium,Supermarket Type2,0.098102581,20.75,161.358,4,1,16.4478853
Regular,DRC36,Soft Drinks,2022,OUT018,Tier 3,Medium,Supermarket Type2,0.045239326,21,195.348,4,1,43.18101468
Low Fat,DRG37,Soft Drinks,2022,OUT018,Tier 3,Medium,Supermarket Type2,0.019374768,6.865,128.965,4,1,66.56337769
Low Fat,DRF37,Soft Drinks,2022,OUT018,Tier 3,Medium,Supermarket Type2,0.084316691,7.27,111.852,4,1,13.26570086
Low Fat,DRJ01,Soft Drinks,2022,OUT018,Tier 3,Medium,Supermarket Type2,0.192540665,9.5,31.89,4,1,1.656273494
Low Fat,DRE49,Soft Drinks,2022,OUT018,Tier 3,Medium,Supermarket Type2,0.035568147,12.3,106.294,4,1,29.88460433
Low Fat,DRD24,Soft Drinks,2022,OUT018,Tier 3,Medium,Supermarket Type2,0.030769458,16.2,153.997,4,1,50.04865539
Low Fat,DRK13,Soft Drinks,2022,OUT018,Tier 3,Medium,Supermarket Type2,0.115636723,17.85,153.5,4,1,13.27432982
Low Fat,DRM37,Soft Drinks,2022,OUT018,Tier 3,Medium,Supermarket Type2,0.096790497,20.75,153.602,4,1,15.86953314
Regular,DRD01,Soft Drinks,2022,OUT018,Tier 3,Medium,Supermarket Type2,0.061424738,12.15,34.3532,4,1,5.592730408
Low Fat,DRE49,Soft Drinks,2022,OUT018,Tier 3,Medium,Supermarket Type2,0.053589594,15.85,39.4164,4,1,7.355233928
Regular,DRA24,Soft Drinks,2022,OUT018,Tier 3,Medium,Supermarket Type2,0.039734882,6.215,226.606,4,1,57.0294886
Low Fat,DRD49,Soft Drinks,2022,OUT018,Tier 3,Medium,Supermarket Type2,0.167799329,6.635,120.31,4,1,7.169873725
Low Fat,DRJ25,Soft Drinks,2022,OUT018,Tier 3,Medium,Supermarket Type2,0.150801606,7.52,182.995,4,1,12.13481772
Low Fat,DRG37,Soft Drinks,2022,OUT018,Tier 3,Medium,Supermarket Type2,0.033929133,9.695,224.04,4,1,66.03174918
Low Fat,DRE12,Soft Drinks,2022,OUT018,Tier 3,Medium,Supermarket Type2,0.070780558,10.3,174.442,4,1,24.64546832
Regular,DRM49,Soft Drinks,2022,OUT018,Tier 3,Medium,Supermarket Type2,0.151925271,10.5,164.121,4,1,10.80274525
Low Fat,DRA12,Soft Drinks,2022,OUT018,Tier 3,Medium,Supermarket Type2,0.041112694,11.15,104.465,4,1,25.40942707
Low Fat,DRH49,Soft Drinks,2022,OUT018,Tier 3,Medium,Supermarket Type2,0.024756031,12.35,78.6328,4,1,31.76308836
Regular,DRB48,Soft Drinks,2022,OUT018,Tier 3,Medium,Supermarket Type2,0.024832806,12.6,173.276,4,1,69.77705218
Regular,DRB13,Soft Drinks,2022,OUT018,Tier 3,Medium,Supermarket Type2,0.007055292,16,181.963,4,1,257.909949
Low Fat,DRH13,Soft Drinks,2022,OUT018,Tier 3,Medium,Supermarket Type2,0.041821227,17.75,186.924,4,1,44.69596265
Low Fat,DRI13,Soft Drinks,2022,OUT018,Tier 3,Medium,Supermarket Type2,0.020326962,9,55.2614,4,1,27.18625636
Low Fat,DRL49,Soft Drinks,2022,OUT018,Tier 3,Medium,Supermarket Type2,0.05674821,17.25,41.748,4,1,7.356707815
Low Fat,DRE12,Soft Drinks,2022,OUT018,Tier 3,Medium,Supermarket Type2,0.070721656,21.1,129.799,4,1,18.35350122
Low Fat,DRJ49,Soft Drinks,2022,OUT018,Tier 3,Medium,Supermarket Type2,0.053589594,5.405,198.674,4,1,37.07324224
Regular,DRM49,Soft Drinks,2022,OUT018,Tier 3,Medium,Supermarket Type2,0.151827552,6.885,112.123,4,1,7.384891512
Low Fat,DRI01,Soft Drinks,2022,OUT018,Tier 3,Medium,Supermarket Type2,0.034286109,7.27,90.2488,4,1,26.32226363
Regular,DRC01,Soft Drinks,2022,OUT018,Tier 3,Medium,Supermarket Type2,0.019107027,8.42,227.835,4,1,119.2414707
Regular,DRB48,Soft Drinks,2022,OUT018,Tier 3,Medium,Supermarket Type2,0.053589594,9.895,117.849,4,1,21.99102311
Low Fat,DRE49,Soft Drinks,2022,OUT018,Tier 3,Medium,Supermarket Type2,0.021293097,13.8,88.5172,4,1,41.57084336
Low Fat,DRF60,Soft Drinks,2022,OUT018,Tier 3,Medium,Supermarket Type2,0.052174319,16.5,101.999,4,1,19.54965622
Low Fat,DRG13,Soft Drinks,2022,OUT018,Tier 3,Medium,Supermarket Type2,0.03717912,17,265.188,4,1,71.327132
Low Fat,DRA12,Soft Drinks,2022,OUT018,Tier 3,Medium,Supermarket Type2,0.068535039,19.7,253.101,4,1,36.93016064
Low Fat,DRJ24,Soft Drinks,2022,OUT018,Tier 3,Medium,Supermarket Type2,0.113790879,6.75,95.6752,4,1,8.407984967
Low Fat,DRE49,Soft Drinks,2022,OUT018,Tier 3,Medium,Supermarket Type2,0.021370201,8.945,261.391,4,1,122.3156488
Low Fat,DRD13,Soft Drinks,2022,OUT018,Tier 3,Medium,Supermarket Type2,0.049155769,11.5,84.954,4,1,17.28261031
Regular,DRA24,Soft Drinks,2022,OUT018,Tier 3,Medium,Supermarket Type2,0.069909188,11.6,240.822,4,1,34.44783252
Low Fat,DRH36,Soft Drinks,2022,OUT018,Tier 3,Medium,Supermarket Type2,0.033447756,13.65,186.024,4,1,55.61628708
Low Fat,DRF37,Soft Drinks,2022,OUT018,Tier 3,Medium,Supermarket Type2,0.053589594,14,143.979,4,1,26.86696973
Low Fat,DRJ37,Soft Drinks,2022,OUT018,Tier 3,Medium,Supermarket Type2,0.061446997,16.1,179.432,4,1,29.20110156
Regular,DRZ11,Soft Drinks,2022,OUT018,Tier 3,Medium,Supermarket Type2,0.112893431,16.7,118.678,4,1,10.51239199
Low Fat,DRC49,Soft Drinks,2022,OUT018,Tier 3,Medium,Supermarket Type2,0.065424208,18.25,155.863,4,1,23.82344468
Low Fat,DRD25,Soft Drinks,2022,OUT018,Tier 3,Medium,Supermarket Type2,0.132183029,20.25,196.179,4,1,14.84146652
Low Fat,DRJ24,Soft Drinks,2022,OUT018,Tier 3,Medium,Supermarket Type2,0.189689886,5.88,101.799,4,1,5.366601359
Low Fat,DRF37,Soft Drinks,2022,OUT018,Tier 3,Medium,Supermarket Type2,0.084262458,8.18,57.3588,4,1,6.807159601
Low Fat,DRG01,Soft Drinks,2022,OUT018,Tier 3,Medium,Supermarket Type2,0.044660955,10.195,139.584,4,1,31.25414582
Low Fat,DRH01,Soft Drinks,2022,OUT018,Tier 3,Medium,Supermarket Type2,0.097429924,11.5,99.3358,4,1,10.19561506
Regular,DRZ11,Soft Drinks,2022,OUT018,Tier 3,Medium,Supermarket Type2,0.112840108,11.5,194.682,4,1,17.25290798
Low Fat,DRH01,Soft Drinks,2022,OUT018,Tier 3,Medium,Supermarket Type2,0.098457814,11.6,79.2276,4,1,8.04685751
Low Fat,DRB24,Soft Drinks,2022,OUT018,Tier 3,Medium,Supermarket Type2,0.020573334,11.6,170.311,4,1,82.78240172
Low Fat,DRE49,Soft Drinks,2022,OUT018,Tier 3,Medium,Supermarket Type2,0.053589594,11.8,180.434,4,1,33.66959638
Low Fat,DRH36,Soft Drinks,2022,OUT018,Tier 3,Medium,Supermarket Type2,0.053589594,13.1,198.777,4,1,37.09246239
Low Fat,DRE60,Soft Drinks,2022,OUT018,Tier 3,Medium,Supermarket Type2,0.278974075,13.65,259.794,4,1,9.312478229
Low Fat,DRE12,Soft Drinks,2022,OUT018,Tier 3,Medium,Supermarket Type2,0.0704378,14,143.981,4,1,20.44087124
Low Fat,DRJ24,Soft Drinks,2022,OUT018,Tier 3,Medium,Supermarket Type2,0.198424841,15.15,147.976,4,1,7.457534009
Low Fat,DRD25,Soft Drinks,2022,OUT018,Tier 3,Medium,Supermarket Type2,0.053589594,15.5,50.9692,4,1,9.511025592
Low Fat,DRG36,Soft Drinks,2022,OUT018,Tier 3,Medium,Supermarket Type2,0.095360186,15.85,36.7506,4,1,3.853872517
Low Fat,DRC25,Soft Drinks,2022,OUT018,Tier 3,Medium,Supermarket Type2,0.075943184,16.1,127.036,4,1,16.72776849
Low Fat,DRI25,Soft Drinks,2022,OUT018,Tier 3,Medium,Supermarket Type2,0.056744064,16.1,33.6558,4,1,5.931157839
Low Fat,DRF60,Soft Drinks,2022,OUT018,Tier 3,Medium,Supermarket Type2,0.052149675,17.7,162.721,4,1,31.20268727
Low Fat,DRI49,Soft Drinks,2022,OUT018,Tier 3,Medium,Supermarket Type2,0.183879453,18.5,146.842,4,1,7.985775333
Low Fat,DRK37,Soft Drinks,2022,OUT018,Tier 3,Medium,Supermarket Type2,0.044004675,19.6,49.2376,4,1,11.18917479
Low Fat,DRL60,Soft Drinks,2022,OUT018,Tier 3,Medium,Supermarket Type2,0.027169589,19.75,179.566,4,1,66.09080469
Low Fat,DRE60,Soft Drinks,2022,OUT018,Tier 3,Medium,Supermarket Type2,0.159657596,20.7,117.747,4,1,7.37497012
Low Fat,DRI37,Soft Drinks,2022,OUT018,Tier 3,Medium,Supermarket Type2,0.108206497,5.82,256.433,4,1,23.69848457
Regular,DRB48,Soft Drinks,2022,OUT018,Tier 3,Medium,Supermarket Type2,0.024994069,7.55,122.407,4,1,48.97441869
Low Fat,DRF01,Soft Drinks,2022,OUT018,Tier 3,Medium,Supermarket Type2,0.175047104,8.05,258.565,4,1,14.77116697
Low Fat,DRN36,Soft Drinks,2022,OUT018,Tier 3,Medium,Supermarket Type2,0.050168354,9.195,100.102,4,1,19.95321593
Low Fat,DRI01,Soft Drinks,2022,OUT018,Tier 3,Medium,Supermarket Type2,0.057667173,11,242.751,4,1,42.09517952
Low Fat,DRN36,Soft Drinks,2022,OUT018,Tier 3,Medium,Supermarket Type2,0.049934854,12.85,252.038,4,1,50.47336275
Low Fat,DRJ24,Soft Drinks,2022,OUT018,Tier 3,Medium,Supermarket Type2,0.113234914,14.6,109.725,4,1,9.690032528
Low Fat,DRF37,Soft Drinks,2022,OUT018,Tier 3,Medium,Supermarket Type2,0.053589594,15.35,189.75,4,1,35.40799357
Low Fat,DRF13,Soft Drinks,2022,OUT018,Tier 3,Medium,Supermarket Type2,0.029781363,16,59.1246,4,1,19.85288585
Low Fat,DRM48,Soft Drinks,2022,OUT018,Tier 3,Medium,Supermarket Type2,0.112896669,16.1,97.141,4,1,8.604416841
Low Fat,DRG37,Soft Drinks,2022,OUT018,Tier 3,Medium,Supermarket Type2,0.019417732,18.35,86.2882,4,1,44.43783651
Low Fat,DRD13,Soft Drinks,2022,OUT018,Tier 3,Medium,Supermarket Type2,0.049357077,19.2,184.595,4,1,37.39990518
Low Fat,DRD37,Soft Drinks,2022,OUT018,Tier 3,Medium,Supermarket Type2,0.013898123,20.7,123.539,4,1,88.88898163
Low Fat,DRA12,Soft Drinks,2022,OUT018,Tier 3,Medium,Supermarket Type2,0.053589594,21.1,62.2168,4,1,11.6098659
Low Fat,DRG25,Soft Drinks,2022,OUT018,Tier 3,Medium,Supermarket Type2,0.019033838,9.035,148.971,4,1,78.26640113
Low Fat,DRF37,Soft Drinks,2022,OUT018,Tier 3,Medium,Supermarket Type2,0.084676173,11.65,110.954,4,1,13.10333191
Low Fat,DRB01,Soft Drinks,2022,OUT018,Tier 3,Medium,Supermarket Type2,0.082367244,12.8,223.24,4,1,27.10300711
Low Fat,DRF01,Soft Drinks,2022,OUT018,Tier 3,Medium,Supermarket Type2,0.174934513,16.75,73.7038,4,1,4.21322235
Regular,DRY23,Soft Drinks,2022,OUT018,Tier 3,Medium,Supermarket Type2,0.109075742,17.7,101.567,4,1,9.311602941
Low Fat,DRB24,Soft Drinks,2022,OUT018,Tier 3,Medium,Supermarket Type2,0.020618957,18.7,184.229,4,1,89.34933033
Low Fat,DRI01,Soft Drinks,2022,OUT018,Tier 3,Medium,Supermarket Type2,0.053589594,19.7,104.599,4,1,19.51852817
Regular,DRC01,Soft Drinks,2022,OUT018,Tier 3,Medium,Supermarket Type2,0.019278216,5.365,173.576,4,1,90.0373769
Low Fat,DRG13,Soft Drinks,2022,OUT018,Tier 3,Medium,Supermarket Type2,0.037155206,20.75,240.188,4,1,64.64450769
Low Fat,DRF49,Soft Drinks,2022,OUT018,Tier 3,Medium,Supermarket Type2,0.071188446,6.63,55.4588,4,1,7.790421496
Low Fat,DRF25,Soft Drinks,2022,OUT018,Tier 3,Medium,Supermarket Type2,0.03898577,6.89,192.682,4,1,49.42367433
Low Fat,DRG48,Soft Drinks,2022,OUT018,Tier 3,Medium,Supermarket Type2,0.014555066,7.63,47.2402,4,1,32.45619085
Low Fat,DRL37,Soft Drinks,2022,OUT018,Tier 3,Medium,Supermarket Type2,0.053589594,7.81,165.116,4,1,30.81120562
Regular,DRB48,Soft Drinks,2022,OUT018,Tier 3,Medium,Supermarket Type2,0.024848788,8.895,121.973,4,1,49.08609627
Low Fat,DRL49,Soft Drinks,2022,OUT018,Tier 3,Medium,Supermarket Type2,0.094450618,9.6,258.13,4,1,27.32962531
Low Fat,DRC25,Soft Drinks,2022,OUT018,Tier 3,Medium,Supermarket Type2,0.045556681,10.5,210.824,4,1,46.27729575
Low Fat,DRG48,Soft Drinks,2022,OUT018,Tier 3,Medium,Supermarket Type2,0.014614357,10.5,142.015,4,1,97.17499032
Regular,DRD01,Soft Drinks,2022,OUT018,Tier 3,Medium,Supermarket Type2,0.061163967,10.695,75.2038,4,1,12.29544186
Low Fat,DRC24,Soft Drinks,2022,OUT018,Tier 3,Medium,Supermarket Type2,0.024961677,11.15,170.579,4,1,68.33635416
Low Fat,DRK01,Soft Drinks,2022,OUT018,Tier 3,Medium,Supermarket Type2,0.061313057,11.5,109.525,4,1,17.86324241
Low Fat,DRI13,Soft Drinks,2022,OUT018,Tier 3,Medium,Supermarket Type2,0.020310046,11.8,124.57,4,1,61.33417915
Low Fat,DRL49,Soft Drinks,2022,OUT018,Tier 3,Medium,Supermarket Type2,0.056429024,13.5,78.796,4,1,13.96373611
Low Fat,DRG01,Soft Drinks,2022,OUT018,Tier 3,Medium,Supermarket Type2,0.04487828,13.8,232.698,4,1,51.85091764
Low Fat,DRJ49,Soft Drinks,2022,OUT018,Tier 3,Medium,Supermarket Type2,0.013990601,14.65,52.2666,4,1,37.35836652
Low Fat,DRE37,Soft Drinks,2022,OUT018,Tier 3,Medium,Supermarket Type2,0.053589594,18.85,251.872,4,1,47.00016947
Regular,DRL01,Soft Drinks,2022,OUT018,Tier 3,Medium,Supermarket Type2,0.077157727,19.35,110.254,4,1,14.28943079
Low Fat,DRH37,Soft Drinks,2022,OUT018,Tier 3,Medium,Supermarket Type2,0.041700756,8.27,186.592,4,1,44.74547176
Low Fat,DRA12,Soft Drinks,2022,OUT018,Tier 3,Medium,Supermarket Type2,0.041177505,17.7,186.092,4,1,45.19263612
Low Fat,DRJ25,Soft Drinks,2022,OUT018,Tier 3,Medium,Supermarket Type2,0.151419185,21.2,175.774,4,1,11.60843654
Low Fat,DRK12,Soft Drinks,2022,OUT018,Tier 3,Medium,Supermarket Type2,0.041683481,16.85,93.712,4,1,22.4818076
Low Fat,DRD24,Soft Drinks,2022,OUT018,Tier 3,Medium,Supermarket Type2,0.030969274,19.25,141.15,4,1,45.57743265
Regular,DRY23,Soft Drinks,2022,OUT018,Tier 3,Medium,Supermarket Type2,0.191013663,13.3,59.7536,4,1,3.128236958
Low Fat,DRK12,Soft Drinks,2022,OUT018,Tier 3,Medium,Supermarket Type2,0.041878397,11.8,152.637,4,1,36.44767014
Low Fat,DRF49,Soft Drinks,2022,OUT018,Tier 3,Medium,Supermarket Type2,0.071222087,17.25,95.8068,4,1,13.45183833
Low Fat,DRE49,Soft Drinks,2022,OUT018,Tier 3,Medium,Supermarket Type2,0.021250002,20.6,178.034,4,1,83.780698
Regular,DRB48,Soft Drinks,2018,OUT027,Tier 3,Medium,Supermarket Type3,0.024733134,12.6,106.262,4,5,42.96341903
Low Fat,DRN36,Soft Drinks,2018,OUT027,Tier 3,Medium,Supermarket Type3,0.087854925,12.6,87.6856,4,5,9.980726749
Low Fat,DRI37,Soft Drinks,2018,OUT027,Tier 3,Medium,Supermarket Type3,0.107076832,12.6,99.7042,4,5,9.31146338
Low Fat,DRF01,Soft Drinks,2018,OUT027,Tier 3,Medium,Supermarket Type3,0.175352413,12.6,64.2168,4,5,3.662156619
Low Fat,DRH25,Soft Drinks,2018,OUT027,Tier 3,Medium,Supermarket Type3,0.014522363,12.6,264.088,4,5,181.8491936
Low Fat,DRE13,Soft Drinks,2018,OUT027,Tier 3,Medium,Supermarket Type3,0.027699863,12.6,171.245,4,5,61.8216054
Low Fat,DRB25,Soft Drinks,2018,OUT027,Tier 3,Medium,Supermarket Type3,0.069446588,12.6,168.679,4,5,24.28902627
Low Fat,DRE60,Soft Drinks,2018,OUT027,Tier 3,Medium,Supermarket Type3,0.159582185,12.6,130.197,4,5,8.158617455
Low Fat,DRG48,Soft Drinks,2018,OUT027,Tier 3,Medium,Supermarket Type3,0.014577695,12.6,62.7194,4,5,43.02422297
Low Fat,DRD25,Soft Drinks,2018,OUT027,Tier 3,Medium,Supermarket Type3,0.079094835,12.6,240.62,4,5,30.42170832
Low Fat,DRE13,Soft Drinks,2018,OUT027,Tier 3,Medium,Supermarket Type3,0.027748176,12.6,39.548,4,5,14.25246834
Low Fat,DRB24,Soft Drinks,2018,OUT027,Tier 3,Medium,Supermarket Type3,0.020609218,12.6,125.905,4,5,61.09159503
Low Fat,DRN37,Soft Drinks,2018,OUT027,Tier 3,Medium,Supermarket Type3,0.053589594,12.6,172.311,4,5,32.15381703
Low Fat,DRJ24,Soft Drinks,2018,OUT027,Tier 3,Medium,Supermarket Type3,0.11350542,12.6,198.577,4,5,17.49493548
Low Fat,DRK13,Soft Drinks,2018,OUT027,Tier 3,Medium,Supermarket Type3,0.115346634,12.6,148.608,4,5,12.88360092
Low Fat,DRF13,Soft Drinks,2018,OUT027,Tier 3,Medium,Supermarket Type3,0.029827665,12.6,234.562,4,5,78.6390755
Low Fat,DRH37,Soft Drinks,2018,OUT027,Tier 3,Medium,Supermarket Type3,0.041681059,12.6,88.183,4,5,21.15661217
Low Fat,DRC12,Soft Drinks,2018,OUT027,Tier 3,Medium,Supermarket Type3,0.037885683,12.6,120.976,4,5,31.93185141
Low Fat,DRI25,Soft Drinks,2018,OUT027,Tier 3,Medium,Supermarket Type3,0.03395415,12.6,231.601,4,5,68.20992427
Low Fat,DRE49,Soft Drinks,2018,OUT027,Tier 3,Medium,Supermarket Type3,0.02128304,12.6,78.2328,4,5,36.75828265
Regular,DRD01,Soft Drinks,2018,OUT027,Tier 3,Medium,Supermarket Type3,0.061270647,12.6,100.138,4,5,16.34355191
Regular,DRB48,Soft Drinks,2018,OUT027,Tier 3,Medium,Supermarket Type3,0.024892129,12.6,74.238,4,5,29.82388529
Regular,DRA24,Soft Drinks,2018,OUT027,Tier 3,Medium,Supermarket Type3,0.039990314,12.6,196.779,4,5,49.20666539
Low Fat,DRK49,Soft Drinks,2018,OUT027,Tier 3,Medium,Supermarket Type3,0.053589594,12.6,228.567,4,5,42.65137743
Low Fat,DRC25,Soft Drinks,2018,OUT027,Tier 3,Medium,Supermarket Type3,0.079440262,12.6,60.1194,4,5,7.567875343
Low Fat,DRD25,Soft Drinks,2018,OUT027,Tier 3,Medium,Supermarket Type3,0.138269873,12.6,192.248,4,5,13.90382415
Low Fat,DRE37,Soft Drinks,2018,OUT027,Tier 3,Medium,Supermarket Type3,0.164966345,12.6,87.4198,4,5,5.299250584
Low Fat,DRG01,Soft Drinks,2018,OUT027,Tier 3,Medium,Supermarket Type3,0.078576075,12.6,95.6778,4,5,12.17645447
Low Fat,DRH36,Soft Drinks,2018,OUT027,Tier 3,Medium,Supermarket Type3,0.058444176,12.6,179.434,4,5,30.701776
Low Fat,DRK37,Soft Drinks,2018,OUT027,Tier 3,Medium,Supermarket Type3,0.077046505,12.6,155.297,4,5,20.15626796
Regular,DRA59,Soft Drinks,2018,OUT027,Tier 3,Medium,Supermarket Type3,0.223985293,12.6,209.027,4,5,9.332175216
Regular,DRL01,Soft Drinks,2018,OUT027,Tier 3,Medium,Supermarket Type3,0.13511877,12.6,84.6908,4,5,6.267878253
Low Fat,DRC25,Soft Drinks,2018,OUT027,Tier 3,Medium,Supermarket Type3,0.045371855,12.6,104.728,4,5,23.08215082
Low Fat,DRJ01,Soft Drinks,2018,OUT027,Tier 3,Medium,Supermarket Type3,0.115032406,12.6,86.8224,4,5,7.547647052
Low Fat,DRL60,Soft Drinks,2018,OUT027,Tier 3,Medium,Supermarket Type3,0.02705936,12.6,89.7488,4,5,33.1673772
Low Fat,DRH13,Soft Drinks,2018,OUT027,Tier 3,Medium,Supermarket Type3,0.023885957,12.6,115.515,4,5,48.36105164
Low Fat,DRF25,Soft Drinks,2018,OUT027,Tier 3,Medium,Supermarket Type3,0.038925251,12.6,100.57,4,5,25.83669916
Low Fat,DRD37,Soft Drinks,2018,OUT027,Tier 3,Medium,Supermarket Type3,0.013841737,12.6,39.7138,4,5,28.69134127
Low Fat,DRJ37,Soft Drinks,2018,OUT027,Tier 3,Medium,Supermarket Type3,0.061101383,12.6,75.867,4,5,12.41657656
Low Fat,DRE37,Soft Drinks,2018,OUT027,Tier 3,Medium,Supermarket Type3,0.094219593,12.6,219.548,4,5,23.30173513
Low Fat,DRG36,Soft Drinks,2018,OUT027,Tier 3,Medium,Supermarket Type3,0.095378221,12.6,249.509,4,5,26.15995532
Low Fat,DRN36,Soft Drinks,2018,OUT027,Tier 3,Medium,Supermarket Type3,0.053589594,12.6,177.6,4,5,33.14076237
Low Fat,DRI25,Soft Drinks,2018,OUT027,Tier 3,Medium,Supermarket Type3,0.033901442,12.6,55.0956,4,5,16.25169808
Low Fat,DRH49,Soft Drinks,2018,OUT027,Tier 3,Medium,Supermarket Type3,0.024655594,12.6,180.429,4,5,73.17974168
Regular,DRY23,Soft Drinks,2018,OUT027,Tier 3,Medium,Supermarket Type3,0.109096371,12.6,109.523,4,5,10.0391057
Regular,DRC36,Soft Drinks,2018,OUT027,Tier 3,Medium,Supermarket Type3,0.044984874,12.6,179.134,4,5,39.8209407
Low Fat,DRI25,Soft Drinks,2018,OUT027,Tier 3,Medium,Supermarket Type3,0.034093203,12.6,117.578,4,5,34.48722609
Low Fat,DRG48,Soft Drinks,2018,OUT027,Tier 3,Medium,Supermarket Type3,0.014584584,12.6,107.825,4,5,73.93080255
Low Fat,DRJ01,Soft Drinks,2018,OUT027,Tier 3,Medium,Supermarket Type3,0.115265695,12.6,76.867,4,5,6.668679697
Low Fat,DRE13,Soft Drinks,2018,OUT027,Tier 3,Medium,Supermarket Type3,0.027761289,12.6,43.7454,4,5,15.75769771
Low Fat,DRJ49,Soft Drinks,2018,OUT027,Tier 3,Medium,Supermarket Type3,0.014021626,12.6,207.595,4,5,148.0534426
Low Fat,DRD12,Soft Drinks,2018,OUT027,Tier 3,Medium,Supermarket Type3,0.077350112,12.6,62.3878,4,5,8.065637966
Low Fat,DRK01,Soft Drinks,2018,OUT027,Tier 3,Medium,Supermarket Type3,0.061188147,12.6,261.291,4,5,42.70287839
Low Fat,DRH13,Soft Drinks,2018,OUT027,Tier 3,Medium,Supermarket Type3,0.023934398,12.6,248.046,4,5,103.6357798
Low Fat,DRD37,Soft Drinks,2018,OUT027,Tier 3,Medium,Supermarket Type3,0.013869809,12.6,31.9558,4,5,23.03982701
Low Fat,DRD49,Soft Drinks,2018,OUT027,Tier 3,Medium,Supermarket Type3,0.16817143,12.6,190.916,4,5,11.35246338
Low Fat,DRF13,Soft Drinks,2018,OUT027,Tier 3,Medium,Supermarket Type3,0.02984176,12.6,121.51,4,5,40.71810778
Low Fat,DRL49,Soft Drinks,2018,OUT027,Tier 3,Medium,Supermarket Type3,0.056543464,12.6,55.5588,4,5,9.825857149
Low Fat,DRD13,Soft Drinks,2018,OUT027,Tier 3,Medium,Supermarket Type3,0.049178998,12.6,93.9094,4,5,19.09542769
Low Fat,DRG49,Soft Drinks,2018,OUT027,Tier 3,Medium,Supermarket Type3,0.067836851,12.6,263.191,4,5,38.79764407
Low Fat,DRI01,Soft Drinks,2018,OUT027,Tier 3,Medium,Supermarket Type3,0.034647829,12.6,94.741,4,5,27.34399318
Low Fat,DRE48,Soft Drinks,2018,OUT027,Tier 3,Medium,Supermarket Type3,0.053589594,12.6,121.61,4,5,22.69283846
Low Fat,DRB24,Soft Drinks,2018,OUT027,Tier 3,Medium,Supermarket Type3,0.020693619,12.6,62.0168,4,5,29.96904505
Low Fat,DRE60,Soft Drinks,2018,OUT027,Tier 3,Medium,Supermarket Type3,0.160235723,12.6,248.843,4,5,15.52980792
Low Fat,DRF60,Soft Drinks,2018,OUT027,Tier 3,Medium,Supermarket Type3,0.052363244,12.6,36.719,4,5,7.012361572
Low Fat,DRJ24,Soft Drinks,2018,OUT027,Tier 3,Medium,Supermarket Type3,0.11397026,12.6,102.102,4,5,8.958652898
Low Fat,DRI13,Soft Drinks,2018,OUT027,Tier 3,Medium,Supermarket Type3,0.020441939,12.6,193.779,4,5,94.79482352
Low Fat,DRH36,Soft Drinks,2018,OUT027,Tier 3,Medium,Supermarket Type3,0.033568871,12.6,57.793,4,5,17.21624776
Low Fat,DRH37,Soft Drinks,2018,OUT027,Tier 3,Medium,Supermarket Type3,0.041851756,12.6,242.985,4,5,58.0584958
Low Fat,DRH25,Soft Drinks,2018,OUT027,Tier 3,Medium,Supermarket Type3,0.014675574,12.6,170.311,4,5,116.0506567
Regular,DRC01,Soft Drinks,2018,OUT027,Tier 3,Medium,Supermarket Type3,0.019238942,12.6,182.098,4,5,94.65073495
Regular,DRD01,Soft Drinks,2018,OUT027,Tier 3,Medium,Supermarket Type3,0.061299601,12.6,115.349,4,5,18.81725136
Regular,DRB13,Soft Drinks,2018,OUT027,Tier 3,Medium,Supermarket Type3,0.007084185,12.6,196.477,4,5,277.3459473
Regular,DRC13,Soft Drinks,2018,OUT027,Tier 3,Medium,Supermarket Type3,0.032625074,12.6,131.428,4,5,40.28435307
Regular,DRY23,Soft Drinks,2018,OUT027,Tier 3,Medium,Supermarket Type3,0.109713464,12.6,113.283,4,5,10.32535077
Regular,DRA24,Soft Drinks,2018,OUT027,Tier 3,Medium,Supermarket Type3,0.040154087,12.6,75.2328,4,5,18.73602555
Low Fat,DRE48,Soft Drinks,2018,OUT027,Tier 3,Medium,Supermarket Type3,0.017322454,12.6,91.0146,4,5,52.54140089
Low Fat,DRA12,Soft Drinks,2018,OUT027,Tier 3,Medium,Supermarket Type3,0.053589594,12.6,175.474,4,5,32.74404355
Low Fat,DRE12,Soft Drinks,2018,OUT027,Tier 3,Medium,Supermarket Type3,0.070767174,12.6,88.9198,4,5,12.56511953
Low Fat,DRD25,Soft Drinks,2018,OUT027,Tier 3,Medium,Supermarket Type3,0.078957122,12.6,161.592,4,5,20.46579155
Low Fat,DRF25,Soft Drinks,2018,OUT027,Tier 3,Medium,Supermarket Type3,0.038917891,12.6,146.473,4,5,37.63641766
Low Fat,DRJ24,Soft Drinks,2018,OUT027,Tier 3,Medium,Supermarket Type3,0.113307794,12.6,260.628,4,5,23.00177162
Low Fat,DRK49,Soft Drinks,2018,OUT027,Tier 3,Medium,Supermarket Type3,0.03593692,12.6,43.5454,4,5,12.11717643
Low Fat,DRM37,Soft Drinks,2018,OUT027,Tier 3,Medium,Supermarket Type3,0.096379585,12.6,191.216,4,5,19.83988622
Low Fat,DRH37,Soft Drinks,2018,OUT027,Tier 3,Medium,Supermarket Type3,0.041608488,12.6,227.272,4,5,54.62154741
Low Fat,DRC12,Soft Drinks,2018,OUT027,Tier 3,Medium,Supermarket Type3,0.03781972,12.6,88.4172,4,5,23.3785972
Regular,DRC36,Soft Drinks,2018,OUT027,Tier 3,Medium,Supermarket Type3,0.044976367,12.6,177.771,4,5,39.52542454
Low Fat,DRG49,Soft Drinks,2018,OUT027,Tier 3,Medium,Supermarket Type3,0.112906337,12.6,158.792,4,5,14.06404673
Low Fat,DRE01,Soft Drinks,2018,OUT027,Tier 3,Medium,Supermarket Type3,0.279783532,12.6,56.0614,4,5,2.00374195
Low Fat,DRI37,Soft Drinks,2018,OUT027,Tier 3,Medium,Supermarket Type3,0.180096791,12.6,224.609,4,5,12.47157147
Regular,DRA59,Soft Drinks,2018,OUT027,Tier 3,Medium,Supermarket Type3,0.214125129,12.6,37.7506,4,5,1.763015867
Regular,DRA24,Soft Drinks,2018,OUT027,Tier 3,Medium,Supermarket Type3,0.066831682,12.6,37.3506,4,5,5.588756542
Regular,DRL01,Soft Drinks,2018,OUT027,Tier 3,Medium,Supermarket Type3,0.129170642,12.6,100.804,4,5,7.803940465
Low Fat,DRC25,Soft Drinks,2018,OUT027,Tier 3,Medium,Supermarket Type3,0.045334098,12.6,42.177,4,5,9.30359307
Low Fat,DRD12,Soft Drinks,2018,OUT027,Tier 3,Medium,Supermarket Type3,0.077129323,12.6,129.963,4,5,16.85001177
Low Fat,DRE48,Soft Drinks,2018,OUT027,Tier 3,Medium,Supermarket Type3,0.017311312,12.6,152.602,4,5,88.15160861
Low Fat,DRH13,Soft Drinks,2018,OUT027,Tier 3,Medium,Supermarket Type3,0.023866079,12.6,235.691,4,5,98.75564394
Low Fat,DRK12,Soft Drinks,2018,OUT027,Tier 3,Medium,Supermarket Type3,0.041851461,12.6,152.071,4,5,36.33588801
Low Fat,DRN37,Soft Drinks,2018,OUT027,Tier 3,Medium,Supermarket Type3,0.096217262,12.6,199.608,4,5,20.7455498
Low Fat,DRA12,Soft Drinks,2018,OUT027,Tier 3,Medium,Supermarket Type3,0.040911824,12.6,114.049,4,5,27.87678203
Low Fat,DRB25,Soft Drinks,2018,OUT027,Tier 3,Medium,Supermarket Type3,0.069401919,12.6,56.293,4,5,8.111159001
Low Fat,DRD13,Soft Drinks,2018,OUT027,Tier 3,Medium,Supermarket Type3,0.049038621,12.6,93.7094,4,5,19.1093057
Low Fat,DRM37,Soft Drinks,2018,OUT027,Tier 3,Medium,Supermarket Type3,0.096317593,12.6,94.6436,4,5,9.826200703
Low Fat,DRD60,Soft Drinks,2018,OUT027,Tier 3,Medium,Supermarket Type3,0.037201127,12.6,182.961,4,5,49.18157453
Low Fat,DRI25,Soft Drinks,2018,OUT027,Tier 3,Medium,Supermarket Type3,0.03387323,12.6,188.621,4,5,55.68438558
Low Fat,DRE49,Soft Drinks,2018,OUT027,Tier 3,Medium,Supermarket Type3,0.021232318,12.6,156.96,4,5,73.925042
Low Fat,DRD12,Soft Drinks,2018,OUT027,Tier 3,Medium,Supermarket Type3,0.077508015,12.6,117.449,4,5,15.15314255
Low Fat,DRN37,Soft Drinks,2018,OUT027,Tier 3,Medium,Supermarket Type3,0.096689673,12.6,262.891,4,5,27.18914977
Low Fat,DRJ49,Soft Drinks,2018,OUT027,Tier 3,Medium,Supermarket Type3,0.01405025,12.6,187.89,4,5,133.7271579
Low Fat,DRF49,Soft Drinks,2018,OUT027,Tier 3,Medium,Supermarket Type3,0.07136748,12.6,103.396,4,5,14.48783115
Low Fat,DRK12,Soft Drinks,2018,OUT027,Tier 3,Medium,Supermarket Type3,0.042056944,12.6,230.267,4,5,54.75124393
Low Fat,DRB25,Soft Drinks,2018,OUT027,Tier 3,Medium,Supermarket Type3,0.069742672,12.6,163.753,4,5,23.47959941
Low Fat,DRG37,Soft Drinks,2018,OUT027,Tier 3,Medium,Supermarket Type3,0.019457372,12.6,146.379,4,5,75.23061182
Low Fat,DRC24,Soft Drinks,2018,OUT027,Tier 3,Medium,Supermarket Type3,0.02492239,12.6,33.6216,4,5,13.49051997
Low Fat,DRE49,Soft Drinks,2018,OUT027,Tier 3,Medium,Supermarket Type3,0.021336565,12.6,191.55,4,5,89.77546292
Regular,DRA59,Soft Drinks,2018,OUT027,Tier 3,Medium,Supermarket Type3,0.128449055,12.6,256.165,4,5,19.94292601
Low Fat,DRG36,Soft Drinks,2018,OUT027,Tier 3,Medium,Supermarket Type3,0.094916347,12.6,245.28,4,5,25.84170248
Low Fat,DRM37,Soft Drinks,2018,OUT027,Tier 3,Medium,Supermarket Type3,0.095931002,12.6,114.186,4,5,11.90292998
Low Fat,DRB01,Soft Drinks,2018,OUT027,Tier 3,Medium,Supermarket Type3,0.081841136,12.6,231.601,4,5,28.29884962
Low Fat,DRB25,Soft Drinks,2018,OUT027,Tier 3,Medium,Supermarket Type3,0.06912336,12.6,107.391,4,5,15.53613713
Low Fat,DRD24,Soft Drinks,2018,OUT027,Tier 3,Medium,Supermarket Type3,0.030645958,12.6,123.341,4,5,40.24706945
Low Fat,DRE48,Soft Drinks,2018,OUT027,Tier 3,Medium,Supermarket Type3,0.01724183,12.6,174.14,4,5,100.9985599
Low Fat,DRF25,Soft Drinks,2018,OUT027,Tier 3,Medium,Supermarket Type3,0.038736754,12.6,215.919,4,5,55.74008602
Low Fat,DRG49,Soft Drinks,2018,OUT027,Tier 3,Medium,Supermarket Type3,0.067128641,12.6,155.666,4,5,23.18920772
Low Fat,DRJ01,Soft Drinks,2018,OUT027,Tier 3,Medium,Supermarket Type3,0.114475357,12.6,61.3194,4,5,5.356558967
Low Fat,DRK37,Soft Drinks,2018,OUT027,Tier 3,Medium,Supermarket Type3,0.04379158,12.6,144.61,4,5,33.02232986
Low Fat,DRK49,Soft Drinks,2018,OUT027,Tier 3,Medium,Supermarket Type3,0.035769657,12.6,253.601,4,5,70.89835947
Regular,DRY23,Soft Drinks,2018,OUT027,Tier 3,Medium,Supermarket Type3,0.108568067,12.6,115.218,4,5,10.61251279
Low Fat,DRE13,Soft Drinks,2018,OUT027,Tier 3,Medium,Supermarket Type3,0.027570939,12.6,177.837,4,5,64.50161164
Regular,FDG35,Starchy Foods,2018,OUT027,Tier 3,Medium,Supermarket Type3,0.012327847,12.6,195.248,4,5,158.3796424
Regular,FDB23,Starchy Foods,2018,OUT027,Tier 3,Medium,Supermarket Type3,0.005620213,12.6,237.725,4,5,422.9821895
Regular,FDB23,Starchy Foods,2018,OUT027,Tier 3,Medium,Supermarket Type3,0.005583951,12.6,220.846,4,5,395.5013216
Regular,FDG35,Starchy Foods,2018,OUT027,Tier 3,Medium,Supermarket Type3,0.00704098,12.6,247.278,4,5,351.1982707
Regular,FDE11,Starchy Foods,2018,OUT027,Tier 3,Medium,Supermarket Type3,0.13498355,12.6,177.005,4,5,13.11307933
Regular,FDC59,Starchy Foods,2018,OUT027,Tier 3,Medium,Supermarket Type3,0.05436436,12.6,172.142,4,5,31.6644949
Regular,FDB23,Starchy Foods,2018,OUT027,Tier 3,Medium,Supermarket Type3,0.005611367,12.6,115.515,4,5,205.8589288
Regular,FDB35,Starchy Foods,2018,OUT027,Tier 3,Medium,Supermarket Type3,0.113139486,12.6,116.981,4,5,10.33953787
Low Fat,FDG47,Starchy Foods,2018,OUT027,Tier 3,Medium,Supermarket Type3,0.116527666,12.6,52.3324,4,5,4.490984999
Regular,FDG35,Starchy Foods,2018,OUT027,Tier 3,Medium,Supermarket Type3,0.007006883,12.6,125.173,4,5,178.6429144
Low Fat,FDB11,Starchy Foods,2018,OUT027,Tier 3,Medium,Supermarket Type3,0.060942632,12.6,81.7618,4,5,13.41619115
Low Fat,FDD11,Starchy Foods,2018,OUT027,Tier 3,Medium,Supermarket Type3,0.06227604,12.6,109.46,4,5,17.57658323
Regular,FDD47,Starchy Foods,2018,OUT027,Tier 3,Medium,Supermarket Type3,0.142632186,12.6,196.114,4,5,13.74963152
Regular,FDE11,Starchy Foods,2018,OUT027,Tier 3,Medium,Supermarket Type3,0.23653561,12.6,155.1,4,5,6.557152219
Low Fat,FDA22,Starchy Foods,2018,OUT027,Tier 3,Medium,Supermarket Type3,0.084452363,12.6,116.783,4,5,13.82826908
Low Fat,FDG59,Starchy Foods,2018,OUT027,Tier 3,Medium,Supermarket Type3,0.043226398,12.6,44.1428,4,5,10.21200055
Regular,FDH47,Starchy Foods,2018,OUT027,Tier 3,Medium,Supermarket Type3,0.128791854,12.6,208.661,4,5,16.20141286
Regular,FDB35,Starchy Foods,2018,OUT027,Tier 3,Medium,Supermarket Type3,0.064750025,12.6,90.2146,4,5,13.93275138
Low Fat,FDA34,Starchy Foods,2018,OUT027,Tier 3,Medium,Supermarket Type3,0.014788594,12.6,190.35,4,5,128.7140617
Low Fat,FDG47,Starchy Foods,2018,OUT027,Tier 3,Medium,Supermarket Type3,0.06961884,12.6,174.205,4,5,25.02268064
Regular,FDB35,Starchy Foods,2018,OUT027,Tier 3,Medium,Supermarket Type3,0.064618976,12.6,230.735,4,5,35.70700347
Low Fat,FDH35,Starchy Foods,2018,OUT027,Tier 3,Medium,Supermarket Type3,0.10084386,12.6,214.885,4,5,21.30868453
Low Fat,FDF35,Starchy Foods,2018,OUT027,Tier 3,Medium,Supermarket Type3,0.153861181,12.6,92.5488,4,5,6.015084468
Regular,FDE23,Starchy Foods,2018,OUT027,Tier 3,Medium,Supermarket Type3,0.053397642,12.6,140.25,4,5,26.26520474
Regular,FDF11,Starchy Foods,2018,OUT027,Tier 3,Medium,Supermarket Type3,0.017627888,12.6,126.27,4,5,71.6308159
Regular,FDF11,Starchy Foods,2018,OUT027,Tier 3,Medium,Supermarket Type3,0.017658634,12.6,92.712,4,5,52.5023623
Regular,FDE11,Starchy Foods,2018,OUT027,Tier 3,Medium,Supermarket Type3,0.135306012,12.6,118.912,4,5,8.788375198
Regular,FDH47,Starchy Foods,2018,OUT027,Tier 3,Medium,Supermarket Type3,0.128816212,12.6,113.283,4,5,8.794157058
Regular,FDE11,Starchy Foods,2018,OUT027,Tier 3,Medium,Supermarket Type3,0.06227604,12.6,170.442,4,5,27.36879224
Regular,FDD47,Starchy Foods,2018,OUT027,Tier 3,Medium,Supermarket Type3,0.142699588,12.6,151.671,4,5,10.62869221
Low Fat,FDF35,Starchy Foods,2018,OUT027,Tier 3,Medium,Supermarket Type3,0.153960209,12.6,147.476,4,5,9.578838647
Regular,FDE11,Starchy Foods,2018,OUT027,Tier 3,Medium,Supermarket Type3,0.226122963,12.6,259.796,4,5,11.48914717
Regular,FDB35,Starchy Foods,2018,OUT027,Tier 3,Medium,Supermarket Type3,0.064882207,12.6,147.476,4,5,22.72980634
Regular,FDF11,Starchy Foods,2018,OUT027,Tier 3,Medium,Supermarket Type3,0.017703044,12.6,142.047,4,5,80.23874312
Low Fat,FDC35,Starchy Foods,2018,OUT027,Tier 3,Medium,Supermarket Type3,0.122242847,12.6,169.282,4,5,13.84800863
Regular,FDG35,Starchy Foods,2018,OUT027,Tier 3,Medium,Supermarket Type3,0.06227604,12.6,184.495,4,5,29.62535832
Low Fat,FDB11,Starchy Foods,2018,OUT027,Tier 3,Medium,Supermarket Type3,0.061192211,12.6,195.111,4,5,31.88494039
Low Fat,FDB11,Starchy Foods,2018,OUT027,Tier 3,Medium,Supermarket Type3,0.060971431,12.6,188.39,4,5,30.89807749
Low Fat,FDE47,Starchy Foods,2018,OUT027,Tier 3,Medium,Supermarket Type3,0.038123176,12.6,146.708,4,5,38.482628
Low Fat,FDH35,Starchy Foods,2018,OUT027,Tier 3,Medium,Supermarket Type3,0.060589424,12.6,190.053,4,5,31.36735546
Regular,FDH47,Starchy Foods,2018,OUT027,Tier 3,Medium,Supermarket Type3,0.129077455,12.6,106.094,4,5,8.219405937
Regular,FDD47,Starchy Foods,2018,OUT027,Tier 3,Medium,Supermarket Type3,0.142383847,12.6,141.715,4,5,9.953025079
Low Fat,FDC35,Starchy Foods,2018,OUT027,Tier 3,Medium,Supermarket Type3,0.205605116,12.6,197.077,4,5,9.585218687
Low Fat,FDE59,Starchy Foods,2018,OUT027,Tier 3,Medium,Supermarket Type3,0.062235983,12.6,37.319,4,5,5.996370299
Low Fat,FDC23,Starchy Foods,2018,OUT027,Tier 3,Medium,Supermarket Type3,0.017979145,12.6,242.849,4,5,135.0726077
Regular,FDD23,Starchy Foods,2018,OUT027,Tier 3,Medium,Supermarket Type3,0.048883854,12.6,160.924,4,5,32.919663
Low Fat,FDD35,Starchy Foods,2018,OUT027,Tier 3,Medium,Supermarket Type3,0.02573918,12.6,189.053,4,5,73.44950383
Regular,FDE35,Starchy Foods,2018,OUT027,Tier 3,Medium,Supermarket Type3,0.06227604,12.6,40.9138,4,5,6.569749779
Low Fat,FDB11,Starchy Foods,2018,OUT027,Tier 3,Medium,Supermarket Type3,0.060797393,12.6,167.516,4,5,27.55315512
Low Fat,FDE59,Starchy Foods,2018,OUT027,Tier 3,Medium,Supermarket Type3,0.062384659,12.6,254.704,4,5,40.82798625
Low Fat,FDE47,Starchy Foods,2018,OUT027,Tier 3,Medium,Supermarket Type3,0.037967687,12.6,37.6164,4,5,9.907477377
Low Fat,FDH35,Starchy Foods,2018,OUT027,Tier 3,Medium,Supermarket Type3,0.060342304,12.6,164.121,4,5,27.1983317
Low Fat,FDG59,Starchy Foods,2018,OUT027,Tier 3,Medium,Supermarket Type3,0.043234574,12.6,241.054,4,5,55.75491504
Regular,FDE23,Starchy Foods,2018,OUT027,Tier 3,Medium,Supermarket Type3,0.06227604,12.6,195.711,4,5,31.426372
Low Fat,FDD11,Starchy Foods,2018,OUT027,Tier 3,Medium,Supermarket Type3,0.030789914,12.6,88.383,4,5,28.70517923
Regular,FDF11,Starchy Foods,2018,OUT027,Tier 3,Medium,Supermarket Type3,0.017730951,12.6,77.0644,4,5,43.46320736
Regular,FDE23,Starchy Foods,2018,OUT027,Tier 3,Medium,Supermarket Type3,0.053481818,12.6,164.95,4,5,30.84225746
Regular,FDE11,Starchy Foods,2018,OUT027,Tier 3,Medium,Supermarket Type3,0.06227604,12.6,84.5908,4,5,13.5832015
Low Fat,FDD35,Starchy Foods,2018,OUT027,Tier 3,Medium,Supermarket Type3,0.025842905,12.6,222.509,4,5,86.10061446
Regular,FDH47,Starchy Foods,2018,OUT027,Tier 3,Medium,Supermarket Type3,0.128709014,12.6,47.7402,4,5,3.709157464
Regular,FDE35,Starchy Foods,2018,OUT027,Tier 3,Medium,Supermarket Type3,0.043863865,12.6,102.933,4,5,23.46646836
Regular,FDB23,Starchy Foods,2018,OUT027,Tier 3,Medium,Supermarket Type3,0.005561538,12.6,54.5614,4,5,98.10487674
Regular,FDE11,Starchy Foods,2018,OUT027,Tier 3,Medium,Supermarket Type3,0.134441765,12.6,183.029,4,5,13.6139986
Low Fat,FDF59,Starchy Foods,2018,OUT027,Tier 3,Medium,Supermarket Type3,0.06227604,12.6,58.4904,4,5,9.392119345
Low Fat,FDF35,Starchy Foods,2018,OUT027,Tier 3,Medium,Supermarket Type3,0.154860353,12.6,55.264,4,5,3.56863451
Regular,FDE23,Starchy Foods,2018,OUT027,Tier 3,Medium,Supermarket Type3,0.053288857,12.6,41.2454,4,5,7.7399671
Low Fat,FDD35,Starchy Foods,2018,OUT027,Tier 3,Medium,Supermarket Type3,0.06227604,12.6,150.902,4,5,24.23114893
Low Fat,FDE59,Starchy Foods,2018,OUT027,Tier 3,Medium,Supermarket Type3,0.06227604,12.6,142.25,4,5,22.84185057
Low Fat,FDI35,Starchy Foods,2018,OUT027,Tier 3,Medium,Supermarket Type3,0.041283361,12.6,89.1172,4,5,21.58671141
Low Fat,FDC11,Starchy Foods,2018,OUT027,Tier 3,Medium,Supermarket Type3,0.142370445,12.6,109.523,4,5,7.692818548
Low Fat,FDA34,Starchy Foods,2018,OUT027,Tier 3,Medium,Supermarket Type3,0.014944614,12.6,79.796,4,5,53.39448714
Low Fat,FDE59,Starchy Foods,2018,OUT027,Tier 3,Medium,Supermarket Type3,0.062640143,12.6,86.4198,4,5,13.79623287
Low Fat,FDE47,Starchy Foods,2018,OUT027,Tier 3,Medium,Supermarket Type3,0.037901581,12.6,220.38,4,5,58.14533172
Regular,FDE35,Starchy Foods,2018,OUT027,Tier 3,Medium,Supermarket Type3,0.073480266,12.6,217.648,4,5,29.61992544
Regular,FDB23,Starchy Foods,2018,OUT027,Tier 3,Medium,Supermarket Type3,0.06227604,12.6,113.252,4,5,18.18548514
Regular,FDD47,Starchy Foods,2018,OUT027,Tier 3,Medium,Supermarket Type3,0.142292265,12.6,146.71,4,5,10.31046909
Low Fat,FDC35,Starchy Foods,2018,OUT027,Tier 3,Medium,Supermarket Type3,0.123338082,12.6,109.157,4,5,8.85022681
Regular,FDD59,Starchy Foods,2018,OUT027,Tier 3,Medium,Supermarket Type3,0.065860323,12.6,88.9514,4,5,13.50606799
Low Fat,FDH35,Starchy Foods,2018,OUT027,Tier 3,Medium,Supermarket Type3,0.06227604,12.6,183.361,4,5,29.44326582
Regular,FDB35,Starchy Foods,2018,OUT027,Tier 3,Medium,Supermarket Type3,0.064565202,12.6,254.936,4,5,39.48504645
Regular,FDE35,Starchy Foods,2018,OUT027,Tier 3,Medium,Supermarket Type3,0.043989429,12.6,196.479,4,5,44.66504896
Low Fat,FDZ34,Starchy Foods,2018,OUT027,Tier 3,Medium,Supermarket Type3,0.075864171,12.6,120.744,4,5,15.91581354
Low Fat,FDA22,Starchy Foods,2018,OUT027,Tier 3,Medium,Supermarket Type3,0.084436394,12.6,119.078,4,5,14.10268657
Low Fat,FDG47,Starchy Foods,2018,OUT027,Tier 3,Medium,Supermarket Type3,0.069605676,12.6,193.379,4,5,27.7820734
Low Fat,FDA34,Starchy Foods,2018,OUT027,Tier 3,Medium,Supermarket Type3,0.014921093,12.6,263.991,4,5,176.9247065
Low Fat,FDG47,Starchy Foods,2018,OUT027,Tier 3,Medium,Supermarket Type3,0.069902438,12.6,155.963,4,5,22.3115251
Low Fat,FDF59,Starchy Foods,2018,OUT027,Tier 3,Medium,Supermarket Type3,0.071354774,12.6,210.524,4,5,29.50384231
Low Fat,FDD11,Starchy Foods,2018,OUT027,Tier 3,Medium,Supermarket Type3,0.06227604,12.6,123.176,4,5,19.7790354
Regular,FDC59,Starchy Foods,2018,OUT027,Tier 3,Medium,Supermarket Type3,0.06227604,12.6,259.796,4,5,41.71684648
Regular,FDC59,Starchy Foods,2018,OUT027,Tier 3,Medium,Supermarket Type3,0.054851438,12.6,246.249,4,5,44.89380935
Low Fat,FDG47,Starchy Foods,2018,OUT027,Tier 3,Medium,Supermarket Type3,0.070012633,12.6,60.2194,4,5,8.601219154
Regular,FDC59,Starchy Foods,2018,OUT027,Tier 3,Medium,Supermarket Type3,0.054618573,12.6,199.343,4,5,36.49729186
Regular,FDD23,Starchy Foods,2018,OUT027,Tier 3,Medium,Supermarket Type3,0.048676324,12.6,228.601,4,5,46.96348886
Low Fat,FDF59,Starchy Foods,2018,OUT027,Tier 3,Medium,Supermarket Type3,0.071534226,12.6,190.485,4,5,26.62851206
Low Fat,FDI35,Starchy Foods,2018,OUT027,Tier 3,Medium,Supermarket Type3,0.041291169,12.6,145.276,4,5,35.18331002
Low Fat,FDZ34,Starchy Foods,2018,OUT027,Tier 3,Medium,Supermarket Type3,0.06227604,12.6,189.121,4,5,30.36818012
Low Fat,FDF35,Starchy Foods,2018,OUT027,Tier 3,Medium,Supermarket Type3,0.154228739,12.6,34.9558,4,5,2.266490683
Low Fat,FDF47,Starchy Foods,2018,OUT027,Tier 3,Medium,Supermarket Type3,0.097618234,12.6,163.153,4,5,16.71337345
Low Fat,FDF47,Starchy Foods,2018,OUT027,Tier 3,Medium,Supermarket Type3,0.097770004,12.6,193.548,4,5,19.79625571
Low Fat,FDZ34,Starchy Foods,2018,OUT027,Tier 3,Medium,Supermarket Type3,0.075878519,12.6,122.907,4,5,16.19786491
Low Fat,FDE59,Starchy Foods,2018,OUT027,Tier 3,Medium,Supermarket Type3,0.104257037,12.6,188.353,4,5,18.06621456
Low Fat,FDH35,Starchy Foods,2018,OUT027,Tier 3,Medium,Supermarket Type3,0.059956876,12.6,180.398,4,5,30.08795855
Low Fat,FDB11,Starchy Foods,2018,OUT027,Tier 3,Medium,Supermarket Type3,0.060836524,12.6,187.256,4,5,30.78019382
Low Fat,FDG59,Starchy Foods,2018,OUT027,Tier 3,Medium,Supermarket Type3,0.043479126,12.6,145.479,4,5,33.45950422
Low Fat,FDC11,Starchy Foods,2018,OUT027,Tier 3,Medium,Supermarket Type3,0.141106202,12.6,122.839,4,5,8.705428837
Low Fat,FDC35,Starchy Foods,2018,OUT027,Tier 3,Medium,Supermarket Type3,0.123086812,12.6,115.983,4,5,9.422861647
Regular,FDD59,Starchy Foods,2018,OUT027,Tier 3,Medium,Supermarket Type3,0.066315023,12.6,131.497,4,5,19.82914188
Low Fat,FDA34,Starchy Foods,2018,OUT027,Tier 3,Medium,Supermarket Type3,0.014883661,12.6,158.195,4,5,106.2876936
Low Fat,FDI35,Starchy Foods,2018,OUT027,Tier 3,Medium,Supermarket Type3,0.041355366,12.6,58.0246,4,5,14.03073062
Regular,FDE35,Starchy Foods,2018,OUT027,Tier 3,Medium,Supermarket Type3,0.043968652,12.6,122.11,4,5,27.77205906
Regular,FDD23,Starchy Foods,2018,OUT027,Tier 3,Medium,Supermarket Type3,0.048761223,12.6,90.5514,4,5,18.57037097
Regular,FDH47,Starchy Foods,2018,OUT027,Tier 3,Medium,Supermarket Type3,0.129016487,12.6,199.574,4,5,15.46887569
Regular,FDB23,Starchy Foods,2018,OUT027,Tier 3,Medium,Supermarket Type3,0.00978492,12.6,207.164,4,5,211.7176226
Low Fat,FDC11,Starchy Foods,2018,OUT027,Tier 3,Medium,Supermarket Type3,0.141792841,12.6,141.584,4,5,9.9852714
Low Fat,FDC35,Starchy Foods,2018,OUT027,Tier 3,Medium,Supermarket Type3,0.122837694,12.6,194.711,4,5,15.85107907
Regular,FDD47,Starchy Foods,2018,OUT027,Tier 3,Medium,Supermarket Type3,0.142410775,12.6,151.837,4,5,10.66190392
Regular,FDD59,Starchy Foods,2018,OUT027,Tier 3,Medium,Supermarket Type3,0.06227604,12.6,158.795,4,5,25.49857056
Low Fat,FDD35,Starchy Foods,2018,OUT027,Tier 3,Medium,Supermarket Type3,0.025916883,12.6,72.5038,4,5,27.97550925
Low Fat,FDD11,Starchy Foods,2018,OUT027,Tier 3,Medium,Supermarket Type3,0.030678825,12.6,46.3376,4,5,15.10409867
Low Fat,FDF35,Starchy Foods,2018,OUT027,Tier 3,Medium,Supermarket Type3,0.154301621,12.6,154.531,4,5,10.01486562
Low Fat,FDG59,Starchy Foods,2018,OUT027,Tier 3,Medium,Supermarket Type3,0.043322254,12.6,44.4744,4,5,10.26594784
Low Fat,FDD35,Starchy Foods,2018,OUT027,Tier 3,Medium,Supermarket Type3,0.026010729,12.6,111.12,4,5,42.72083262
Low Fat,FDF47,Starchy Foods,2018,OUT027,Tier 3,Medium,Supermarket Type3,0.098170402,12.6,37.919,4,5,3.862569494
Regular,FDF11,Starchy Foods,2018,OUT027,Tier 3,Medium,Supermarket Type3,0.017666978,12.6,112.152,4,5,63.48114545
Regular,FDC59,Starchy Foods,2018,OUT027,Tier 3,Medium,Supermarket Type3,0.054739692,12.6,146.21,4,5,26.71005164
Regular,FDD59,Starchy Foods,2018,OUT027,Tier 3,Medium,Supermarket Type3,0.066555152,12.6,102.402,4,5,15.38603653
Regular,FDB35,Starchy Foods,2018,OUT027,Tier 3,Medium,Supermarket Type3,0.064984487,12.6,170.713,4,5,26.26980805
Regular,FDC59,Starchy Foods,2018,OUT027,Tier 3,Medium,Supermarket Type3,0.054937907,12.6,188.187,4,5,34.25449026
Low Fat,FDF59,Starchy Foods,2018,OUT027,Tier 3,Medium,Supermarket Type3,0.071230537,12.6,109.954,4,5,15.43635702
Regular,FDE23,Starchy Foods,2018,OUT027,Tier 3,Medium,Supermarket Type3,0.053170949,12.6,51.3008,4,5,9.648276167
Regular,FDD47,Starchy Foods,2018,OUT027,Tier 3,Medium,Supermarket Type3,0.238366442,12.6,112.152,4,5,4.705024711
Regular,FDH47,Starchy Foods,2018,OUT027,Tier 3,Medium,Supermarket Type3,0.21561193,12.6,54.1956,4,5,2.513571489
Regular,FDC59,Starchy Foods,2018,OUT027,Tier 3,Medium,Supermarket Type3,0.091437584,12.6,45.3402,4,5,4.958595581
Low Fat,FDC35,Starchy Foods,2018,OUT027,Tier 3,Medium,Supermarket Type3,0.122735471,12.6,149.871,4,5,12.21089541
Low Fat,FDA34,Starchy Foods,2018,OUT027,Tier 3,Medium,Supermarket Type3,0.01484819,12.6,188.79,4,5,127.1468105
Low Fat,FDG47,Starchy Foods,2018,OUT027,Tier 3,Medium,Supermarket Type3,0.069560905,12.6,57.5562,4,5,8.274216674
Low Fat,FDD11,Starchy Foods,2018,OUT027,Tier 3,Medium,Supermarket Type3,0.030591255,12.6,96.4068,4,5,31.51449654
Low Fat,FDH35,Starchy Foods,2018,OUT027,Tier 3,Medium,Supermarket Type3,0.060198496,12.6,159.026,4,5,26.41693905
Low Fat,FDC11,Starchy Foods,2018,OUT027,Tier 3,Medium,Supermarket Type3,0.141674844,12.6,42.9112,4,5,3.02885105
Low Fat,FDF47,Starchy Foods,2018,OUT027,Tier 3,Medium,Supermarket Type3,0.097536998,12.6,94.7436,4,5,9.713606318
Low Fat,FDE47,Starchy Foods,2018,OUT027,Tier 3,Medium,Supermarket Type3,0.037877202,12.6,149.173,4,5,39.38332087
Low Fat,FDE59,Starchy Foods,2018,OUT027,Tier 3,Medium,Supermarket Type3,0.062541552,12.6,78.9986,4,5,12.63137826
Low Fat,FDG59,Starchy Foods,2018,OUT027,Tier 3,Medium,Supermarket Type3,0.043410693,12.6,222.377,4,5,51.22631882
Regular,FDE11,Starchy Foods,2018,OUT027,Tier 3,Medium,Supermarket Type3,0.135646297,12.6,164.553,4,5,12.13103517
Regular,FDG35,Starchy Foods,2018,OUT027,Tier 3,Medium,Supermarket Type3,0.007069662,12.6,241.683,4,5,341.8593421
Low Fat,FDA22,Starchy Foods,2018,OUT027,Tier 3,Medium,Supermarket Type3,0.06227604,12.6,86.6198,4,5,13.90900899
Low Fat,FDD11,Starchy Foods,2018,OUT027,Tier 3,Medium,Supermarket Type3,0.03046847,12.6,97.8752,4,5,32.12343777
Low Fat,FDG59,Starchy Foods,2018,OUT027,Tier 3,Medium,Supermarket Type3,0.043025208,12.6,112.254,4,5,26.09028642